R0C16_S5,Atrial CM,0.80593485,0.19406517
R0C16_S5.1,Atrial CM,0.80593485,0.19406517
R0C2_S1,Atrial CM,0.775497,0.22450297
R0C2_S1.1,Atrial CM,0.775497,0.22450297
R0C3_S2,Atrial CM,0.56645316,0.43354687
R0C3_S2.1,Atrial CM,0.56645316,0.43354687
R0C4_S3,Atrial CM,0.78873163,0.21126835
R0C4_S3.1,Atrial CM,0.78873163,0.21126835
R0C48_S10,Atrial CM,0.7301564,0.26984352
R0C48_S10.1,Atrial CM,0.7301564,0.26984352
R0C60_S11,Atrial CM,0.8168343,0.18316567
R0C60_S11.1,Atrial CM,0.8168343,0.18316567
R0C61_S12,Atrial CM,0.5348645,0.46513554
R0C61_S12.1,Atrial CM,0.5348645,0.46513554
R0C62_S13,Atrial CM,0.76344615,0.23655386
R0C62_S13.1,Atrial CM,0.76344615,0.23655386
R0C65_S14,Atrial CM,0.71916485,0.2808351
R0C65_S14.1,Atrial CM,0.71916485,0.2808351
R0C69_S15,Atrial CM,0.73012465,0.26987535
R0C69_S15.1,Atrial CM,0.73012465,0.26987535
R10C1_S178,Ventricular CM,0.4213678,0.5786322
R10C1_S178.1,Ventricular CM,0.4213678,0.5786322
R10C24_S182,Ventricular CM,0.47601217,0.5239878
R10C24_S182.1,Ventricular CM,0.47601217,0.5239878
R10C27_S183,Ventricular CM,0.14548476,0.85451525
R10C27_S183.1,Ventricular CM,0.14548476,0.85451525
R10C28_S184,Atrial CM,0.7970819,0.20291811
R10C28_S184.1,Atrial CM,0.7970819,0.20291811
R10C31_S185,Atrial CM,0.60216403,0.39783597
R10C31_S185.1,Atrial CM,0.60216403,0.39783597
R10C33_S186,Atrial CM,0.6924723,0.30752772
R10C33_S186.1,Atrial CM,0.6924723,0.30752772
R10C37_S187,Atrial CM,0.5382572,0.46174285
R10C37_S187.1,Atrial CM,0.5382572,0.46174285
R10C39_S188,Atrial CM,0.68237895,0.31762105
R10C39_S188.1,Atrial CM,0.68237895,0.31762105
R10C46_S190,Atrial CM,0.7454927,0.2545073
R10C46_S190.1,Atrial CM,0.7454927,0.2545073
R10C47_S191,Ventricular CM,0.30075833,0.6992417
R10C47_S191.1,Ventricular CM,0.30075833,0.6992417
R10C54_S193,Ventricular CM,0.42058614,0.5794139
R10C54_S193.1,Ventricular CM,0.42058614,0.5794139
R10C56_S194,Ventricular CM,0.4545893,0.5454107
R10C56_S194.1,Ventricular CM,0.4545893,0.5454107
R10C58_S195,Atrial CM,0.8258489,0.17415114
R10C58_S195.1,Atrial CM,0.8258489,0.17415114
R10C62_S196,Atrial CM,0.58962625,0.41037375
R10C62_S196.1,Atrial CM,0.58962625,0.41037375
R10C63_S197,Atrial CM,0.50678813,0.4932118
R10C63_S197.1,Atrial CM,0.50678813,0.4932118
R10C71_S198,Ventricular CM,0.413593,0.586407
R10C71_S198.1,Ventricular CM,0.413593,0.586407
R11C0_S199,Atrial CM,0.5711821,0.42881793
R11C0_S199.1,Atrial CM,0.5711821,0.42881793
R11C12_S202,Atrial CM,0.6816971,0.318303
R11C12_S202.1,Atrial CM,0.6816971,0.318303
R11C19_S203,Ventricular CM,0.38577166,0.6142283
R11C19_S203.1,Ventricular CM,0.38577166,0.6142283
R11C20_S204,Ventricular CM,0.04117536,0.95882463
R11C20_S204.1,Ventricular CM,0.04117536,0.95882463
R11C21_S205,Atrial CM,0.6970709,0.3029291
R11C21_S205.1,Atrial CM,0.6970709,0.3029291
R11C3_S200,Atrial CM,0.7327002,0.26729974
R11C3_S200.1,Atrial CM,0.7327002,0.26729974
R11C32_S206,Atrial CM,0.79535353,0.20464645
R11C32_S206.1,Atrial CM,0.79535353,0.20464645
R11C45_S208,Atrial CM,0.82138,0.17861994
R11C45_S208.1,Atrial CM,0.82138,0.17861994
R11C46_S209,Ventricular CM,0.4559651,0.5440349
R11C46_S209.1,Ventricular CM,0.4559651,0.5440349
R11C47_S210,Ventricular CM,0.11765154,0.8823485
R11C47_S210.1,Ventricular CM,0.11765154,0.8823485
R11C48_S211,Atrial CM,0.79763895,0.20236102
R11C48_S211.1,Atrial CM,0.79763895,0.20236102
R11C57_S212,Ventricular CM,0.2613037,0.7386963
R11C57_S212.1,Ventricular CM,0.2613037,0.7386963
R11C58_S213,Ventricular CM,0.23501563,0.7649844
R11C58_S213.1,Ventricular CM,0.23501563,0.7649844
R11C61_S214,Ventricular CM,0.47835597,0.52164406
R11C61_S214.1,Ventricular CM,0.47835597,0.52164406
R11C69_S218,Atrial CM,0.74598557,0.2540144
R11C69_S218.1,Atrial CM,0.74598557,0.2540144
R11C70_S219,Ventricular CM,0.3784679,0.62153214
R11C70_S219.1,Ventricular CM,0.3784679,0.62153214
R12C14_S223,Ventricular CM,0.38053948,0.6194605
R12C14_S223.1,Ventricular CM,0.38053948,0.6194605
R12C16_S224,Ventricular CM,0.43881503,0.56118494
R12C16_S224.1,Ventricular CM,0.43881503,0.56118494
R12C17_S225,Atrial CM,0.8267586,0.17324139
R12C17_S225.1,Atrial CM,0.8267586,0.17324139
R12C18_S226,Atrial CM,0.66472524,0.3352748
R12C18_S226.1,Atrial CM,0.66472524,0.3352748
R12C2_S220,Atrial CM,0.7149081,0.28509188
R12C2_S220.1,Atrial CM,0.7149081,0.28509188
R12C34_S227,Atrial CM,0.61575526,0.38424474
R12C34_S227.1,Atrial CM,0.61575526,0.38424474
R12C36_S228,Atrial CM,0.72034675,0.27965322
R12C36_S228.1,Atrial CM,0.72034675,0.27965322
R12C44_S229,Ventricular CM,0.33514568,0.66485435
R12C44_S229.1,Ventricular CM,0.33514568,0.66485435
R12C46_S230,Ventricular CM,0.36434487,0.6356551
R12C46_S230.1,Ventricular CM,0.36434487,0.6356551
R12C6_S221,Ventricular CM,0.4168718,0.5831282
R12C6_S221.1,Ventricular CM,0.4168718,0.5831282
R12C61_S232,Atrial CM,0.8537978,0.14620218
R12C61_S232.1,Atrial CM,0.8537978,0.14620218
R13C13_S236,Atrial CM,0.70718026,0.2928198
R13C13_S236.1,Atrial CM,0.70718026,0.2928198
R13C15_S238,Atrial CM,0.7519447,0.24805532
R13C15_S238.1,Atrial CM,0.7519447,0.24805532
R13C20_S239,Ventricular CM,0.3665807,0.63341933
R13C20_S239.1,Ventricular CM,0.3665807,0.63341933
R13C28_S243,Atrial CM,0.794478,0.205522
R13C28_S243.1,Atrial CM,0.794478,0.205522
R13C3_S234,Atrial CM,0.6269328,0.3730672
R13C3_S234.1,Atrial CM,0.6269328,0.3730672
R13C39_S247,Ventricular CM,0.43849197,0.561508
R13C39_S247.1,Ventricular CM,0.43849197,0.561508
R13C40_S248,Ventricular CM,0.19124718,0.8087529
R13C40_S248.1,Ventricular CM,0.19124718,0.8087529
R13C42_S250,Ventricular CM,0.42915195,0.57084805
R13C42_S250.1,Ventricular CM,0.42915195,0.57084805
R13C46_S252,Ventricular CM,0.139568,0.860432
R13C46_S252.1,Ventricular CM,0.139568,0.860432
R13C49_S253,Atrial CM,0.5954893,0.40451068
R13C49_S253.1,Atrial CM,0.5954893,0.40451068
R13C51_S255,Atrial CM,0.83313185,0.16686817
R13C51_S255.1,Atrial CM,0.83313185,0.16686817
R13C53_S256,Atrial CM,0.603178,0.39682195
R13C53_S256.1,Atrial CM,0.603178,0.39682195
R13C63_S259,Atrial CM,0.5833115,0.4166885
R13C63_S259.1,Atrial CM,0.5833115,0.4166885
R14C12_S261,Ventricular CM,0.25205803,0.747942
R14C12_S261.1,Ventricular CM,0.25205803,0.747942
R14C17_S262,Atrial CM,0.88434654,0.115653425
R14C17_S262.1,Atrial CM,0.88434654,0.115653425
R14C18_S263,Ventricular CM,0.173739,0.826261
R14C18_S263.1,Ventricular CM,0.173739,0.826261
R14C31_S265,Atrial CM,0.7954582,0.20454182
R14C31_S265.1,Atrial CM,0.7954582,0.20454182
R14C34_S266,Ventricular CM,0.37675422,0.6232458
R14C34_S266.1,Ventricular CM,0.37675422,0.6232458
R14C37_S267,Ventricular CM,0.46103618,0.5389638
R14C37_S267.1,Ventricular CM,0.46103618,0.5389638
R14C47_S268,Atrial CM,0.5570087,0.44299132
R14C47_S268.1,Atrial CM,0.5570087,0.44299132
R14C49_S270,Atrial CM,0.7720148,0.22798514
R14C49_S270.1,Atrial CM,0.7720148,0.22798514
R14C52_S271,Atrial CM,0.64832664,0.3516734
R14C52_S271.1,Atrial CM,0.64832664,0.3516734
R14C54_S272,Atrial CM,0.71973896,0.28026098
R14C54_S272.1,Atrial CM,0.71973896,0.28026098
R14C55_S273,Ventricular CM,0.18765095,0.8123491
R14C55_S273.1,Ventricular CM,0.18765095,0.8123491
R14C59_S274,Ventricular CM,0.26678416,0.7332158
R14C59_S274.1,Ventricular CM,0.26678416,0.7332158
R14C64_S275,Atrial CM,0.8886307,0.11136934
R14C64_S275.1,Atrial CM,0.8886307,0.11136934
R15C1_S277,Atrial CM,0.560962,0.439038
R15C1_S277.1,Atrial CM,0.560962,0.439038
R15C12_S278,Atrial CM,0.5668629,0.43313712
R15C12_S278.1,Atrial CM,0.5668629,0.43313712
R15C16_S279,Atrial CM,0.6148458,0.38515425
R15C16_S279.1,Atrial CM,0.6148458,0.38515425
R15C51_S282,Atrial CM,0.8499043,0.15009575
R15C51_S282.1,Atrial CM,0.8499043,0.15009575
R15C57_S283,Atrial CM,0.5446056,0.45539436
R15C57_S283.1,Atrial CM,0.5446056,0.45539436
R15C58_S284,Atrial CM,0.7467762,0.25322378
R15C58_S284.1,Atrial CM,0.7467762,0.25322378
R15C63_S285,Ventricular CM,0.30373478,0.6962653
R15C63_S285.1,Ventricular CM,0.30373478,0.6962653
R15C64_S286,Atrial CM,0.8457444,0.15425563
R15C64_S286.1,Atrial CM,0.8457444,0.15425563
R15C65_S287,Ventricular CM,0.44259405,0.55740595
R15C65_S287.1,Ventricular CM,0.44259405,0.55740595
R15C66_S288,Atrial CM,0.67519885,0.32480112
R15C66_S288.1,Atrial CM,0.67519885,0.32480112
R16C15_S290,Atrial CM,0.6406219,0.3593781
R16C15_S290.1,Atrial CM,0.6406219,0.3593781
R16C17_S291,Atrial CM,0.67126584,0.32873416
R16C17_S291.1,Atrial CM,0.67126584,0.32873416
R16C19_S292,Atrial CM,0.6327095,0.36729047
R16C19_S292.1,Atrial CM,0.6327095,0.36729047
R16C26_S293,Ventricular CM,0.4832004,0.5167996
R16C26_S293.1,Ventricular CM,0.4832004,0.5167996
R16C3_S289,Atrial CM,0.5680155,0.43198445
R16C3_S289.1,Atrial CM,0.5680155,0.43198445
R16C32_S294,Atrial CM,0.8130006,0.18699935
R16C32_S294.1,Atrial CM,0.8130006,0.18699935
R16C36_S296,Ventricular CM,0.22689968,0.77310026
R16C36_S296.1,Ventricular CM,0.22689968,0.77310026
R16C43_S297,Ventricular CM,0.084738195,0.9152618
R16C43_S297.1,Ventricular CM,0.084738195,0.9152618
R16C48_S298,Atrial CM,0.72721106,0.27278894
R16C48_S298.1,Atrial CM,0.72721106,0.27278894
R16C59_S300,Ventricular CM,0.18757734,0.81242263
R16C59_S300.1,Ventricular CM,0.18757734,0.81242263
R16C68_S301,Atrial CM,0.6043506,0.39564937
R16C68_S301.1,Atrial CM,0.6043506,0.39564937
R16C69_S302,Atrial CM,0.83733165,0.16266839
R16C69_S302.1,Atrial CM,0.83733165,0.16266839
R17C13_S306,Atrial CM,0.71464974,0.28535023
R17C13_S306.1,Atrial CM,0.71464974,0.28535023
R17C16_S307,Ventricular CM,0.2503958,0.74960417
R17C16_S307.1,Ventricular CM,0.2503958,0.74960417
R17C2_S304,Atrial CM,0.7083482,0.29165176
R17C2_S304.1,Atrial CM,0.7083482,0.29165176
R17C21_S308,Atrial CM,0.84637237,0.15362762
R17C21_S308.1,Atrial CM,0.84637237,0.15362762
R17C29_S309,Ventricular CM,0.29464674,0.7053533
R17C29_S309.1,Ventricular CM,0.29464674,0.7053533
R17C3_S305,Atrial CM,0.6754214,0.32457858
R17C3_S305.1,Atrial CM,0.6754214,0.32457858
R17C33_S311,Ventricular CM,0.43171814,0.5682819
R17C33_S311.1,Ventricular CM,0.43171814,0.5682819
R17C34_S312,Atrial CM,0.63131523,0.36868477
R17C34_S312.1,Atrial CM,0.63131523,0.36868477
R17C36_S313,Atrial CM,0.7805208,0.21947917
R17C36_S313.1,Atrial CM,0.7805208,0.21947917
R17C37_S314,Atrial CM,0.69201857,0.30798146
R17C37_S314.1,Atrial CM,0.69201857,0.30798146
R17C41_S315,Atrial CM,0.91811734,0.08188266
R17C41_S315.1,Atrial CM,0.91811734,0.08188266
R17C45_S316,Ventricular CM,0.32418132,0.6758187
R17C45_S316.1,Ventricular CM,0.32418132,0.6758187
R17C46_S317,Ventricular CM,0.26678035,0.7332196
R17C46_S317.1,Ventricular CM,0.26678035,0.7332196
R17C47_S318,Ventricular CM,0.22953965,0.7704603
R17C47_S318.1,Ventricular CM,0.22953965,0.7704603
R17C50_S319,Ventricular CM,0.30487397,0.69512606
R17C50_S319.1,Ventricular CM,0.30487397,0.69512606
R17C52_S320,Atrial CM,0.7745857,0.22541425
R17C52_S320.1,Atrial CM,0.7745857,0.22541425
R17C54_S321,Ventricular CM,0.41876784,0.58123213
R17C54_S321.1,Ventricular CM,0.41876784,0.58123213
R17C58_S322,Atrial CM,0.54062635,0.45937365
R17C58_S322.1,Atrial CM,0.54062635,0.45937365
R17C59_S323,Atrial CM,0.8298099,0.17019011
R17C59_S323.1,Atrial CM,0.8298099,0.17019011
R17C63_S324,Ventricular CM,0.19811681,0.80188316
R17C63_S324.1,Ventricular CM,0.19811681,0.80188316
R17C69_S325,Atrial CM,0.8259042,0.17409576
R17C69_S325.1,Atrial CM,0.8259042,0.17409576
R17C70_S326,Atrial CM,0.77857494,0.22142501
R17C70_S326.1,Atrial CM,0.77857494,0.22142501
R18C0_S327,Ventricular CM,0.3569056,0.64309436
R18C0_S327.1,Ventricular CM,0.3569056,0.64309436
R18C1_S328,Atrial CM,0.83407986,0.16592017
R18C1_S328.1,Atrial CM,0.83407986,0.16592017
R18C12_S330,Atrial CM,0.582963,0.41703704
R18C12_S330.1,Atrial CM,0.582963,0.41703704
R18C17_S331,Atrial CM,0.7830662,0.21693377
R18C17_S331.1,Atrial CM,0.7830662,0.21693377
R18C3_S329,Ventricular CM,0.32668665,0.6733134
R18C3_S329.1,Ventricular CM,0.32668665,0.6733134
R18C38_S332,Atrial CM,0.865168,0.13483207
R18C38_S332.1,Atrial CM,0.865168,0.13483207
R18C40_S333,Atrial CM,0.8411609,0.15883908
R18C40_S333.1,Atrial CM,0.8411609,0.15883908
R18C42_S334,Atrial CM,0.8175221,0.18247795
R18C42_S334.1,Atrial CM,0.8175221,0.18247795
R18C44_S335,Atrial CM,0.50140136,0.49859864
R18C44_S335.1,Atrial CM,0.50140136,0.49859864
R18C45_S336,Ventricular CM,0.41894257,0.5810574
R18C45_S336.1,Ventricular CM,0.41894257,0.5810574
R18C46_S337,Ventricular CM,0.42238322,0.5776168
R18C46_S337.1,Ventricular CM,0.42238322,0.5776168
R18C48_S338,Atrial CM,0.8406257,0.15937431
R18C48_S338.1,Atrial CM,0.8406257,0.15937431
R18C67_S340,Atrial CM,0.73761797,0.26238203
R18C67_S340.1,Atrial CM,0.73761797,0.26238203
R18C69_S342,Ventricular CM,0.24126615,0.7587338
R18C69_S342.1,Ventricular CM,0.24126615,0.7587338
R19C10_S345,Atrial CM,0.7644911,0.23550889
R19C10_S345.1,Atrial CM,0.7644911,0.23550889
R19C15_S346,Atrial CM,0.68891627,0.31108373
R19C15_S346.1,Atrial CM,0.68891627,0.31108373
R19C17_S347,Ventricular CM,0.43583146,0.5641686
R19C17_S347.1,Ventricular CM,0.43583146,0.5641686
R19C18_S348,Atrial CM,0.6277081,0.37229186
R19C18_S348.1,Atrial CM,0.6277081,0.37229186
R19C2_S343,Atrial CM,0.6854669,0.3145331
R19C2_S343.1,Atrial CM,0.6854669,0.3145331
R19C22_S350,Atrial CM,0.70405346,0.2959465
R19C22_S350.1,Atrial CM,0.70405346,0.2959465
R19C40_S352,Atrial CM,0.5336849,0.46631512
R19C40_S352.1,Atrial CM,0.5336849,0.46631512
R19C61_S355,Atrial CM,0.9069398,0.09306022
R19C61_S355.1,Atrial CM,0.9069398,0.09306022
R19C62_S356,Ventricular CM,0.49112675,0.5088733
R19C62_S356.1,Ventricular CM,0.49112675,0.5088733
R19C71_S358,Atrial CM,0.7830064,0.2169936
R19C71_S358.1,Atrial CM,0.7830064,0.2169936
R1C11_S21,Atrial CM,0.70937747,0.2906225
R1C11_S21.1,Atrial CM,0.70937747,0.2906225
R1C24_S23,Ventricular CM,0.19164458,0.8083554
R1C24_S23.1,Ventricular CM,0.19164458,0.8083554
R1C27_S24,Ventricular CM,0.21029167,0.7897083
R1C27_S24.1,Ventricular CM,0.21029167,0.7897083
R1C29_S25,Ventricular CM,0.47727323,0.52272683
R1C29_S25.1,Ventricular CM,0.47727323,0.52272683
R1C30_S26,Ventricular CM,0.19882731,0.8011727
R1C30_S26.1,Ventricular CM,0.19882731,0.8011727
R1C34_S27,Ventricular CM,0.18114102,0.8188589
R1C34_S27.1,Ventricular CM,0.18114102,0.8188589
R1C39_S29,Atrial CM,0.77851874,0.2214813
R1C39_S29.1,Atrial CM,0.77851874,0.2214813
R1C4_S16,Atrial CM,0.8057391,0.19426087
R1C4_S16.1,Atrial CM,0.8057391,0.19426087
R1C40_S30,Atrial CM,0.80144846,0.19855155
R1C40_S30.1,Atrial CM,0.80144846,0.19855155
R1C44_S31,Atrial CM,0.7500881,0.2499119
R1C44_S31.1,Atrial CM,0.7500881,0.2499119
R1C47_S32,Atrial CM,0.7691263,0.23087367
R1C47_S32.1,Atrial CM,0.7691263,0.23087367
R1C49_S33,Ventricular CM,0.465283,0.53471696
R1C49_S33.1,Ventricular CM,0.465283,0.53471696
R1C5_S17,Atrial CM,0.55044717,0.44955283
R1C5_S17.1,Atrial CM,0.55044717,0.44955283
R1C55_S34,Ventricular CM,0.15304719,0.84695286
R1C55_S34.1,Ventricular CM,0.15304719,0.84695286
R1C6_S18,Ventricular CM,0.34827998,0.65172005
R1C6_S18.1,Ventricular CM,0.34827998,0.65172005
R1C66_S35,Ventricular CM,0.41280758,0.5871924
R1C66_S35.1,Ventricular CM,0.41280758,0.5871924
R1C68_S36,Atrial CM,0.8495414,0.15045859
R1C68_S36.1,Atrial CM,0.8495414,0.15045859
R1C70_S37,Atrial CM,0.6010252,0.39897478
R1C70_S37.1,Atrial CM,0.6010252,0.39897478
R1C9_S20,Ventricular CM,0.29584336,0.70415664
R1C9_S20.1,Ventricular CM,0.29584336,0.70415664
R20C29_S359,Ventricular CM,0.49411565,0.5058843
R20C29_S359.1,Ventricular CM,0.49411565,0.5058843
R20C34_S360,Ventricular CM,0.24567999,0.75432
R20C34_S360.1,Ventricular CM,0.24567999,0.75432
R20C43_S361,Atrial CM,0.62831956,0.37168047
R20C43_S361.1,Atrial CM,0.62831956,0.37168047
R20C60_S362,Atrial CM,0.77831143,0.22168851
R20C60_S362.1,Atrial CM,0.77831143,0.22168851
R20C61_S363,Ventricular CM,0.22958145,0.7704185
R20C61_S363.1,Ventricular CM,0.22958145,0.7704185
R21C16_S365,Atrial CM,0.7074691,0.2925309
R21C16_S365.1,Atrial CM,0.7074691,0.2925309
R21C24_S367,Atrial CM,0.574958,0.4250419
R21C24_S367.1,Atrial CM,0.574958,0.4250419
R21C27_S368,Ventricular CM,0.44478,0.55522
R21C27_S368.1,Ventricular CM,0.44478,0.55522
R21C34_S369,Atrial CM,0.76583815,0.23416188
R21C34_S369.1,Atrial CM,0.76583815,0.23416188
R21C37_S370,Ventricular CM,0.368764,0.63123596
R21C37_S370.1,Ventricular CM,0.368764,0.63123596
R21C40_S371,Atrial CM,0.64025426,0.35974574
R21C40_S371.1,Atrial CM,0.64025426,0.35974574
R21C46_S372,Atrial CM,0.73585415,0.26414588
R21C46_S372.1,Atrial CM,0.73585415,0.26414588
R21C47_S373,Atrial CM,0.8825816,0.11741844
R21C47_S373.1,Atrial CM,0.8825816,0.11741844
R21C48_S374,Atrial CM,0.7604459,0.23955405
R21C48_S374.1,Atrial CM,0.7604459,0.23955405
R21C5_S364,Atrial CM,0.7421952,0.25780484
R21C5_S364.1,Atrial CM,0.7421952,0.25780484
R22C10_S380,Atrial CM,0.5295129,0.4704871
R22C10_S380.1,Atrial CM,0.5295129,0.4704871
R22C11_S381,Atrial CM,0.57231575,0.42768428
R22C11_S381.1,Atrial CM,0.57231575,0.42768428
R22C15_S383,Atrial CM,0.5792158,0.42078415
R22C15_S383.1,Atrial CM,0.5792158,0.42078415
R22C17_S384,Atrial CM,0.7055401,0.29445988
R22C17_S384.1,Atrial CM,0.7055401,0.29445988
R22C28_S389,Ventricular CM,0.05816842,0.94183165
R22C28_S389.1,Ventricular CM,0.05816842,0.94183165
R22C37_S391,Ventricular CM,0.48552552,0.51447445
R22C37_S391.1,Ventricular CM,0.48552552,0.51447445
R22C42_S393,Atrial CM,0.6712196,0.32878038
R22C42_S393.1,Atrial CM,0.6712196,0.32878038
R22C47_S395,Ventricular CM,0.43590418,0.5640958
R22C47_S395.1,Ventricular CM,0.43590418,0.5640958
R22C52_S397,Ventricular CM,0.12680084,0.87319916
R22C52_S397.1,Ventricular CM,0.12680084,0.87319916
R22C60_S399,Ventricular CM,0.34505492,0.654945
R22C60_S399.1,Ventricular CM,0.34505492,0.654945
R22C64_S401,Ventricular CM,0.41605774,0.5839423
R22C64_S401.1,Ventricular CM,0.41605774,0.5839423
R22C65_S402,Ventricular CM,0.33987093,0.6601291
R22C65_S402.1,Ventricular CM,0.33987093,0.6601291
R22C70_S404,Atrial CM,0.50107217,0.49892783
R22C70_S404.1,Atrial CM,0.50107217,0.49892783
R22C71_S405,Atrial CM,0.8408015,0.15919855
R22C71_S405.1,Atrial CM,0.8408015,0.15919855
R23C11_S406,Ventricular CM,0.29001385,0.70998615
R23C11_S406.1,Ventricular CM,0.29001385,0.70998615
R23C15_S407,Atrial CM,0.60972905,0.39027098
R23C15_S407.1,Atrial CM,0.60972905,0.39027098
R23C16_S408,Atrial CM,0.6091042,0.39089575
R23C16_S408.1,Atrial CM,0.6091042,0.39089575
R23C18_S409,Ventricular CM,0.012859655,0.98714036
R23C18_S409.1,Ventricular CM,0.012859655,0.98714036
R23C33_S410,Atrial CM,0.74068093,0.25931907
R23C33_S410.1,Atrial CM,0.74068093,0.25931907
R23C38_S412,Atrial CM,0.8608457,0.13915429
R23C38_S412.1,Atrial CM,0.8608457,0.13915429
R23C42_S413,Atrial CM,0.6824873,0.3175127
R23C42_S413.1,Atrial CM,0.6824873,0.3175127
R23C43_S414,Atrial CM,0.70270276,0.29729718
R23C43_S414.1,Atrial CM,0.70270276,0.29729718
R23C46_S415,Atrial CM,0.7286598,0.2713402
R23C46_S415.1,Atrial CM,0.7286598,0.2713402
R23C50_S416,Atrial CM,0.7599456,0.24005447
R23C50_S416.1,Atrial CM,0.7599456,0.24005447
R23C53_S417,Atrial CM,0.6675445,0.33245555
R23C53_S417.1,Atrial CM,0.6675445,0.33245555
R23C58_S418,Ventricular CM,0.4097352,0.5902648
R23C58_S418.1,Ventricular CM,0.4097352,0.5902648
R23C62_S419,Ventricular CM,0.34113064,0.6588694
R23C62_S419.1,Ventricular CM,0.34113064,0.6588694
R23C66_S420,Atrial CM,0.8011867,0.1988133
R23C66_S420.1,Atrial CM,0.8011867,0.1988133
R23C67_S421,Atrial CM,0.7785285,0.22147147
R23C67_S421.1,Atrial CM,0.7785285,0.22147147
R24C12_S428,Ventricular CM,0.060193583,0.93980646
R24C12_S428.1,Ventricular CM,0.060193583,0.93980646
R24C15_S429,Atrial CM,0.6633665,0.33663344
R24C15_S429.1,Atrial CM,0.6633665,0.33663344
R24C16_S430,Atrial CM,0.8308995,0.16910055
R24C16_S430.1,Atrial CM,0.8308995,0.16910055
R24C18_S431,Atrial CM,0.7684154,0.23158458
R24C18_S431.1,Atrial CM,0.7684154,0.23158458
R24C19_S432,Ventricular CM,0.08159664,0.9184033
R24C19_S432.1,Ventricular CM,0.08159664,0.9184033
R24C2_S424,Ventricular CM,0.45974216,0.5402579
R24C2_S424.1,Ventricular CM,0.45974216,0.5402579
R24C22_S433,Ventricular CM,0.3934184,0.60658157
R24C22_S433.1,Ventricular CM,0.3934184,0.60658157
R24C3_S425,Ventricular CM,0.30001596,0.6999841
R24C3_S425.1,Ventricular CM,0.30001596,0.6999841
R24C45_S434,Atrial CM,0.863405,0.13659504
R24C45_S434.1,Atrial CM,0.863405,0.13659504
R24C51_S435,Atrial CM,0.81411743,0.18588257
R24C51_S435.1,Atrial CM,0.81411743,0.18588257
R24C54_S436,Atrial CM,0.7251727,0.27482724
R24C54_S436.1,Atrial CM,0.7251727,0.27482724
R24C6_S426,Ventricular CM,0.47027218,0.5297278
R24C6_S426.1,Ventricular CM,0.47027218,0.5297278
R24C64_S437,Ventricular CM,0.37995693,0.6200431
R24C64_S437.1,Ventricular CM,0.37995693,0.6200431
R24C8_S427,Ventricular CM,0.35051867,0.64948136
R24C8_S427.1,Ventricular CM,0.35051867,0.64948136
R25C10_S442,Atrial CM,0.6688637,0.33113632
R25C10_S442.1,Atrial CM,0.6688637,0.33113632
R25C13_S443,Atrial CM,0.5234409,0.4765591
R25C13_S443.1,Atrial CM,0.5234409,0.4765591
R25C14_S444,Ventricular CM,0.44101894,0.5589811
R25C14_S444.1,Ventricular CM,0.44101894,0.5589811
R25C2_S438,Atrial CM,0.64008236,0.35991767
R25C2_S438.1,Atrial CM,0.64008236,0.35991767
R25C21_S445,Ventricular CM,0.06723895,0.932761
R25C21_S445.1,Ventricular CM,0.06723895,0.932761
R25C28_S446,Atrial CM,0.7620267,0.23797324
R25C28_S446.1,Atrial CM,0.7620267,0.23797324
R25C3_S439,Atrial CM,0.71476597,0.28523406
R25C3_S439.1,Atrial CM,0.71476597,0.28523406
R25C36_S447,Ventricular CM,0.35351425,0.64648575
R25C36_S447.1,Ventricular CM,0.35351425,0.64648575
R25C37_S448,Atrial CM,0.78450453,0.21549544
R25C37_S448.1,Atrial CM,0.78450453,0.21549544
R25C38_S449,Atrial CM,0.5935664,0.40643355
R25C38_S449.1,Atrial CM,0.5935664,0.40643355
R25C55_S452,Atrial CM,0.9444028,0.05559723
R25C55_S452.1,Atrial CM,0.9444028,0.05559723
R25C60_S453,Atrial CM,0.59253293,0.40746707
R25C60_S453.1,Atrial CM,0.59253293,0.40746707
R25C68_S456,Atrial CM,0.81118214,0.18881792
R25C68_S456.1,Atrial CM,0.81118214,0.18881792
R25C8_S440,Ventricular CM,0.46385276,0.53614724
R25C8_S440.1,Ventricular CM,0.46385276,0.53614724
R25C9_S441,Atrial CM,0.6695829,0.3304171
R25C9_S441.1,Atrial CM,0.6695829,0.3304171
R26C12_S459,Ventricular CM,0.21385504,0.7861449
R26C12_S459.1,Ventricular CM,0.21385504,0.7861449
R26C42_S461,Ventricular CM,0.36258265,0.6374173
R26C42_S461.1,Ventricular CM,0.36258265,0.6374173
R26C5_S457,Atrial CM,0.7607891,0.23921096
R26C5_S457.1,Atrial CM,0.7607891,0.23921096
R26C63_S462,Atrial CM,0.6206568,0.3793432
R26C63_S462.1,Atrial CM,0.6206568,0.3793432
R26C64_S463,Atrial CM,0.86314905,0.13685098
R26C64_S463.1,Atrial CM,0.86314905,0.13685098
R26C7_S458,Atrial CM,0.89939475,0.100605264
R26C7_S458.1,Atrial CM,0.89939475,0.100605264
R26C70_S464,Ventricular CM,0.44124338,0.5587566
R26C70_S464.1,Ventricular CM,0.44124338,0.5587566
R27C13_S467,Atrial CM,0.70867556,0.2913245
R27C13_S467.1,Atrial CM,0.70867556,0.2913245
R27C17_S468,Atrial CM,0.7639216,0.23607838
R27C17_S468.1,Atrial CM,0.7639216,0.23607838
R27C23_S469,Atrial CM,0.85126233,0.14873765
R27C23_S469.1,Atrial CM,0.85126233,0.14873765
R27C28_S470,Ventricular CM,0.09243484,0.90756524
R27C28_S470.1,Ventricular CM,0.09243484,0.90756524
R27C29_S471,Atrial CM,0.70918554,0.2908145
R27C29_S471.1,Atrial CM,0.70918554,0.2908145
R27C3_S465,Atrial CM,0.6018318,0.3981682
R27C3_S465.1,Atrial CM,0.6018318,0.3981682
R27C31_S472,Atrial CM,0.76591986,0.23408012
R27C31_S472.1,Atrial CM,0.76591986,0.23408012
R27C43_S474,Atrial CM,0.786338,0.21366204
R27C43_S474.1,Atrial CM,0.786338,0.21366204
R27C53_S476,Ventricular CM,0.29800275,0.7019972
R27C53_S476.1,Ventricular CM,0.29800275,0.7019972
R27C59_S477,Ventricular CM,0.287507,0.712493
R27C59_S477.1,Ventricular CM,0.287507,0.712493
R27C6_S466,Atrial CM,0.7658181,0.23418191
R27C6_S466.1,Atrial CM,0.7658181,0.23418191
R28C21_S483,Ventricular CM,0.22868401,0.77131605
R28C21_S483.1,Ventricular CM,0.22868401,0.77131605
R28C22_S484,Ventricular CM,0.32676855,0.6732315
R28C22_S484.1,Ventricular CM,0.32676855,0.6732315
R28C25_S486,Atrial CM,0.7724086,0.22759135
R28C25_S486.1,Atrial CM,0.7724086,0.22759135
R28C27_S487,Ventricular CM,0.45028958,0.54971045
R28C27_S487.1,Ventricular CM,0.45028958,0.54971045
R28C3_S479,Atrial CM,0.6473918,0.3526082
R28C3_S479.1,Atrial CM,0.6473918,0.3526082
R28C30_S488,Atrial CM,0.5495642,0.4504358
R28C30_S488.1,Atrial CM,0.5495642,0.4504358
R28C31_S489,Atrial CM,0.8844878,0.11551223
R28C31_S489.1,Atrial CM,0.8844878,0.11551223
R28C34_S490,Ventricular CM,0.47407773,0.5259223
R28C34_S490.1,Ventricular CM,0.47407773,0.5259223
R28C38_S491,Ventricular CM,0.44448066,0.5555193
R28C38_S491.1,Ventricular CM,0.44448066,0.5555193
R28C4_S480,Ventricular CM,0.31752875,0.6824713
R28C4_S480.1,Ventricular CM,0.31752875,0.6824713
R28C43_S493,Atrial CM,0.73390007,0.26609993
R28C43_S493.1,Atrial CM,0.73390007,0.26609993
R28C44_S494,Atrial CM,0.73248035,0.26751965
R28C44_S494.1,Atrial CM,0.73248035,0.26751965
R28C45_S495,Ventricular CM,0.35170656,0.6482934
R28C45_S495.1,Ventricular CM,0.35170656,0.6482934
R28C53_S497,Atrial CM,0.8098647,0.19013526
R28C53_S497.1,Atrial CM,0.8098647,0.19013526
R28C54_S498,Atrial CM,0.89308983,0.10691011
R28C54_S498.1,Atrial CM,0.89308983,0.10691011
R28C56_S499,Atrial CM,0.7042124,0.29578754
R28C56_S499.1,Atrial CM,0.7042124,0.29578754
R28C6_S481,Ventricular CM,0.41756302,0.582437
R28C6_S481.1,Ventricular CM,0.41756302,0.582437
R28C60_S500,Atrial CM,0.5607487,0.43925127
R28C60_S500.1,Atrial CM,0.5607487,0.43925127
R29C0_S501,Atrial CM,0.732179,0.26782104
R29C0_S501.1,Atrial CM,0.732179,0.26782104
R29C12_S504,Atrial CM,0.78076965,0.21923034
R29C12_S504.1,Atrial CM,0.78076965,0.21923034
R29C14_S505,Atrial CM,0.6540665,0.34593347
R29C14_S505.1,Atrial CM,0.6540665,0.34593347
R29C16_S506,Atrial CM,0.5818195,0.4181805
R29C16_S506.1,Atrial CM,0.5818195,0.4181805
R29C17_S507,Atrial CM,0.6596035,0.34039652
R29C17_S507.1,Atrial CM,0.6596035,0.34039652
R29C19_S508,Ventricular CM,0.4163353,0.58366466
R29C19_S508.1,Ventricular CM,0.4163353,0.58366466
R29C24_S509,Atrial CM,0.8065195,0.19348045
R29C24_S509.1,Atrial CM,0.8065195,0.19348045
R29C26_S510,Atrial CM,0.7521817,0.2478183
R29C26_S510.1,Atrial CM,0.7521817,0.2478183
R29C29_S511,Ventricular CM,0.15170613,0.84829384
R29C29_S511.1,Ventricular CM,0.15170613,0.84829384
R29C31_S512,Ventricular CM,0.4174045,0.58259547
R29C31_S512.1,Ventricular CM,0.4174045,0.58259547
R29C33_S513,Ventricular CM,0.3071095,0.69289047
R29C33_S513.1,Ventricular CM,0.3071095,0.69289047
R29C34_S514,Ventricular CM,0.3819794,0.61802053
R29C34_S514.1,Ventricular CM,0.3819794,0.61802053
R29C38_S515,Ventricular CM,0.11725778,0.88274217
R29C38_S515.1,Ventricular CM,0.11725778,0.88274217
R29C39_S516,Ventricular CM,0.17233248,0.82766753
R29C39_S516.1,Ventricular CM,0.17233248,0.82766753
R29C43_S517,Ventricular CM,0.42585233,0.57414764
R29C43_S517.1,Ventricular CM,0.42585233,0.57414764
R29C48_S519,Atrial CM,0.93490386,0.06509614
R29C48_S519.1,Atrial CM,0.93490386,0.06509614
R29C5_S502,Atrial CM,0.5258542,0.47414583
R29C5_S502.1,Atrial CM,0.5258542,0.47414583
R29C62_S522,Atrial CM,0.6045775,0.39542252
R29C62_S522.1,Atrial CM,0.6045775,0.39542252
R29C63_S523,Ventricular CM,0.31772348,0.68227655
R29C63_S523.1,Ventricular CM,0.31772348,0.68227655
R29C69_S524,Atrial CM,0.82277375,0.17722623
R29C69_S524.1,Atrial CM,0.82277375,0.17722623
R29C7_S503,Ventricular CM,0.49709266,0.50290734
R29C7_S503.1,Ventricular CM,0.49709266,0.50290734
R2C0_S38,Atrial CM,0.87886643,0.12113359
R2C0_S38.1,Atrial CM,0.87886643,0.12113359
R2C10_S43,Atrial CM,0.5476617,0.45233825
R2C10_S43.1,Atrial CM,0.5476617,0.45233825
R2C18_S44,Ventricular CM,0.2874985,0.7125015
R2C18_S44.1,Ventricular CM,0.2874985,0.7125015
R2C30_S45,Ventricular CM,0.42222708,0.5777729
R2C30_S45.1,Ventricular CM,0.42222708,0.5777729
R2C34_S46,Ventricular CM,0.46009797,0.53990203
R2C34_S46.1,Ventricular CM,0.46009797,0.53990203
R2C4_S40,Atrial CM,0.7086959,0.29130405
R2C4_S40.1,Atrial CM,0.7086959,0.29130405
R2C40_S47,Atrial CM,0.56786406,0.43213597
R2C40_S47.1,Atrial CM,0.56786406,0.43213597
R2C43_S48,Atrial CM,0.5903912,0.40960875
R2C43_S48.1,Atrial CM,0.5903912,0.40960875
R2C46_S49,Atrial CM,0.63082963,0.36917037
R2C46_S49.1,Atrial CM,0.63082963,0.36917037
R2C5_S41,Atrial CM,0.6981645,0.3018355
R2C5_S41.1,Atrial CM,0.6981645,0.3018355
R2C53_S50,Ventricular CM,0.34749147,0.65250856
R2C53_S50.1,Ventricular CM,0.34749147,0.65250856
R2C55_S51,Atrial CM,0.5375744,0.4624256
R2C55_S51.1,Atrial CM,0.5375744,0.4624256
R2C59_S52,Atrial CM,0.53948087,0.46051913
R2C59_S52.1,Atrial CM,0.53948087,0.46051913
R2C64_S54,Atrial CM,0.5107032,0.48929673
R2C64_S54.1,Atrial CM,0.5107032,0.48929673
R2C65_S55,Ventricular CM,0.3443941,0.6556059
R2C65_S55.1,Ventricular CM,0.3443941,0.6556059
R2C67_S56,Atrial CM,0.8626965,0.13730346
R2C67_S56.1,Atrial CM,0.8626965,0.13730346
R30C0_S526,Atrial CM,0.9325449,0.067455135
R30C0_S526.1,Atrial CM,0.9325449,0.067455135
R30C14_S529,Atrial CM,0.7349317,0.26506832
R30C14_S529.1,Atrial CM,0.7349317,0.26506832
R30C15_S530,Atrial CM,0.8079045,0.1920955
R30C15_S530.1,Atrial CM,0.8079045,0.1920955
R30C16_S531,Ventricular CM,0.41920474,0.5807952
R30C16_S531.1,Ventricular CM,0.41920474,0.5807952
R30C19_S532,Atrial CM,0.5057035,0.49429652
R30C19_S532.1,Atrial CM,0.5057035,0.49429652
R30C22_S533,Atrial CM,0.82615966,0.17384034
R30C22_S533.1,Atrial CM,0.82615966,0.17384034
R30C26_S534,Atrial CM,0.934252,0.06574795
R30C26_S534.1,Atrial CM,0.934252,0.06574795
R30C27_S535,Atrial CM,0.54479027,0.45520973
R30C27_S535.1,Atrial CM,0.54479027,0.45520973
R30C3_S527,Ventricular CM,0.4234217,0.5765783
R30C3_S527.1,Ventricular CM,0.4234217,0.5765783
R30C30_S538,Atrial CM,0.7720176,0.22798243
R30C30_S538.1,Atrial CM,0.7720176,0.22798243
R30C36_S540,Atrial CM,0.809883,0.19011699
R30C36_S540.1,Atrial CM,0.809883,0.19011699
R30C39_S541,Atrial CM,0.73238665,0.26761335
R30C39_S541.1,Atrial CM,0.73238665,0.26761335
R30C42_S542,Ventricular CM,0.3554745,0.6445255
R30C42_S542.1,Ventricular CM,0.3554745,0.6445255
R30C44_S543,Atrial CM,0.5630268,0.43697318
R30C44_S543.1,Atrial CM,0.5630268,0.43697318
R30C46_S544,Atrial CM,0.7233829,0.27661705
R30C46_S544.1,Atrial CM,0.7233829,0.27661705
R30C51_S545,Ventricular CM,0.47363704,0.5263629
R30C51_S545.1,Ventricular CM,0.47363704,0.5263629
R30C54_S547,Atrial CM,0.83466876,0.16533121
R30C54_S547.1,Atrial CM,0.83466876,0.16533121
R30C57_S548,Atrial CM,0.7751136,0.22488645
R30C57_S548.1,Atrial CM,0.7751136,0.22488645
R30C62_S549,Atrial CM,0.86452925,0.13547069
R30C62_S549.1,Atrial CM,0.86452925,0.13547069
R30C66_S551,Atrial CM,0.68743044,0.31256953
R30C66_S551.1,Atrial CM,0.68743044,0.31256953
R30C67_S552,Atrial CM,0.72183216,0.27816787
R30C67_S552.1,Atrial CM,0.72183216,0.27816787
R30C9_S528,Atrial CM,0.7596119,0.24038805
R30C9_S528.1,Atrial CM,0.7596119,0.24038805
R31C1_S554,Ventricular CM,0.39508533,0.60491467
R31C1_S554.1,Ventricular CM,0.39508533,0.60491467
R31C10_S560,Atrial CM,0.9001512,0.0998488
R31C10_S560.1,Atrial CM,0.9001512,0.0998488
R31C16_S562,Atrial CM,0.76217693,0.23782302
R31C16_S562.1,Atrial CM,0.76217693,0.23782302
R31C17_S563,Atrial CM,0.7753591,0.22464088
R31C17_S563.1,Atrial CM,0.7753591,0.22464088
R31C22_S565,Atrial CM,0.701143,0.29885694
R31C22_S565.1,Atrial CM,0.701143,0.29885694
R31C25_S566,Ventricular CM,0.2875168,0.71248317
R31C25_S566.1,Ventricular CM,0.2875168,0.71248317
R31C29_S568,Ventricular CM,0.4857836,0.5142164
R31C29_S568.1,Ventricular CM,0.4857836,0.5142164
R31C3_S556,Atrial CM,0.84165215,0.15834783
R31C3_S556.1,Atrial CM,0.84165215,0.15834783
R31C35_S570,Atrial CM,0.8948151,0.10518491
R31C35_S570.1,Atrial CM,0.8948151,0.10518491
R31C36_S571,Ventricular CM,0.3214952,0.6785048
R31C36_S571.1,Ventricular CM,0.3214952,0.6785048
R31C37_S572,Atrial CM,0.83996654,0.16003345
R31C37_S572.1,Atrial CM,0.83996654,0.16003345
R31C40_S574,Ventricular CM,0.41328794,0.58671206
R31C40_S574.1,Ventricular CM,0.41328794,0.58671206
R31C41_S575,Atrial CM,0.78782916,0.21217084
R31C41_S575.1,Atrial CM,0.78782916,0.21217084
R31C43_S576,Ventricular CM,0.4074107,0.59258926
R31C43_S576.1,Ventricular CM,0.4074107,0.59258926
R31C5_S557,Ventricular CM,0.49378616,0.50621384
R31C5_S557.1,Ventricular CM,0.49378616,0.50621384
R31C56_S579,Ventricular CM,0.4132529,0.58674705
R31C56_S579.1,Ventricular CM,0.4132529,0.58674705
R31C61_S581,Atrial CM,0.6481549,0.35184512
R31C61_S581.1,Atrial CM,0.6481549,0.35184512
R31C70_S584,Ventricular CM,0.26749668,0.7325033
R31C70_S584.1,Ventricular CM,0.26749668,0.7325033
R31C8_S558,Ventricular CM,0.30101693,0.698983
R31C8_S558.1,Ventricular CM,0.30101693,0.698983
R32C17_S586,Atrial CM,0.84294987,0.1570501
R32C17_S586.1,Atrial CM,0.84294987,0.1570501
R32C22_S587,Ventricular CM,0.3905038,0.6094962
R32C22_S587.1,Ventricular CM,0.3905038,0.6094962
R32C24_S589,Atrial CM,0.83043283,0.16956714
R32C24_S589.1,Atrial CM,0.83043283,0.16956714
R32C25_S590,Ventricular CM,0.28959626,0.71040374
R32C25_S590.1,Ventricular CM,0.28959626,0.71040374
R32C30_S591,Atrial CM,0.67498285,0.32501715
R32C30_S591.1,Atrial CM,0.67498285,0.32501715
R32C43_S592,Atrial CM,0.7193522,0.28064784
R32C43_S592.1,Atrial CM,0.7193522,0.28064784
R32C53_S593,Atrial CM,0.8720966,0.12790342
R32C53_S593.1,Atrial CM,0.8720966,0.12790342
R32C60_S594,Ventricular CM,0.39742333,0.6025766
R32C60_S594.1,Ventricular CM,0.39742333,0.6025766
R32C64_S595,Atrial CM,0.8164044,0.18359564
R32C64_S595.1,Atrial CM,0.8164044,0.18359564
R32C65_S596,Ventricular CM,0.050008494,0.94999146
R32C65_S596.1,Ventricular CM,0.050008494,0.94999146
R32C7_S585,Ventricular CM,0.47356626,0.52643377
R32C7_S585.1,Ventricular CM,0.47356626,0.52643377
R33C0_S599,Atrial CM,0.8516094,0.14839062
R33C0_S599.1,Atrial CM,0.8516094,0.14839062
R33C29_S603,Ventricular CM,0.105082616,0.89491737
R33C29_S603.1,Ventricular CM,0.105082616,0.89491737
R33C33_S604,Atrial CM,0.818472,0.18152797
R33C33_S604.1,Atrial CM,0.818472,0.18152797
R33C4_S600,Atrial CM,0.55441463,0.44558534
R33C4_S600.1,Atrial CM,0.55441463,0.44558534
R33C40_S605,Atrial CM,0.78160274,0.21839723
R33C40_S605.1,Atrial CM,0.78160274,0.21839723
R33C46_S606,Atrial CM,0.8774267,0.12257335
R33C46_S606.1,Atrial CM,0.8774267,0.12257335
R33C51_S607,Atrial CM,0.5050886,0.49491137
R33C51_S607.1,Atrial CM,0.5050886,0.49491137
R33C52_S608,Atrial CM,0.7526885,0.24731146
R33C52_S608.1,Atrial CM,0.7526885,0.24731146
R33C55_S609,Atrial CM,0.8600449,0.13995515
R33C55_S609.1,Atrial CM,0.8600449,0.13995515
R33C62_S610,Ventricular CM,0.446234,0.553766
R33C62_S610.1,Ventricular CM,0.446234,0.553766
R33C64_S611,Ventricular CM,0.46033543,0.53966457
R33C64_S611.1,Ventricular CM,0.46033543,0.53966457
R33C66_S613,Ventricular CM,0.49389896,0.506101
R33C66_S613.1,Ventricular CM,0.49389896,0.506101
R33C69_S614,Ventricular CM,0.31567803,0.684322
R33C69_S614.1,Ventricular CM,0.31567803,0.684322
R34C11_S618,Atrial CM,0.58477384,0.4152261
R34C11_S618.1,Atrial CM,0.58477384,0.4152261
R34C14_S619,Atrial CM,0.6221119,0.3778881
R34C14_S619.1,Atrial CM,0.6221119,0.3778881
R34C15_S620,Atrial CM,0.8610854,0.13891454
R34C15_S620.1,Atrial CM,0.8610854,0.13891454
R34C16_S621,Atrial CM,0.6514905,0.3485095
R34C16_S621.1,Atrial CM,0.6514905,0.3485095
R34C18_S622,Ventricular CM,0.08147098,0.91852903
R34C18_S622.1,Ventricular CM,0.08147098,0.91852903
R34C20_S623,Atrial CM,0.81808686,0.18191312
R34C20_S623.1,Atrial CM,0.81808686,0.18191312
R34C30_S624,Atrial CM,0.52702117,0.47297883
R34C30_S624.1,Atrial CM,0.52702117,0.47297883
R34C34_S625,Atrial CM,0.5215975,0.4784025
R34C34_S625.1,Atrial CM,0.5215975,0.4784025
R34C38_S626,Atrial CM,0.6438048,0.35619524
R34C38_S626.1,Atrial CM,0.6438048,0.35619524
R34C4_S616,Atrial CM,0.53770447,0.4622955
R34C4_S616.1,Atrial CM,0.53770447,0.4622955
R34C41_S627,Ventricular CM,0.17431432,0.8256857
R34C41_S627.1,Ventricular CM,0.17431432,0.8256857
R34C44_S628,Ventricular CM,0.42331305,0.5766869
R34C44_S628.1,Ventricular CM,0.42331305,0.5766869
R34C46_S629,Atrial CM,0.5303577,0.46964225
R34C46_S629.1,Atrial CM,0.5303577,0.46964225
R34C5_S617,Atrial CM,0.8373753,0.16262469
R34C5_S617.1,Atrial CM,0.8373753,0.16262469
R34C50_S630,Atrial CM,0.8746762,0.1253237
R34C50_S630.1,Atrial CM,0.8746762,0.1253237
R34C53_S632,Atrial CM,0.549616,0.45038402
R34C53_S632.1,Atrial CM,0.549616,0.45038402
R34C55_S633,Ventricular CM,0.38503683,0.6149632
R34C55_S633.1,Ventricular CM,0.38503683,0.6149632
R34C57_S634,Atrial CM,0.54402536,0.45597467
R34C57_S634.1,Atrial CM,0.54402536,0.45597467
R34C63_S635,Ventricular CM,0.47668606,0.523314
R34C63_S635.1,Ventricular CM,0.47668606,0.523314
R34C65_S636,Ventricular CM,0.1318075,0.8681925
R34C65_S636.1,Ventricular CM,0.1318075,0.8681925
R35C16_S638,Ventricular CM,0.35763553,0.64236444
R35C16_S638.1,Ventricular CM,0.35763553,0.64236444
R35C18_S639,Ventricular CM,0.45065597,0.54934406
R35C18_S639.1,Ventricular CM,0.45065597,0.54934406
R35C23_S641,Ventricular CM,0.24456578,0.7554342
R35C23_S641.1,Ventricular CM,0.24456578,0.7554342
R35C25_S642,Atrial CM,0.85489523,0.14510477
R35C25_S642.1,Atrial CM,0.85489523,0.14510477
R35C3_S637,Atrial CM,0.60561675,0.39438328
R35C3_S637.1,Atrial CM,0.60561675,0.39438328
R35C31_S644,Atrial CM,0.73321176,0.26678827
R35C31_S644.1,Atrial CM,0.73321176,0.26678827
R35C41_S645,Atrial CM,0.8311598,0.16884021
R35C41_S645.1,Atrial CM,0.8311598,0.16884021
R35C50_S646,Atrial CM,0.6226711,0.3773289
R35C50_S646.1,Atrial CM,0.6226711,0.3773289
R35C53_S647,Ventricular CM,0.42091337,0.57908666
R35C53_S647.1,Ventricular CM,0.42091337,0.57908666
R35C58_S648,Atrial CM,0.8508007,0.14919932
R35C58_S648.1,Atrial CM,0.8508007,0.14919932
R35C61_S651,Atrial CM,0.90030384,0.09969618
R35C61_S651.1,Atrial CM,0.90030384,0.09969618
R35C66_S652,Atrial CM,0.7790848,0.22091518
R35C66_S652.1,Atrial CM,0.7790848,0.22091518
R35C67_S653,Atrial CM,0.7769032,0.22309679
R35C67_S653.1,Atrial CM,0.7769032,0.22309679
R36C11_S656,Atrial CM,0.893047,0.10695301
R36C11_S656.1,Atrial CM,0.893047,0.10695301
R36C21_S658,Atrial CM,0.65078944,0.3492106
R36C21_S658.1,Atrial CM,0.65078944,0.3492106
R36C23_S659,Atrial CM,0.71778905,0.28221092
R36C23_S659.1,Atrial CM,0.71778905,0.28221092
R36C24_S660,Ventricular CM,0.4208785,0.57912153
R36C24_S660.1,Ventricular CM,0.4208785,0.57912153
R36C25_S661,Ventricular CM,0.40201247,0.5979875
R36C25_S661.1,Ventricular CM,0.40201247,0.5979875
R36C26_S662,Atrial CM,0.69543236,0.3045676
R36C26_S662.1,Atrial CM,0.69543236,0.3045676
R36C27_S663,Ventricular CM,0.2603771,0.73962295
R36C27_S663.1,Ventricular CM,0.2603771,0.73962295
R36C32_S664,Ventricular CM,0.34042913,0.6595709
R36C32_S664.1,Ventricular CM,0.34042913,0.6595709
R36C39_S667,Ventricular CM,0.28030956,0.71969044
R36C39_S667.1,Ventricular CM,0.28030956,0.71969044
R36C4_S654,Atrial CM,0.55978155,0.44021845
R36C4_S654.1,Atrial CM,0.55978155,0.44021845
R36C51_S668,Atrial CM,0.60265696,0.397343
R36C51_S668.1,Atrial CM,0.60265696,0.397343
R36C55_S670,Atrial CM,0.8948189,0.10518109
R36C55_S670.1,Atrial CM,0.8948189,0.10518109
R36C60_S672,Ventricular CM,0.029290501,0.97070944
R36C60_S672.1,Ventricular CM,0.029290501,0.97070944
R36C69_S674,Ventricular CM,0.4999106,0.5000894
R36C69_S674.1,Ventricular CM,0.4999106,0.5000894
R36C7_S655,Ventricular CM,0.30283925,0.6971608
R36C7_S655.1,Ventricular CM,0.30283925,0.6971608
R36C70_S675,Atrial CM,0.74516654,0.2548335
R36C70_S675.1,Atrial CM,0.74516654,0.2548335
R37C10_S676,Atrial CM,0.7576057,0.24239428
R37C10_S676.1,Atrial CM,0.7576057,0.24239428
R37C25_S678,Atrial CM,0.6809436,0.3190564
R37C25_S678.1,Atrial CM,0.6809436,0.3190564
R37C33_S681,Ventricular CM,0.32760534,0.67239463
R37C33_S681.1,Ventricular CM,0.32760534,0.67239463
R37C36_S682,Ventricular CM,0.40862215,0.59137785
R37C36_S682.1,Ventricular CM,0.40862215,0.59137785
R37C50_S686,Atrial CM,0.5375156,0.4624844
R37C50_S686.1,Atrial CM,0.5375156,0.4624844
R37C53_S687,Atrial CM,0.7818648,0.21813516
R37C53_S687.1,Atrial CM,0.7818648,0.21813516
R37C56_S688,Atrial CM,0.8712751,0.12872486
R37C56_S688.1,Atrial CM,0.8712751,0.12872486
R37C61_S690,Atrial CM,0.50656366,0.49343634
R37C61_S690.1,Atrial CM,0.50656366,0.49343634
R38C31_S693,Atrial CM,0.71729076,0.28270918
R38C31_S693.1,Atrial CM,0.71729076,0.28270918
R38C34_S694,Atrial CM,0.6090194,0.39098063
R38C34_S694.1,Atrial CM,0.6090194,0.39098063
R38C36_S695,Atrial CM,0.7349862,0.2650138
R38C36_S695.1,Atrial CM,0.7349862,0.2650138
R38C37_S696,Atrial CM,0.86699337,0.13300663
R38C37_S696.1,Atrial CM,0.86699337,0.13300663
R38C46_S698,Atrial CM,0.6467731,0.35322696
R38C46_S698.1,Atrial CM,0.6467731,0.35322696
R38C49_S699,Atrial CM,0.5373011,0.4626989
R38C49_S699.1,Atrial CM,0.5373011,0.4626989
R38C53_S700,Atrial CM,0.57461125,0.4253888
R38C53_S700.1,Atrial CM,0.57461125,0.4253888
R38C58_S701,Ventricular CM,0.4995548,0.5004452
R38C58_S701.1,Ventricular CM,0.4995548,0.5004452
R38C59_S702,Atrial CM,0.65130246,0.34869757
R38C59_S702.1,Atrial CM,0.65130246,0.34869757
R38C64_S704,Atrial CM,0.95373285,0.046267174
R38C64_S704.1,Atrial CM,0.95373285,0.046267174
R38C65_S705,Ventricular CM,0.45262006,0.5473799
R38C65_S705.1,Ventricular CM,0.45262006,0.5473799
R38C70_S706,Atrial CM,0.71822226,0.2817778
R38C70_S706.1,Atrial CM,0.71822226,0.2817778
R39C23_S708,Atrial CM,0.58089274,0.41910732
R39C23_S708.1,Atrial CM,0.58089274,0.41910732
R39C24_S709,Ventricular CM,0.47547528,0.5245247
R39C24_S709.1,Ventricular CM,0.47547528,0.5245247
R39C25_S710,Ventricular CM,0.1428134,0.8571866
R39C25_S710.1,Ventricular CM,0.1428134,0.8571866
R39C30_S712,Atrial CM,0.57300204,0.42699793
R39C30_S712.1,Atrial CM,0.57300204,0.42699793
R39C35_S713,Ventricular CM,0.35292566,0.64707434
R39C35_S713.1,Ventricular CM,0.35292566,0.64707434
R39C36_S714,Atrial CM,0.8652818,0.13471813
R39C36_S714.1,Atrial CM,0.8652818,0.13471813
R39C37_S715,Atrial CM,0.87563485,0.12436522
R39C37_S715.1,Atrial CM,0.87563485,0.12436522
R39C4_S707,Ventricular CM,0.2615109,0.73848915
R39C4_S707.1,Ventricular CM,0.2615109,0.73848915
R39C40_S716,Ventricular CM,0.377549,0.622451
R39C40_S716.1,Ventricular CM,0.377549,0.622451
R39C42_S717,Ventricular CM,0.10580569,0.89419436
R39C42_S717.1,Ventricular CM,0.10580569,0.89419436
R39C45_S718,Atrial CM,0.60778916,0.39221084
R39C45_S718.1,Atrial CM,0.60778916,0.39221084
R39C61_S720,Atrial CM,0.7684518,0.2315482
R39C61_S720.1,Atrial CM,0.7684518,0.2315482
R39C69_S721,Atrial CM,0.86177814,0.13822183
R39C69_S721.1,Atrial CM,0.86177814,0.13822183
R3C1_S57,Atrial CM,0.56367147,0.43632853
R3C1_S57.1,Atrial CM,0.56367147,0.43632853
R3C11_S62,Atrial CM,0.6027794,0.39722058
R3C11_S62.1,Atrial CM,0.6027794,0.39722058
R3C12_S63,Ventricular CM,0.46973586,0.53026414
R3C12_S63.1,Ventricular CM,0.46973586,0.53026414
R3C3_S58,Atrial CM,0.5215579,0.4784421
R3C3_S58.1,Atrial CM,0.5215579,0.4784421
R3C36_S66,Atrial CM,0.6920842,0.3079158
R3C36_S66.1,Atrial CM,0.6920842,0.3079158
R3C4_S59,Ventricular CM,0.38167483,0.61832523
R3C4_S59.1,Ventricular CM,0.38167483,0.61832523
R3C47_S67,Atrial CM,0.7486284,0.2513716
R3C47_S67.1,Atrial CM,0.7486284,0.2513716
R3C49_S68,Ventricular CM,0.2946498,0.7053502
R3C49_S68.1,Ventricular CM,0.2946498,0.7053502
R3C5_S60,Ventricular CM,0.38326973,0.6167302
R3C5_S60.1,Ventricular CM,0.38326973,0.6167302
R3C56_S70,Atrial CM,0.6409608,0.35903916
R3C56_S70.1,Atrial CM,0.6409608,0.35903916
R3C58_S71,Atrial CM,0.74291956,0.25708038
R3C58_S71.1,Atrial CM,0.74291956,0.25708038
R3C60_S72,Ventricular CM,0.4392882,0.5607118
R3C60_S72.1,Ventricular CM,0.4392882,0.5607118
R3C62_S73,Atrial CM,0.960625,0.039374992
R3C62_S73.1,Atrial CM,0.960625,0.039374992
R3C63_S74,Atrial CM,0.8683677,0.13163236
R3C63_S74.1,Atrial CM,0.8683677,0.13163236
R3C64_S75,Atrial CM,0.84943575,0.15056425
R3C64_S75.1,Atrial CM,0.84943575,0.15056425
R3C71_S76,Ventricular CM,0.16591372,0.83408624
R3C71_S76.1,Ventricular CM,0.16591372,0.83408624
R3C8_S61,Atrial CM,0.8094073,0.19059272
R3C8_S61.1,Atrial CM,0.8094073,0.19059272
R40C22_S729,Atrial CM,0.5026839,0.49731612
R40C22_S729.1,Atrial CM,0.5026839,0.49731612
R40C25_S730,Ventricular CM,0.24311331,0.75688666
R40C25_S730.1,Ventricular CM,0.24311331,0.75688666
R40C3_S723,Ventricular CM,0.12226324,0.8777368
R40C3_S723.1,Ventricular CM,0.12226324,0.8777368
R40C37_S733,Atrial CM,0.69330215,0.30669782
R40C37_S733.1,Atrial CM,0.69330215,0.30669782
R40C39_S735,Atrial CM,0.6225494,0.37745056
R40C39_S735.1,Atrial CM,0.6225494,0.37745056
R40C60_S739,Atrial CM,0.7326471,0.2673529
R40C60_S739.1,Atrial CM,0.7326471,0.2673529
R40C65_S741,Atrial CM,0.784564,0.21543595
R40C65_S741.1,Atrial CM,0.784564,0.21543595
R40C8_S724,Atrial CM,0.669277,0.33072296
R40C8_S724.1,Atrial CM,0.669277,0.33072296
R41C13_S745,Atrial CM,0.8266119,0.1733881
R41C13_S745.1,Atrial CM,0.8266119,0.1733881
R41C19_S746,Atrial CM,0.7309568,0.26904318
R41C19_S746.1,Atrial CM,0.7309568,0.26904318
R41C23_S747,Atrial CM,0.76595354,0.23404646
R41C23_S747.1,Atrial CM,0.76595354,0.23404646
R41C26_S749,Ventricular CM,0.45197952,0.5480205
R41C26_S749.1,Ventricular CM,0.45197952,0.5480205
R41C31_S750,Ventricular CM,0.4101373,0.58986264
R41C31_S750.1,Ventricular CM,0.4101373,0.58986264
R41C35_S751,Atrial CM,0.6267964,0.3732036
R41C35_S751.1,Atrial CM,0.6267964,0.3732036
R41C36_S752,Ventricular CM,0.38306445,0.6169355
R41C36_S752.1,Ventricular CM,0.38306445,0.6169355
R41C40_S753,Ventricular CM,0.46112826,0.5388717
R41C40_S753.1,Ventricular CM,0.46112826,0.5388717
R41C41_S754,Atrial CM,0.8273612,0.17263874
R41C41_S754.1,Atrial CM,0.8273612,0.17263874
R41C46_S755,Atrial CM,0.6590048,0.3409952
R41C46_S755.1,Atrial CM,0.6590048,0.3409952
R41C48_S756,Atrial CM,0.6068743,0.3931257
R41C48_S756.1,Atrial CM,0.6068743,0.3931257
R41C56_S757,Atrial CM,0.7184112,0.2815888
R41C56_S757.1,Atrial CM,0.7184112,0.2815888
R41C6_S744,Atrial CM,0.8092686,0.19073145
R41C6_S744.1,Atrial CM,0.8092686,0.19073145
R41C61_S758,Atrial CM,0.90153545,0.098464586
R41C61_S758.1,Atrial CM,0.90153545,0.098464586
R42C21_S763,Atrial CM,0.88841593,0.1115841
R42C21_S763.1,Atrial CM,0.88841593,0.1115841
R42C26_S764,Ventricular CM,0.15526573,0.84473425
R42C26_S764.1,Ventricular CM,0.15526573,0.84473425
R42C29_S765,Atrial CM,0.705081,0.29491904
R42C29_S765.1,Atrial CM,0.705081,0.29491904
R42C3_S761,Ventricular CM,0.44202372,0.55797625
R42C3_S761.1,Ventricular CM,0.44202372,0.55797625
R42C30_S766,Ventricular CM,0.12115345,0.8788466
R42C30_S766.1,Ventricular CM,0.12115345,0.8788466
R42C37_S768,Atrial CM,0.6486652,0.35133484
R42C37_S768.1,Atrial CM,0.6486652,0.35133484
R42C41_S769,Atrial CM,0.7436986,0.2563014
R42C41_S769.1,Atrial CM,0.7436986,0.2563014
R42C45_S771,Atrial CM,0.88526565,0.11473439
R42C45_S771.1,Atrial CM,0.88526565,0.11473439
R42C46_S772,Atrial CM,0.6709644,0.3290356
R42C46_S772.1,Atrial CM,0.6709644,0.3290356
R42C47_S773,Ventricular CM,0.38855436,0.6114456
R42C47_S773.1,Ventricular CM,0.38855436,0.6114456
R42C49_S774,Atrial CM,0.7954275,0.20457248
R42C49_S774.1,Atrial CM,0.7954275,0.20457248
R42C63_S775,Atrial CM,0.615567,0.384433
R42C63_S775.1,Atrial CM,0.615567,0.384433
R42C69_S777,Atrial CM,0.7710917,0.22890829
R42C69_S777.1,Atrial CM,0.7710917,0.22890829
R42C7_S762,Atrial CM,0.5712902,0.42870983
R42C7_S762.1,Atrial CM,0.5712902,0.42870983
R43C1_S779,Atrial CM,0.70546734,0.29453266
R43C1_S779.1,Atrial CM,0.70546734,0.29453266
R43C14_S783,Atrial CM,0.7033704,0.29662964
R43C14_S783.1,Atrial CM,0.7033704,0.29662964
R43C16_S784,Ventricular CM,0.3041915,0.6958085
R43C16_S784.1,Ventricular CM,0.3041915,0.6958085
R43C20_S785,Ventricular CM,0.42217144,0.5778285
R43C20_S785.1,Ventricular CM,0.42217144,0.5778285
R43C24_S786,Ventricular CM,0.3483356,0.65166444
R43C24_S786.1,Ventricular CM,0.3483356,0.65166444
R43C38_S788,Atrial CM,0.7745798,0.22542013
R43C38_S788.1,Atrial CM,0.7745798,0.22542013
R43C4_S780,Atrial CM,0.8476369,0.15236309
R43C4_S780.1,Atrial CM,0.8476369,0.15236309
R43C42_S789,Atrial CM,0.8310037,0.16899624
R43C42_S789.1,Atrial CM,0.8310037,0.16899624
R43C45_S790,Atrial CM,0.9025823,0.09741771
R43C45_S790.1,Atrial CM,0.9025823,0.09741771
R43C48_S791,Atrial CM,0.8751807,0.1248193
R43C48_S791.1,Atrial CM,0.8751807,0.1248193
R43C50_S793,Atrial CM,0.78578943,0.21421058
R43C50_S793.1,Atrial CM,0.78578943,0.21421058
R43C63_S795,Atrial CM,0.9079714,0.09202864
R43C63_S795.1,Atrial CM,0.9079714,0.09202864
R43C66_S796,Ventricular CM,0.36420867,0.63579136
R43C66_S796.1,Ventricular CM,0.36420867,0.63579136
R43C7_S782,Atrial CM,0.75902045,0.24097955
R43C7_S782.1,Atrial CM,0.75902045,0.24097955
R43C71_S798,Atrial CM,0.86557156,0.1344284
R43C71_S798.1,Atrial CM,0.86557156,0.1344284
R44C0_S799,Ventricular CM,0.3458255,0.6541745
R44C0_S799.1,Ventricular CM,0.3458255,0.6541745
R44C30_S801,Atrial CM,0.84418374,0.15581633
R44C30_S801.1,Atrial CM,0.84418374,0.15581633
R44C35_S802,Atrial CM,0.8402329,0.15976715
R44C35_S802.1,Atrial CM,0.8402329,0.15976715
R44C59_S807,Atrial CM,0.58987707,0.41012287
R44C59_S807.1,Atrial CM,0.58987707,0.41012287
R45C18_S810,Atrial CM,0.53741384,0.46258616
R45C18_S810.1,Atrial CM,0.53741384,0.46258616
R45C29_S811,Ventricular CM,0.072666295,0.9273337
R45C29_S811.1,Ventricular CM,0.072666295,0.9273337
R45C46_S816,Atrial CM,0.8132929,0.18670711
R45C46_S816.1,Atrial CM,0.8132929,0.18670711
R45C47_S817,Atrial CM,0.7216459,0.2783541
R45C47_S817.1,Atrial CM,0.7216459,0.2783541
R45C58_S819,Atrial CM,0.7727264,0.22727361
R45C58_S819.1,Atrial CM,0.7727264,0.22727361
R45C63_S820,Ventricular CM,0.3983887,0.6016113
R45C63_S820.1,Ventricular CM,0.3983887,0.6016113
R45C64_S821,Atrial CM,0.7384319,0.26156816
R45C64_S821.1,Atrial CM,0.7384319,0.26156816
R45C70_S822,Ventricular CM,0.47528604,0.52471393
R45C70_S822.1,Ventricular CM,0.47528604,0.52471393
R46C13_S823,Ventricular CM,0.29510006,0.7048999
R46C13_S823.1,Ventricular CM,0.29510006,0.7048999
R46C17_S824,Ventricular CM,0.34495887,0.65504116
R46C17_S824.1,Ventricular CM,0.34495887,0.65504116
R46C32_S828,Atrial CM,0.79790443,0.20209558
R46C32_S828.1,Atrial CM,0.79790443,0.20209558
R46C39_S830,Atrial CM,0.74805987,0.2519401
R46C39_S830.1,Atrial CM,0.74805987,0.2519401
R46C40_S831,Atrial CM,0.87645435,0.12354558
R46C40_S831.1,Atrial CM,0.87645435,0.12354558
R46C43_S833,Atrial CM,0.63931096,0.36068904
R46C43_S833.1,Atrial CM,0.63931096,0.36068904
R46C45_S834,Atrial CM,0.864554,0.135446
R46C45_S834.1,Atrial CM,0.864554,0.135446
R46C48_S835,Atrial CM,0.8383046,0.16169545
R46C48_S835.1,Atrial CM,0.8383046,0.16169545
R46C52_S836,Atrial CM,0.57148665,0.42851335
R46C52_S836.1,Atrial CM,0.57148665,0.42851335
R46C61_S837,Ventricular CM,0.23789842,0.7621016
R46C61_S837.1,Ventricular CM,0.23789842,0.7621016
R46C71_S841,Ventricular CM,0.4251892,0.5748108
R46C71_S841.1,Ventricular CM,0.4251892,0.5748108
R47C12_S842,Atrial CM,0.62618077,0.3738193
R47C12_S842.1,Atrial CM,0.62618077,0.3738193
R47C16_S844,Ventricular CM,0.18036096,0.819639
R47C16_S844.1,Ventricular CM,0.18036096,0.819639
R47C18_S845,Ventricular CM,0.3714009,0.62859905
R47C18_S845.1,Ventricular CM,0.3714009,0.62859905
R47C19_S846,Atrial CM,0.533788,0.466212
R47C19_S846.1,Atrial CM,0.533788,0.466212
R47C25_S848,Atrial CM,0.82106304,0.178937
R47C25_S848.1,Atrial CM,0.82106304,0.178937
R47C28_S849,Atrial CM,0.5946425,0.4053575
R47C28_S849.1,Atrial CM,0.5946425,0.4053575
R47C32_S850,Atrial CM,0.8410264,0.15897359
R47C32_S850.1,Atrial CM,0.8410264,0.15897359
R47C36_S851,Atrial CM,0.9124465,0.0875535
R47C36_S851.1,Atrial CM,0.9124465,0.0875535
R47C37_S852,Atrial CM,0.59754115,0.4024588
R47C37_S852.1,Atrial CM,0.59754115,0.4024588
R47C42_S854,Atrial CM,0.85364187,0.14635815
R47C42_S854.1,Atrial CM,0.85364187,0.14635815
R47C46_S855,Atrial CM,0.8746479,0.12535205
R47C46_S855.1,Atrial CM,0.8746479,0.12535205
R47C47_S856,Atrial CM,0.74002886,0.25997117
R47C47_S856.1,Atrial CM,0.74002886,0.25997117
R47C58_S859,Atrial CM,0.8458945,0.15410548
R47C58_S859.1,Atrial CM,0.8458945,0.15410548
R47C59_S860,Atrial CM,0.68626285,0.31373715
R47C59_S860.1,Atrial CM,0.68626285,0.31373715
R47C68_S864,Ventricular CM,0.11626191,0.8837381
R47C68_S864.1,Ventricular CM,0.11626191,0.8837381
R48C12_S866,Ventricular CM,0.34196872,0.6580313
R48C12_S866.1,Ventricular CM,0.34196872,0.6580313
R48C24_S867,Atrial CM,0.7057587,0.29424128
R48C24_S867.1,Atrial CM,0.7057587,0.29424128
R48C25_S868,Ventricular CM,0.10802063,0.89197934
R48C25_S868.1,Ventricular CM,0.10802063,0.89197934
R48C26_S869,Ventricular CM,0.22913161,0.77086836
R48C26_S869.1,Ventricular CM,0.22913161,0.77086836
R48C27_S870,Ventricular CM,0.47107562,0.5289244
R48C27_S870.1,Ventricular CM,0.47107562,0.5289244
R48C34_S872,Ventricular CM,0.415844,0.584156
R48C34_S872.1,Ventricular CM,0.415844,0.584156
R48C36_S873,Ventricular CM,0.35314155,0.64685845
R48C36_S873.1,Ventricular CM,0.35314155,0.64685845
R48C40_S874,Atrial CM,0.9060384,0.093961656
R48C40_S874.1,Atrial CM,0.9060384,0.093961656
R48C41_S875,Ventricular CM,0.19720218,0.80279785
R48C41_S875.1,Ventricular CM,0.19720218,0.80279785
R48C50_S877,Atrial CM,0.8123501,0.18764997
R48C50_S877.1,Atrial CM,0.8123501,0.18764997
R48C51_S878,Atrial CM,0.55241996,0.44758004
R48C51_S878.1,Atrial CM,0.55241996,0.44758004
R48C54_S879,Ventricular CM,0.45472175,0.5452782
R48C54_S879.1,Ventricular CM,0.45472175,0.5452782
R48C58_S880,Atrial CM,0.7460451,0.25395492
R48C58_S880.1,Atrial CM,0.7460451,0.25395492
R48C6_S865,Atrial CM,0.8258224,0.17417757
R48C6_S865.1,Atrial CM,0.8258224,0.17417757
R48C65_S882,Atrial CM,0.740784,0.259216
R48C65_S882.1,Atrial CM,0.740784,0.259216
R48C70_S885,Atrial CM,0.59686697,0.4031331
R48C70_S885.1,Atrial CM,0.59686697,0.4031331
R49C19_S891,Ventricular CM,0.14980334,0.85019666
R49C19_S891.1,Ventricular CM,0.14980334,0.85019666
R49C22_S893,Atrial CM,0.5015554,0.4984446
R49C22_S893.1,Atrial CM,0.5015554,0.4984446
R49C29_S895,Ventricular CM,0.09455191,0.9054481
R49C29_S895.1,Ventricular CM,0.09455191,0.9054481
R49C42_S900,Ventricular CM,0.42946562,0.57053435
R49C42_S900.1,Ventricular CM,0.42946562,0.57053435
R49C46_S902,Ventricular CM,0.4405077,0.5594923
R49C46_S902.1,Ventricular CM,0.4405077,0.5594923
R49C48_S904,Atrial CM,0.7364868,0.26351318
R49C48_S904.1,Atrial CM,0.7364868,0.26351318
R49C52_S906,Atrial CM,0.81696546,0.18303451
R49C52_S906.1,Atrial CM,0.81696546,0.18303451
R49C54_S907,Atrial CM,0.51055765,0.48944235
R49C54_S907.1,Atrial CM,0.51055765,0.48944235
R49C56_S908,Ventricular CM,0.44683525,0.5531648
R49C56_S908.1,Ventricular CM,0.44683525,0.5531648
R49C65_S911,Atrial CM,0.831268,0.16873203
R49C65_S911.1,Atrial CM,0.831268,0.16873203
R49C67_S912,Atrial CM,0.841623,0.158377
R49C67_S912.1,Atrial CM,0.841623,0.158377
R49C68_S913,Atrial CM,0.9239137,0.076086305
R49C68_S913.1,Atrial CM,0.9239137,0.076086305
R49C8_S888,Atrial CM,0.5752193,0.42478076
R49C8_S888.1,Atrial CM,0.5752193,0.42478076
R4C1_S77,Atrial CM,0.6116562,0.38834384
R4C1_S77.1,Atrial CM,0.6116562,0.38834384
R4C24_S82,Atrial CM,0.5327351,0.46726492
R4C24_S82.1,Atrial CM,0.5327351,0.46726492
R4C29_S84,Ventricular CM,0.35717297,0.64282703
R4C29_S84.1,Ventricular CM,0.35717297,0.64282703
R4C41_S88,Ventricular CM,0.43490803,0.56509197
R4C41_S88.1,Ventricular CM,0.43490803,0.56509197
R4C42_S89,Atrial CM,0.8672478,0.13275217
R4C42_S89.1,Atrial CM,0.8672478,0.13275217
R4C44_S90,Ventricular CM,0.48226827,0.5177317
R4C44_S90.1,Ventricular CM,0.48226827,0.5177317
R4C47_S92,Ventricular CM,0.40014282,0.5998572
R4C47_S92.1,Ventricular CM,0.40014282,0.5998572
R4C49_S93,Atrial CM,0.7776521,0.22234792
R4C49_S93.1,Atrial CM,0.7776521,0.22234792
R4C59_S98,Ventricular CM,0.17485629,0.8251437
R4C59_S98.1,Ventricular CM,0.17485629,0.8251437
R4C63_S100,Atrial CM,0.70246065,0.29753932
R4C63_S100.1,Atrial CM,0.70246065,0.29753932
R4C8_S78,Atrial CM,0.8105733,0.18942676
R4C8_S78.1,Atrial CM,0.8105733,0.18942676
R50C17_S915,Atrial CM,0.6061913,0.39380875
R50C17_S915.1,Atrial CM,0.6061913,0.39380875
R50C30_S916,Atrial CM,0.53421336,0.4657866
R50C30_S916.1,Atrial CM,0.53421336,0.4657866
R50C36_S917,Atrial CM,0.80395526,0.19604473
R50C36_S917.1,Atrial CM,0.80395526,0.19604473
R50C42_S918,Atrial CM,0.6769648,0.32303515
R50C42_S918.1,Atrial CM,0.6769648,0.32303515
R50C53_S919,Ventricular CM,0.30460402,0.69539595
R50C53_S919.1,Ventricular CM,0.30460402,0.69539595
R50C66_S920,Atrial CM,0.69080514,0.30919483
R50C66_S920.1,Atrial CM,0.69080514,0.30919483
R50C71_S921,Atrial CM,0.74873877,0.25126123
R50C71_S921.1,Atrial CM,0.74873877,0.25126123
R51C17_S923,Atrial CM,0.5327618,0.4672382
R51C17_S923.1,Atrial CM,0.5327618,0.4672382
R51C18_S924,Ventricular CM,0.398997,0.601003
R51C18_S924.1,Ventricular CM,0.398997,0.601003
R51C28_S925,Ventricular CM,0.056206137,0.9437939
R51C28_S925.1,Ventricular CM,0.056206137,0.9437939
R51C36_S926,Atrial CM,0.64225626,0.35774374
R51C36_S926.1,Atrial CM,0.64225626,0.35774374
R51C37_S927,Ventricular CM,0.23578246,0.76421756
R51C37_S927.1,Ventricular CM,0.23578246,0.76421756
R51C42_S928,Atrial CM,0.86525434,0.1347457
R51C42_S928.1,Atrial CM,0.86525434,0.1347457
R51C49_S929,Ventricular CM,0.36137882,0.6386212
R51C49_S929.1,Ventricular CM,0.36137882,0.6386212
R51C52_S930,Atrial CM,0.63007677,0.36992326
R51C52_S930.1,Atrial CM,0.63007677,0.36992326
R51C53_S931,Ventricular CM,0.051483367,0.9485166
R51C53_S931.1,Ventricular CM,0.051483367,0.9485166
R51C59_S933,Ventricular CM,0.44219565,0.5578043
R51C59_S933.1,Ventricular CM,0.44219565,0.5578043
R51C64_S934,Atrial CM,0.79103684,0.20896316
R51C64_S934.1,Atrial CM,0.79103684,0.20896316
R51C65_S935,Ventricular CM,0.45381275,0.5461872
R51C65_S935.1,Ventricular CM,0.45381275,0.5461872
R51C66_S936,Atrial CM,0.51901054,0.48098946
R51C66_S936.1,Atrial CM,0.51901054,0.48098946
R51C71_S937,Atrial CM,0.92941004,0.070589915
R51C71_S937.1,Atrial CM,0.92941004,0.070589915
R52C17_S942,Atrial CM,0.6287202,0.37127972
R52C17_S942.1,Atrial CM,0.6287202,0.37127972
R52C19_S943,Ventricular CM,0.20015189,0.79984814
R52C19_S943.1,Ventricular CM,0.20015189,0.79984814
R52C21_S944,Ventricular CM,0.4600458,0.53995425
R52C21_S944.1,Ventricular CM,0.4600458,0.53995425
R52C24_S945,Ventricular CM,0.49866173,0.5013383
R52C24_S945.1,Ventricular CM,0.49866173,0.5013383
R52C25_S946,Ventricular CM,0.4133494,0.5866506
R52C25_S946.1,Ventricular CM,0.4133494,0.5866506
R52C27_S948,Atrial CM,0.74065536,0.2593446
R52C27_S948.1,Atrial CM,0.74065536,0.2593446
R52C30_S950,Ventricular CM,0.23334852,0.76665145
R52C30_S950.1,Ventricular CM,0.23334852,0.76665145
R52C31_S951,Ventricular CM,0.36666906,0.63333094
R52C31_S951.1,Ventricular CM,0.36666906,0.63333094
R52C34_S952,Ventricular CM,0.43052277,0.5694772
R52C34_S952.1,Ventricular CM,0.43052277,0.5694772
R52C36_S953,Atrial CM,0.66222596,0.337774
R52C36_S953.1,Atrial CM,0.66222596,0.337774
R52C39_S954,Atrial CM,0.7665181,0.23348188
R52C39_S954.1,Atrial CM,0.7665181,0.23348188
R52C47_S956,Atrial CM,0.8302558,0.16974421
R52C47_S956.1,Atrial CM,0.8302558,0.16974421
R52C53_S957,Atrial CM,0.72702444,0.27297556
R52C53_S957.1,Atrial CM,0.72702444,0.27297556
R52C59_S958,Atrial CM,0.7669568,0.2330432
R52C59_S958.1,Atrial CM,0.7669568,0.2330432
R52C60_S959,Atrial CM,0.7974195,0.20258051
R52C60_S959.1,Atrial CM,0.7974195,0.20258051
R52C62_S960,Atrial CM,0.8256117,0.1743883
R52C62_S960.1,Atrial CM,0.8256117,0.1743883
R52C66_S962,Atrial CM,0.8589436,0.1410564
R52C66_S962.1,Atrial CM,0.8589436,0.1410564
R52C67_S963,Ventricular CM,0.46742144,0.5325785
R52C67_S963.1,Ventricular CM,0.46742144,0.5325785
R52C7_S939,Atrial CM,0.81189364,0.18810631
R52C7_S939.1,Atrial CM,0.81189364,0.18810631
R53C0_S964,Atrial CM,0.52711266,0.47288737
R53C0_S964.1,Atrial CM,0.52711266,0.47288737
R53C14_S966,Ventricular CM,0.49983054,0.50016946
R53C14_S966.1,Ventricular CM,0.49983054,0.50016946
R53C15_S967,Ventricular CM,0.42554998,0.5744501
R53C15_S967.1,Ventricular CM,0.42554998,0.5744501
R53C2_S965,Atrial CM,0.7278438,0.2721562
R53C2_S965.1,Atrial CM,0.7278438,0.2721562
R53C22_S968,Atrial CM,0.68267125,0.3173287
R53C22_S968.1,Atrial CM,0.68267125,0.3173287
R53C23_S969,Atrial CM,0.5935726,0.40642738
R53C23_S969.1,Atrial CM,0.5935726,0.40642738
R53C30_S971,Ventricular CM,0.25551862,0.7444814
R53C30_S971.1,Ventricular CM,0.25551862,0.7444814
R53C58_S977,Ventricular CM,0.459538,0.540462
R53C58_S977.1,Ventricular CM,0.459538,0.540462
R53C59_S978,Ventricular CM,0.36844695,0.631553
R53C59_S978.1,Ventricular CM,0.36844695,0.631553
R53C62_S979,Ventricular CM,0.38132963,0.61867034
R53C62_S979.1,Ventricular CM,0.38132963,0.61867034
R53C69_S980,Atrial CM,0.6443735,0.35562652
R53C69_S980.1,Atrial CM,0.6443735,0.35562652
R54C11_S984,Ventricular CM,0.3517214,0.6482786
R54C11_S984.1,Ventricular CM,0.3517214,0.6482786
R54C14_S985,Ventricular CM,0.47451478,0.5254852
R54C14_S985.1,Ventricular CM,0.47451478,0.5254852
R54C15_S986,Atrial CM,0.85128134,0.14871864
R54C15_S986.1,Atrial CM,0.85128134,0.14871864
R54C19_S987,Atrial CM,0.6405832,0.35941678
R54C19_S987.1,Atrial CM,0.6405832,0.35941678
R54C24_S988,Ventricular CM,0.4458885,0.55411154
R54C24_S988.1,Ventricular CM,0.4458885,0.55411154
R54C3_S981,Ventricular CM,0.4262454,0.5737546
R54C3_S981.1,Ventricular CM,0.4262454,0.5737546
R54C34_S989,Atrial CM,0.83412665,0.16587335
R54C34_S989.1,Atrial CM,0.83412665,0.16587335
R54C38_S990,Atrial CM,0.84706676,0.15293321
R54C38_S990.1,Atrial CM,0.84706676,0.15293321
R54C39_S991,Atrial CM,0.56029785,0.43970218
R54C39_S991.1,Atrial CM,0.56029785,0.43970218
R54C47_S993,Atrial CM,0.5528836,0.4471164
R54C47_S993.1,Atrial CM,0.5528836,0.4471164
R54C5_S982,Atrial CM,0.8704012,0.12959884
R54C5_S982.1,Atrial CM,0.8704012,0.12959884
R54C51_S994,Ventricular CM,0.19703478,0.8029652
R54C51_S994.1,Ventricular CM,0.19703478,0.8029652
R54C60_S995,Atrial CM,0.5798347,0.42016533
R54C60_S995.1,Atrial CM,0.5798347,0.42016533
R54C62_S996,Ventricular CM,0.28231126,0.7176887
R54C62_S996.1,Ventricular CM,0.28231126,0.7176887
R54C67_S998,Ventricular CM,0.44790268,0.5520974
R54C67_S998.1,Ventricular CM,0.44790268,0.5520974
R55C12_S1002,Atrial CM,0.9121234,0.08787659
R55C12_S1002.1,Atrial CM,0.9121234,0.08787659
R55C14_S1003,Ventricular CM,0.43643954,0.5635604
R55C14_S1003.1,Ventricular CM,0.43643954,0.5635604
R55C17_S1004,Ventricular CM,0.07672204,0.923278
R55C17_S1004.1,Ventricular CM,0.07672204,0.923278
R55C18_S1005,Atrial CM,0.7480434,0.25195664
R55C18_S1005.1,Atrial CM,0.7480434,0.25195664
R55C19_S1006,Atrial CM,0.9440813,0.055918753
R55C19_S1006.1,Atrial CM,0.9440813,0.055918753
R55C38_S1007,Atrial CM,0.540177,0.459823
R55C38_S1007.1,Atrial CM,0.540177,0.459823
R55C41_S1009,Atrial CM,0.7215451,0.27845496
R55C41_S1009.1,Atrial CM,0.7215451,0.27845496
R55C46_S1010,Atrial CM,0.77830654,0.22169344
R55C46_S1010.1,Atrial CM,0.77830654,0.22169344
R55C54_S1011,Atrial CM,0.72678024,0.27321976
R55C54_S1011.1,Atrial CM,0.72678024,0.27321976
R55C61_S1012,Atrial CM,0.77070695,0.22929306
R55C61_S1012.1,Atrial CM,0.77070695,0.22929306
R55C62_S1013,Atrial CM,0.6580829,0.34191707
R55C62_S1013.1,Atrial CM,0.6580829,0.34191707
R55C7_S1000,Atrial CM,0.5840759,0.41592413
R55C7_S1000.1,Atrial CM,0.5840759,0.41592413
R55C70_S1015,Atrial CM,0.8189739,0.18102606
R55C70_S1015.1,Atrial CM,0.8189739,0.18102606
R55C9_S1001,Ventricular CM,0.46613395,0.53386605
R55C9_S1001.1,Ventricular CM,0.46613395,0.53386605
R56C0_S1016,Atrial CM,0.7540593,0.24594069
R56C0_S1016.1,Atrial CM,0.7540593,0.24594069
R56C23_S1018,Atrial CM,0.56899285,0.43100712
R56C23_S1018.1,Atrial CM,0.56899285,0.43100712
R56C5_S1017,Atrial CM,0.5458405,0.45415953
R56C5_S1017.1,Atrial CM,0.5458405,0.45415953
R56C53_S1020,Ventricular CM,0.10674937,0.89325064
R56C53_S1020.1,Ventricular CM,0.10674937,0.89325064
R57C5_S1021,Atrial CM,0.6137725,0.38622755
R57C5_S1021.1,Atrial CM,0.6137725,0.38622755
R57C56_S1023,Ventricular CM,0.4764454,0.52355456
R57C56_S1023.1,Ventricular CM,0.4764454,0.52355456
R57C6_S1022,Ventricular CM,0.24770512,0.7522949
R57C6_S1022.1,Ventricular CM,0.24770512,0.7522949
R57C66_S1024,Atrial CM,0.570756,0.42924398
R57C66_S1024.1,Atrial CM,0.570756,0.42924398
R58C1_S1026,Ventricular CM,0.40815184,0.5918482
R58C1_S1026.1,Ventricular CM,0.40815184,0.5918482
R58C13_S1031,Atrial CM,0.5007427,0.49925733
R58C13_S1031.1,Atrial CM,0.5007427,0.49925733
R58C36_S1036,Atrial CM,0.79237306,0.20762691
R58C36_S1036.1,Atrial CM,0.79237306,0.20762691
R58C47_S1038,Atrial CM,0.7662463,0.23375367
R58C47_S1038.1,Atrial CM,0.7662463,0.23375367
R58C6_S1028,Ventricular CM,0.4265759,0.57342416
R58C6_S1028.1,Ventricular CM,0.4265759,0.57342416
R58C67_S1043,Ventricular CM,0.38398954,0.6160104
R58C67_S1043.1,Ventricular CM,0.38398954,0.6160104
R59C13_S1048,Ventricular CM,0.4965563,0.50344366
R59C13_S1048.1,Ventricular CM,0.4965563,0.50344366
R59C2_S1045,Atrial CM,0.7152561,0.28474388
R59C2_S1045.1,Atrial CM,0.7152561,0.28474388
R59C21_S1049,Ventricular CM,0.46877703,0.531223
R59C21_S1049.1,Ventricular CM,0.46877703,0.531223
R59C37_S1050,Atrial CM,0.82796305,0.17203696
R59C37_S1050.1,Atrial CM,0.82796305,0.17203696
R59C43_S1051,Atrial CM,0.7150923,0.2849077
R59C43_S1051.1,Atrial CM,0.7150923,0.2849077
R59C44_S1052,Atrial CM,0.74123424,0.25876573
R59C44_S1052.1,Atrial CM,0.74123424,0.25876573
R59C54_S1053,Atrial CM,0.7635526,0.23644742
R59C54_S1053.1,Atrial CM,0.7635526,0.23644742
R59C57_S1054,Atrial CM,0.81209576,0.18790427
R59C57_S1054.1,Atrial CM,0.81209576,0.18790427
R59C67_S1056,Atrial CM,0.5254495,0.47455046
R59C67_S1056.1,Atrial CM,0.5254495,0.47455046
R59C7_S1046,Ventricular CM,0.48617744,0.51382256
R59C7_S1046.1,Ventricular CM,0.48617744,0.51382256
R59C70_S1057,Ventricular CM,0.350523,0.64947695
R59C70_S1057.1,Ventricular CM,0.350523,0.64947695
R59C8_S1047,Ventricular CM,0.43543467,0.56456536
R59C8_S1047.1,Ventricular CM,0.43543467,0.56456536
R5C1_S102,Ventricular CM,0.44667834,0.55332166
R5C1_S102.1,Ventricular CM,0.44667834,0.55332166
R5C11_S105,Atrial CM,0.7135829,0.28641713
R5C11_S105.1,Atrial CM,0.7135829,0.28641713
R5C2_S103,Ventricular CM,0.12016166,0.8798384
R5C2_S103.1,Ventricular CM,0.12016166,0.8798384
R5C27_S106,Atrial CM,0.6033398,0.39666027
R5C27_S106.1,Atrial CM,0.6033398,0.39666027
R5C31_S107,Atrial CM,0.89195305,0.10804692
R5C31_S107.1,Atrial CM,0.89195305,0.10804692
R5C32_S108,Ventricular CM,0.3534802,0.64651984
R5C32_S108.1,Ventricular CM,0.3534802,0.64651984
R5C38_S109,Ventricular CM,0.48303622,0.5169638
R5C38_S109.1,Ventricular CM,0.48303622,0.5169638
R5C43_S111,Ventricular CM,0.1959055,0.8040945
R5C43_S111.1,Ventricular CM,0.1959055,0.8040945
R5C45_S112,Ventricular CM,0.40976143,0.5902385
R5C45_S112.1,Ventricular CM,0.40976143,0.5902385
R5C52_S113,Ventricular CM,0.43290418,0.5670958
R5C52_S113.1,Ventricular CM,0.43290418,0.5670958
R5C56_S114,Atrial CM,0.5305012,0.4694988
R5C56_S114.1,Atrial CM,0.5305012,0.4694988
R5C59_S115,Atrial CM,0.7508534,0.2491466
R5C59_S115.1,Atrial CM,0.7508534,0.2491466
R5C6_S104,Atrial CM,0.64775246,0.3522475
R5C6_S104.1,Atrial CM,0.64775246,0.3522475
R60C0_S1058,Atrial CM,0.7605205,0.2394795
R60C0_S1058.1,Atrial CM,0.7605205,0.2394795
R60C10_S1061,Ventricular CM,0.4555338,0.5444662
R60C10_S1061.1,Ventricular CM,0.4555338,0.5444662
R60C12_S1062,Ventricular CM,0.46113598,0.538864
R60C12_S1062.1,Ventricular CM,0.46113598,0.538864
R60C14_S1063,Atrial CM,0.5379017,0.46209827
R60C14_S1063.1,Atrial CM,0.5379017,0.46209827
R60C18_S1064,Atrial CM,0.73354954,0.26645046
R60C18_S1064.1,Atrial CM,0.73354954,0.26645046
R60C21_S1065,Ventricular CM,0.36538857,0.63461137
R60C21_S1065.1,Ventricular CM,0.36538857,0.63461137
R60C24_S1066,Ventricular CM,0.30328125,0.69671875
R60C24_S1066.1,Ventricular CM,0.30328125,0.69671875
R60C36_S1067,Atrial CM,0.7359604,0.26403958
R60C36_S1067.1,Atrial CM,0.7359604,0.26403958
R60C4_S1059,Ventricular CM,0.41671762,0.5832824
R60C4_S1059.1,Ventricular CM,0.41671762,0.5832824
R60C41_S1068,Atrial CM,0.81771725,0.18228279
R60C41_S1068.1,Atrial CM,0.81771725,0.18228279
R60C43_S1069,Ventricular CM,0.37430474,0.6256953
R60C43_S1069.1,Ventricular CM,0.37430474,0.6256953
R60C61_S1070,Atrial CM,0.8837175,0.116282456
R60C61_S1070.1,Atrial CM,0.8837175,0.116282456
R60C63_S1071,Ventricular CM,0.32249,0.67750996
R60C63_S1071.1,Ventricular CM,0.32249,0.67750996
R60C67_S1072,Ventricular CM,0.2917705,0.70822954
R60C67_S1072.1,Ventricular CM,0.2917705,0.70822954
R60C7_S1060,Atrial CM,0.92036986,0.079630196
R60C7_S1060.1,Atrial CM,0.92036986,0.079630196
R61C1_S1074,Atrial CM,0.7475029,0.25249708
R61C1_S1074.1,Atrial CM,0.7475029,0.25249708
R61C12_S1078,Atrial CM,0.5977125,0.4022875
R61C12_S1078.1,Atrial CM,0.5977125,0.4022875
R61C25_S1080,Atrial CM,0.50205505,0.49794498
R61C25_S1080.1,Atrial CM,0.50205505,0.49794498
R61C37_S1081,Ventricular CM,0.32133403,0.678666
R61C37_S1081.1,Ventricular CM,0.32133403,0.678666
R61C45_S1082,Ventricular CM,0.032318287,0.9676817
R61C45_S1082.1,Ventricular CM,0.032318287,0.9676817
R61C48_S1083,Atrial CM,0.82502884,0.17497115
R61C48_S1083.1,Atrial CM,0.82502884,0.17497115
R61C5_S1075,Atrial CM,0.70427173,0.29572827
R61C5_S1075.1,Atrial CM,0.70427173,0.29572827
R61C56_S1084,Ventricular CM,0.45738706,0.5426129
R61C56_S1084.1,Ventricular CM,0.45738706,0.5426129
R61C6_S1076,Atrial CM,0.74320585,0.25679415
R61C6_S1076.1,Atrial CM,0.74320585,0.25679415
R61C60_S1085,Ventricular CM,0.37556416,0.6244359
R61C60_S1085.1,Ventricular CM,0.37556416,0.6244359
R61C63_S1087,Ventricular CM,0.3104526,0.68954736
R61C63_S1087.1,Ventricular CM,0.3104526,0.68954736
R61C65_S1088,Atrial CM,0.64909047,0.35090956
R61C65_S1088.1,Atrial CM,0.64909047,0.35090956
R61C67_S1089,Atrial CM,0.7700233,0.22997671
R61C67_S1089.1,Atrial CM,0.7700233,0.22997671
R61C8_S1077,Atrial CM,0.6772962,0.32270378
R61C8_S1077.1,Atrial CM,0.6772962,0.32270378
R62C11_S1090,Atrial CM,0.92495424,0.07504577
R62C11_S1090.1,Atrial CM,0.92495424,0.07504577
R62C12_S1091,Atrial CM,0.903648,0.09635199
R62C12_S1091.1,Atrial CM,0.903648,0.09635199
R62C23_S1092,Atrial CM,0.7455982,0.25440183
R62C23_S1092.1,Atrial CM,0.7455982,0.25440183
R62C36_S1093,Atrial CM,0.6204131,0.37958694
R62C36_S1093.1,Atrial CM,0.6204131,0.37958694
R62C47_S1094,Atrial CM,0.7273674,0.27263263
R62C47_S1094.1,Atrial CM,0.7273674,0.27263263
R63C17_S1101,Atrial CM,0.774331,0.225669
R63C17_S1101.1,Atrial CM,0.774331,0.225669
R63C22_S1102,Atrial CM,0.5956051,0.4043949
R63C22_S1102.1,Atrial CM,0.5956051,0.4043949
R63C29_S1103,Ventricular CM,0.30366325,0.69633675
R63C29_S1103.1,Ventricular CM,0.30366325,0.69633675
R63C43_S1105,Atrial CM,0.6299811,0.37001884
R63C43_S1105.1,Atrial CM,0.6299811,0.37001884
R63C5_S1098,Ventricular CM,0.3771512,0.6228488
R63C5_S1098.1,Ventricular CM,0.3771512,0.6228488
R63C54_S1107,Ventricular CM,0.18604797,0.81395197
R63C54_S1107.1,Ventricular CM,0.18604797,0.81395197
R63C55_S1108,Atrial CM,0.95630056,0.04369947
R63C55_S1108.1,Atrial CM,0.95630056,0.04369947
R63C58_S1109,Atrial CM,0.53535,0.46465
R63C58_S1109.1,Atrial CM,0.53535,0.46465
R63C6_S1099,Atrial CM,0.67561513,0.32438484
R63C6_S1099.1,Atrial CM,0.67561513,0.32438484
R63C65_S1111,Ventricular CM,0.32992038,0.6700796
R63C65_S1111.1,Ventricular CM,0.32992038,0.6700796
R64C0_S1113,Atrial CM,0.5989287,0.40107137
R64C0_S1113.1,Atrial CM,0.5989287,0.40107137
R64C1_S1114,Ventricular CM,0.053964127,0.94603586
R64C1_S1114.1,Ventricular CM,0.053964127,0.94603586
R64C11_S1118,Ventricular CM,0.44110915,0.5588909
R64C11_S1118.1,Ventricular CM,0.44110915,0.5588909
R64C19_S1119,Atrial CM,0.8276658,0.17233416
R64C19_S1119.1,Atrial CM,0.8276658,0.17233416
R64C22_S1120,Atrial CM,0.76921713,0.23078288
R64C22_S1120.1,Atrial CM,0.76921713,0.23078288
R64C25_S1121,Atrial CM,0.624242,0.37575793
R64C25_S1121.1,Atrial CM,0.624242,0.37575793
R64C27_S1122,Atrial CM,0.79487133,0.20512863
R64C27_S1122.1,Atrial CM,0.79487133,0.20512863
R64C32_S1123,Ventricular CM,0.45553336,0.5444666
R64C32_S1123.1,Ventricular CM,0.45553336,0.5444666
R64C34_S1125,Ventricular CM,0.21737228,0.78262776
R64C34_S1125.1,Ventricular CM,0.21737228,0.78262776
R64C35_S1126,Atrial CM,0.7136276,0.28637245
R64C35_S1126.1,Atrial CM,0.7136276,0.28637245
R64C38_S1128,Ventricular CM,0.19032073,0.8096792
R64C38_S1128.1,Ventricular CM,0.19032073,0.8096792
R64C4_S1115,Ventricular CM,0.34309602,0.65690404
R64C4_S1115.1,Ventricular CM,0.34309602,0.65690404
R64C43_S1129,Atrial CM,0.8644896,0.13551033
R64C43_S1129.1,Atrial CM,0.8644896,0.13551033
R64C59_S1131,Atrial CM,0.545222,0.45477796
R64C59_S1131.1,Atrial CM,0.545222,0.45477796
R64C60_S1132,Ventricular CM,0.18405199,0.815948
R64C60_S1132.1,Ventricular CM,0.18405199,0.815948
R64C61_S1133,Atrial CM,0.5234158,0.47658423
R64C61_S1133.1,Atrial CM,0.5234158,0.47658423
R64C62_S1134,Ventricular CM,0.30742225,0.6925777
R64C62_S1134.1,Ventricular CM,0.30742225,0.6925777
R64C63_S1135,Atrial CM,0.75900537,0.24099466
R64C63_S1135.1,Atrial CM,0.75900537,0.24099466
R64C69_S1136,Atrial CM,0.9064338,0.0935662
R64C69_S1136.1,Atrial CM,0.9064338,0.0935662
R64C7_S1116,Ventricular CM,0.4236273,0.5763727
R64C7_S1116.1,Ventricular CM,0.4236273,0.5763727
R64C70_S1137,Atrial CM,0.70758915,0.29241082
R64C70_S1137.1,Atrial CM,0.70758915,0.29241082
R64C9_S1117,Atrial CM,0.77369523,0.22630481
R64C9_S1117.1,Atrial CM,0.77369523,0.22630481
R65C12_S1141,Atrial CM,0.8858007,0.1141993
R65C12_S1141.1,Atrial CM,0.8858007,0.1141993
R65C14_S1142,Atrial CM,0.6136469,0.38635308
R65C14_S1142.1,Atrial CM,0.6136469,0.38635308
R65C20_S1143,Atrial CM,0.62117165,0.37882835
R65C20_S1143.1,Atrial CM,0.62117165,0.37882835
R65C21_S1144,Atrial CM,0.69191706,0.30808294
R65C21_S1144.1,Atrial CM,0.69191706,0.30808294
R65C22_S1145,Ventricular CM,0.14479157,0.85520846
R65C22_S1145.1,Ventricular CM,0.14479157,0.85520846
R65C25_S1146,Atrial CM,0.51230776,0.48769227
R65C25_S1146.1,Atrial CM,0.51230776,0.48769227
R65C30_S1147,Atrial CM,0.77861,0.22138996
R65C30_S1147.1,Atrial CM,0.77861,0.22138996
R65C34_S1148,Ventricular CM,0.4088484,0.5911516
R65C34_S1148.1,Ventricular CM,0.4088484,0.5911516
R65C37_S1149,Atrial CM,0.54746205,0.4525379
R65C37_S1149.1,Atrial CM,0.54746205,0.4525379
R65C40_S1150,Atrial CM,0.6826949,0.31730512
R65C40_S1150.1,Atrial CM,0.6826949,0.31730512
R65C43_S1151,Atrial CM,0.7312151,0.26878485
R65C43_S1151.1,Atrial CM,0.7312151,0.26878485
R65C44_S1152,Atrial CM,0.6139572,0.3860428
R65C44_S1152.1,Atrial CM,0.6139572,0.3860428
R65C49_S1154,Ventricular CM,0.2599674,0.7400326
R65C49_S1154.1,Ventricular CM,0.2599674,0.7400326
R65C52_S1155,Atrial CM,0.7744952,0.22550482
R65C52_S1155.1,Atrial CM,0.7744952,0.22550482
R65C60_S1156,Atrial CM,0.7238531,0.27614692
R65C60_S1156.1,Atrial CM,0.7238531,0.27614692
R65C67_S1158,Atrial CM,0.6104218,0.38957825
R65C67_S1158.1,Atrial CM,0.6104218,0.38957825
R65C71_S1159,Atrial CM,0.7032706,0.2967294
R65C71_S1159.1,Atrial CM,0.7032706,0.2967294
R65C8_S1139,Ventricular CM,0.057296164,0.9427039
R65C8_S1139.1,Ventricular CM,0.057296164,0.9427039
R66C11_S1164,Ventricular CM,0.09756353,0.90243644
R66C11_S1164.1,Ventricular CM,0.09756353,0.90243644
R66C15_S1165,Atrial CM,0.79882294,0.20117709
R66C15_S1165.1,Atrial CM,0.79882294,0.20117709
R66C17_S1166,Atrial CM,0.90169305,0.098306954
R66C17_S1166.1,Atrial CM,0.90169305,0.098306954
R66C2_S1160,Atrial CM,0.6146965,0.38530353
R66C2_S1160.1,Atrial CM,0.6146965,0.38530353
R66C20_S1167,Ventricular CM,0.22097015,0.77902985
R66C20_S1167.1,Ventricular CM,0.22097015,0.77902985
R66C22_S1169,Atrial CM,0.5937799,0.40622008
R66C22_S1169.1,Atrial CM,0.5937799,0.40622008
R66C23_S1170,Ventricular CM,0.41840336,0.5815967
R66C23_S1170.1,Ventricular CM,0.41840336,0.5815967
R66C27_S1171,Atrial CM,0.7640036,0.23599638
R66C27_S1171.1,Atrial CM,0.7640036,0.23599638
R66C28_S1172,Atrial CM,0.777516,0.22248392
R66C28_S1172.1,Atrial CM,0.777516,0.22248392
R66C29_S1173,Atrial CM,0.73631054,0.26368943
R66C29_S1173.1,Atrial CM,0.73631054,0.26368943
R66C34_S1174,Atrial CM,0.6364226,0.36357746
R66C34_S1174.1,Atrial CM,0.6364226,0.36357746
R66C40_S1176,Atrial CM,0.5284553,0.4715447
R66C40_S1176.1,Atrial CM,0.5284553,0.4715447
R66C45_S1178,Atrial CM,0.8764473,0.12355271
R66C45_S1178.1,Atrial CM,0.8764473,0.12355271
R66C52_S1179,Atrial CM,0.7828547,0.21714531
R66C52_S1179.1,Atrial CM,0.7828547,0.21714531
R66C60_S1180,Ventricular CM,0.32142416,0.6785758
R66C60_S1180.1,Ventricular CM,0.32142416,0.6785758
R66C63_S1181,Ventricular CM,0.28234327,0.71765673
R66C63_S1181.1,Ventricular CM,0.28234327,0.71765673
R66C64_S1182,Ventricular CM,0.4427997,0.5572003
R66C64_S1182.1,Ventricular CM,0.4427997,0.5572003
R66C67_S1183,Atrial CM,0.64938575,0.35061422
R66C67_S1183.1,Atrial CM,0.64938575,0.35061422
R66C7_S1162,Ventricular CM,0.44562632,0.55437374
R66C7_S1162.1,Ventricular CM,0.44562632,0.55437374
R66C70_S1184,Ventricular CM,0.41734478,0.58265525
R66C70_S1184.1,Ventricular CM,0.41734478,0.58265525
R66C9_S1163,Ventricular CM,0.47697404,0.52302593
R66C9_S1163.1,Ventricular CM,0.47697404,0.52302593
R67C11_S1191,Atrial CM,0.5236287,0.47637132
R67C11_S1191.1,Atrial CM,0.5236287,0.47637132
R67C12_S1192,Ventricular CM,0.4679514,0.53204864
R67C12_S1192.1,Ventricular CM,0.4679514,0.53204864
R67C17_S1194,Atrial CM,0.9079255,0.09207448
R67C17_S1194.1,Atrial CM,0.9079255,0.09207448
R67C20_S1195,Atrial CM,0.80363345,0.19636652
R67C20_S1195.1,Atrial CM,0.80363345,0.19636652
R67C3_S1186,Ventricular CM,0.45985466,0.54014534
R67C3_S1186.1,Ventricular CM,0.45985466,0.54014534
R67C36_S1201,Atrial CM,0.77398616,0.22601384
R67C36_S1201.1,Atrial CM,0.77398616,0.22601384
R67C52_S1204,Atrial CM,0.82921654,0.17078349
R67C52_S1204.1,Atrial CM,0.82921654,0.17078349
R67C59_S1206,Ventricular CM,0.4163938,0.5836062
R67C59_S1206.1,Ventricular CM,0.4163938,0.5836062
R67C6_S1187,Atrial CM,0.6073632,0.39263675
R67C6_S1187.1,Atrial CM,0.6073632,0.39263675
R67C64_S1208,Atrial CM,0.6686096,0.3313904
R67C64_S1208.1,Atrial CM,0.6686096,0.3313904
R67C65_S1209,Atrial CM,0.8309017,0.16909835
R67C65_S1209.1,Atrial CM,0.8309017,0.16909835
R67C7_S1188,Atrial CM,0.72128993,0.27871
R67C7_S1188.1,Atrial CM,0.72128993,0.27871
R67C8_S1189,Atrial CM,0.71000755,0.28999245
R67C8_S1189.1,Atrial CM,0.71000755,0.28999245
R68C0_S1211,Atrial CM,0.55776286,0.4422372
R68C0_S1211.1,Atrial CM,0.55776286,0.4422372
R68C6_S1212,Atrial CM,0.62527096,0.37472907
R68C6_S1212.1,Atrial CM,0.62527096,0.37472907
R69C12_S1217,Atrial CM,0.51790684,0.48209313
R69C12_S1217.1,Atrial CM,0.51790684,0.48209313
R69C25_S1219,Atrial CM,0.51368475,0.48631525
R69C25_S1219.1,Atrial CM,0.51368475,0.48631525
R69C29_S1220,Atrial CM,0.5768605,0.42313957
R69C29_S1220.1,Atrial CM,0.5768605,0.42313957
R69C36_S1221,Atrial CM,0.56972927,0.43027073
R69C36_S1221.1,Atrial CM,0.56972927,0.43027073
R69C41_S1222,Atrial CM,0.8002259,0.19977407
R69C41_S1222.1,Atrial CM,0.8002259,0.19977407
R69C42_S1223,Atrial CM,0.62448007,0.37552
R69C42_S1223.1,Atrial CM,0.62448007,0.37552
R69C47_S1224,Atrial CM,0.53581244,0.4641875
R69C47_S1224.1,Atrial CM,0.53581244,0.4641875
R69C49_S1225,Atrial CM,0.7680398,0.23196013
R69C49_S1225.1,Atrial CM,0.7680398,0.23196013
R69C62_S1227,Atrial CM,0.7935762,0.20642388
R69C62_S1227.1,Atrial CM,0.7935762,0.20642388
R69C65_S1228,Atrial CM,0.91461366,0.08538637
R69C65_S1228.1,Atrial CM,0.91461366,0.08538637
R69C66_S1229,Atrial CM,0.6336299,0.36637008
R69C66_S1229.1,Atrial CM,0.6336299,0.36637008
R6C1_S116,Atrial CM,0.82933897,0.17066097
R6C1_S116.1,Atrial CM,0.82933897,0.17066097
R6C2_S117,Atrial CM,0.5574267,0.44257334
R6C2_S117.1,Atrial CM,0.5574267,0.44257334
R6C27_S120,Atrial CM,0.6964756,0.30352435
R6C27_S120.1,Atrial CM,0.6964756,0.30352435
R6C29_S121,Atrial CM,0.8780288,0.12197121
R6C29_S121.1,Atrial CM,0.8780288,0.12197121
R6C32_S122,Atrial CM,0.60723627,0.39276376
R6C32_S122.1,Atrial CM,0.60723627,0.39276376
R6C36_S123,Atrial CM,0.85826313,0.14173685
R6C36_S123.1,Atrial CM,0.85826313,0.14173685
R6C37_S124,Atrial CM,0.7421401,0.2578599
R6C37_S124.1,Atrial CM,0.7421401,0.2578599
R6C4_S118,Ventricular CM,0.13169768,0.86830235
R6C4_S118.1,Ventricular CM,0.13169768,0.86830235
R6C41_S125,Ventricular CM,0.3544079,0.6455921
R6C41_S125.1,Ventricular CM,0.3544079,0.6455921
R6C45_S126,Atrial CM,0.86427015,0.13572988
R6C45_S126.1,Atrial CM,0.86427015,0.13572988
R6C48_S127,Atrial CM,0.83510643,0.16489361
R6C48_S127.1,Atrial CM,0.83510643,0.16489361
R6C50_S128,Atrial CM,0.80793583,0.19206417
R6C50_S128.1,Atrial CM,0.80793583,0.19206417
R6C51_S129,Atrial CM,0.50898,0.49102
R6C51_S129.1,Atrial CM,0.50898,0.49102
R6C54_S130,Atrial CM,0.81570864,0.18429135
R6C54_S130.1,Atrial CM,0.81570864,0.18429135
R6C58_S131,Atrial CM,0.52804387,0.47195613
R6C58_S131.1,Atrial CM,0.52804387,0.47195613
R6C59_S132,Atrial CM,0.77577865,0.22422138
R6C59_S132.1,Atrial CM,0.77577865,0.22422138
R6C6_S119,Atrial CM,0.6976405,0.3023595
R6C6_S119.1,Atrial CM,0.6976405,0.3023595
R6C61_S133,Ventricular CM,0.34185475,0.6581453
R6C61_S133.1,Ventricular CM,0.34185475,0.6581453
R6C63_S134,Atrial CM,0.7019017,0.29809833
R6C63_S134.1,Atrial CM,0.7019017,0.29809833
R6C66_S135,Atrial CM,0.8502696,0.1497304
R6C66_S135.1,Atrial CM,0.8502696,0.1497304
R6C70_S136,Atrial CM,0.5566515,0.44334853
R6C70_S136.1,Atrial CM,0.5566515,0.44334853
R6C71_S137,Atrial CM,0.77274114,0.22725885
R6C71_S137.1,Atrial CM,0.77274114,0.22725885
R70C20_S1236,Atrial CM,0.8646709,0.13532917
R70C20_S1236.1,Atrial CM,0.8646709,0.13532917
R70C23_S1237,Ventricular CM,0.47713742,0.52286255
R70C23_S1237.1,Ventricular CM,0.47713742,0.52286255
R70C25_S1238,Ventricular CM,0.26393354,0.73606646
R70C25_S1238.1,Ventricular CM,0.26393354,0.73606646
R70C33_S1239,Ventricular CM,0.25593597,0.744064
R70C33_S1239.1,Ventricular CM,0.25593597,0.744064
R70C35_S1240,Ventricular CM,0.41480115,0.5851989
R70C35_S1240.1,Ventricular CM,0.41480115,0.5851989
R70C36_S1241,Atrial CM,0.7432286,0.25677136
R70C36_S1241.1,Atrial CM,0.7432286,0.25677136
R70C37_S1242,Ventricular CM,0.31445473,0.68554527
R70C37_S1242.1,Ventricular CM,0.31445473,0.68554527
R70C39_S1243,Atrial CM,0.51548874,0.4845113
R70C39_S1243.1,Atrial CM,0.51548874,0.4845113
R70C4_S1232,Atrial CM,0.61782473,0.3821753
R70C4_S1232.1,Atrial CM,0.61782473,0.3821753
R70C47_S1245,Atrial CM,0.82653445,0.17346558
R70C47_S1245.1,Atrial CM,0.82653445,0.17346558
R70C48_S1246,Atrial CM,0.7371432,0.2628568
R70C48_S1246.1,Atrial CM,0.7371432,0.2628568
R70C5_S1233,Atrial CM,0.6458256,0.35417438
R70C5_S1233.1,Atrial CM,0.6458256,0.35417438
R70C53_S1248,Atrial CM,0.6529186,0.34708145
R70C53_S1248.1,Atrial CM,0.6529186,0.34708145
R70C63_S1250,Atrial CM,0.8333198,0.16668023
R70C63_S1250.1,Atrial CM,0.8333198,0.16668023
R70C69_S1252,Atrial CM,0.51867276,0.48132724
R70C69_S1252.1,Atrial CM,0.51867276,0.48132724
R70C8_S1234,Ventricular CM,0.3180065,0.6819935
R70C8_S1234.1,Ventricular CM,0.3180065,0.6819935
R71C17_S1259,Ventricular CM,0.46052632,0.53947365
R71C17_S1259.1,Ventricular CM,0.46052632,0.53947365
R71C18_S1260,Atrial CM,0.7305238,0.26947615
R71C18_S1260.1,Atrial CM,0.7305238,0.26947615
R71C19_S1261,Ventricular CM,0.4218425,0.57815754
R71C19_S1261.1,Ventricular CM,0.4218425,0.57815754
R71C20_S1262,Atrial CM,0.7585939,0.2414061
R71C20_S1262.1,Atrial CM,0.7585939,0.2414061
R71C23_S1263,Ventricular CM,0.06893259,0.9310674
R71C23_S1263.1,Ventricular CM,0.06893259,0.9310674
R71C29_S1264,Atrial CM,0.66575694,0.33424306
R71C29_S1264.1,Atrial CM,0.66575694,0.33424306
R71C37_S1265,Atrial CM,0.8419328,0.15806727
R71C37_S1265.1,Atrial CM,0.8419328,0.15806727
R71C38_S1266,Atrial CM,0.5144345,0.48556548
R71C38_S1266.1,Atrial CM,0.5144345,0.48556548
R71C43_S1267,Ventricular CM,0.08127663,0.9187234
R71C43_S1267.1,Ventricular CM,0.08127663,0.9187234
R71C46_S1268,Ventricular CM,0.22342348,0.7765765
R71C46_S1268.1,Ventricular CM,0.22342348,0.7765765
R71C54_S1270,Atrial CM,0.7105843,0.28941578
R71C54_S1270.1,Atrial CM,0.7105843,0.28941578
R71C59_S1272,Atrial CM,0.7748526,0.22514749
R71C59_S1272.1,Atrial CM,0.7748526,0.22514749
R71C61_S1273,Atrial CM,0.8486967,0.1513033
R71C61_S1273.1,Atrial CM,0.8486967,0.1513033
R71C65_S1274,Atrial CM,0.50159895,0.49840105
R71C65_S1274.1,Atrial CM,0.50159895,0.49840105
R71C9_S1255,Atrial CM,0.58712894,0.41287112
R71C9_S1255.1,Atrial CM,0.58712894,0.41287112
R7C1_S138,Atrial CM,0.83882046,0.16117959
R7C1_S138.1,Atrial CM,0.83882046,0.16117959
R7C25_S142,Atrial CM,0.7822635,0.21773653
R7C25_S142.1,Atrial CM,0.7822635,0.21773653
R7C28_S143,Atrial CM,0.5820188,0.41798124
R7C28_S143.1,Atrial CM,0.5820188,0.41798124
R7C35_S145,Ventricular CM,0.4766371,0.5233629
R7C35_S145.1,Ventricular CM,0.4766371,0.5233629
R7C39_S147,Ventricular CM,0.4343284,0.5656716
R7C39_S147.1,Ventricular CM,0.4343284,0.5656716
R7C4_S139,Ventricular CM,0.3506716,0.6493284
R7C4_S139.1,Ventricular CM,0.3506716,0.6493284
R7C43_S148,Atrial CM,0.74502146,0.25497848
R7C43_S148.1,Atrial CM,0.74502146,0.25497848
R7C44_S149,Ventricular CM,0.41444382,0.58555615
R7C44_S149.1,Ventricular CM,0.41444382,0.58555615
R7C48_S150,Ventricular CM,0.26839247,0.7316075
R7C48_S150.1,Ventricular CM,0.26839247,0.7316075
R7C49_S151,Atrial CM,0.81588036,0.18411961
R7C49_S151.1,Atrial CM,0.81588036,0.18411961
R7C5_S140,Atrial CM,0.63784814,0.36215186
R7C5_S140.1,Atrial CM,0.63784814,0.36215186
R7C55_S153,Atrial CM,0.5229532,0.47704682
R7C55_S153.1,Atrial CM,0.5229532,0.47704682
R7C57_S154,Atrial CM,0.7033082,0.29669178
R7C57_S154.1,Atrial CM,0.7033082,0.29669178
R7C65_S156,Ventricular CM,0.43694136,0.5630586
R7C65_S156.1,Ventricular CM,0.43694136,0.5630586
R7C9_S141,Atrial CM,0.70430076,0.29569927
R7C9_S141.1,Atrial CM,0.70430076,0.29569927
R8C10_S157,Atrial CM,0.6697166,0.33028343
R8C10_S157.1,Atrial CM,0.6697166,0.33028343
R8C24_S158,Ventricular CM,0.431911,0.568089
R8C24_S158.1,Ventricular CM,0.431911,0.568089
R8C40_S160,Atrial CM,0.72919756,0.2708024
R8C40_S160.1,Atrial CM,0.72919756,0.2708024
R8C64_S161,Atrial CM,0.87749314,0.12250689
R8C64_S161.1,Atrial CM,0.87749314,0.12250689
R9C23_S167,Atrial CM,0.80552465,0.19447535
R9C23_S167.1,Atrial CM,0.80552465,0.19447535
R9C24_S168,Ventricular CM,0.43253905,0.567461
R9C24_S168.1,Ventricular CM,0.43253905,0.567461
R9C3_S164,Ventricular CM,0.09654201,0.90345794
R9C3_S164.1,Ventricular CM,0.09654201,0.90345794
R9C36_S170,Atrial CM,0.8330104,0.16698965
R9C36_S170.1,Atrial CM,0.8330104,0.16698965
R9C37_S171,Ventricular CM,0.29355925,0.70644075
R9C37_S171.1,Ventricular CM,0.29355925,0.70644075
R9C49_S173,Ventricular CM,0.4540027,0.5459973
R9C49_S173.1,Ventricular CM,0.4540027,0.5459973
R9C5_S165,Ventricular CM,0.3720308,0.62796926
R9C5_S165.1,Ventricular CM,0.3720308,0.62796926
R9C51_S174,Atrial CM,0.8759267,0.124073364
R9C51_S174.1,Atrial CM,0.8759267,0.124073364
R9C57_S175,Ventricular CM,0.4180978,0.5819022
R9C57_S175.1,Ventricular CM,0.4180978,0.5819022
R9C62_S176,Atrial CM,0.5733678,0.42663226
R9C62_S176.1,Atrial CM,0.5733678,0.42663226
R9C66_S177,Atrial CM,0.52338976,0.47661027
R9C66_S177.1,Atrial CM,0.52338976,0.47661027
