Cell ID,True Label,Predicted Label,CD4 Probability,CD8 Probability
AAACGGCTCGATAC-6,CD8,CD8,0.002730176,0.9972698
CAGGGCACTTCACT-7,CD8,CD8,0.0008168685,0.9991831
AAACTTGAAGGTTC-4,CD8,CD8,0.0019510838,0.9980489
TGCTAGGAGTCGTA-1,CD4,CD4,0.97586834,0.024131697
TCGCAAGAGTTTGG-7,CD4,CD4,0.9892196,0.0107803615
TGGTAGACCGTGAT-5,CD4,CD4,0.99408025,0.005919694
TCGACGCTACCTTT-6,CD8,CD8,0.001720942,0.9982791
TACTGTTGGTACAC-5,CD8,CD8,0.056220528,0.94377947
TTATGGCTTTCTTG-2,CD4,CD4,0.99918884,0.00081111817
GGATTTCTAGCATC-6,CD8,CD8,0.0013022685,0.99869776
ACTACTACTTTGCT-7,CD8,CD8,0.084705696,0.9152943
CATGCGCTCTACTT-2,CD8,CD8,0.0007952838,0.9992047
ACGACCCTCCTAAG-5,CD4,CD4,0.97999454,0.020005513
CCAACCTGAAGTGA-8,CD8,CD8,0.00068912434,0.99931085
GGTTTACTTGCGTA-6,CD4,CD4,0.9905805,0.0094195055
TGTAACCTCCCAAA-2,CD4,CD4,0.8486039,0.1513961
GTGTAGTGAAGGTA-2,CD4,CD4,0.99625397,0.0037459917
TTGCTAACAGAACA-5,CD8,CD8,0.0008708228,0.99912924
CACCGGGATCCTTA-4,CD4,CD8,0.4802557,0.5197443
CTTACAACGTTGGT-2,CD8,CD8,0.05475388,0.9452461
AGAATGGAGGTATC-8,CD4,CD4,0.99323684,0.0067631523
GACGTCCTCCCTTG-3,CD4,CD4,0.996675,0.0033249233
TGGAAAGACCTTTA-7,CD8,CD8,0.34242824,0.6575718
ATTCGGGATCTACT-1,CD4,CD4,0.9811081,0.01889183
GTCCCATGTATGGC-1,CD4,CD4,0.9940018,0.005998123
CGCATAGACTAGAC-5,CD4,CD4,0.9906906,0.009309375
GAAGTGCTCACAAC-8,CD4,CD4,0.981326,0.018674014
GCGTAAACCATCAG-8,CD8,CD8,0.0014385093,0.99856156
AAAGATCTTTCTCA-8,CD4,CD4,0.8037295,0.19627053
CCCGAACTGCCATA-7,CD4,CD4,0.9924873,0.0075127105
AGGTGGGATTTGTC-6,CD4,CD4,0.9911432,0.008856819
ATACCGGATTCCAT-4,CD4,CD4,0.9907432,0.009256776
GTATCTACAGCCAT-6,CD4,CD4,0.96151006,0.038489886
TAGTCACTTTCGTT-1,CD4,CD4,0.9943996,0.005600362
CGCGATCTGAGGGT-4,CD8,CD8,0.013584769,0.9864152
AAGTTCCTAAGAAC-4,CD4,CD8,0.116465114,0.8835349
CACTCCGATGCCCT-8,CD8,CD8,0.002496976,0.997503
GAAGCTACGAATGA-5,CD8,CD8,0.0014377725,0.9985623
AAACGGCTCCCTAC-7,CD4,CD4,0.79366547,0.20633453
CGTCCAACTGGTAC-3,CD8,CD8,0.1566695,0.84333056
TAAGAACTAGCTCA-2,CD4,CD4,0.998931,0.0010689563
GACAGTTGACAGCT-1,CD8,CD8,0.0013111138,0.9986889
CTCAGCTGCGAGAG-2,CD4,CD4,0.9927988,0.0072011957
GCACGGACCACCAA-6,CD8,CD8,0.009849284,0.9901507
ACACCCTGGGACTT-5,CD8,CD8,0.05713954,0.9428605
CACGATGAGCTTAG-6,CD8,CD8,0.0004721563,0.9995278
ATTTAGGATACAGC-1,CD8,CD8,0.013718758,0.9862812
TAACAATGGGGTGA-7,CD4,CD4,0.9909496,0.009050474
CATGTACTTGGAAA-1,CD4,CD4,0.9935142,0.006485808
CCAGACCTCTCAAG-2,CD4,CD8,0.26058307,0.7394169
GTACAGTGCTGTAG-3,CD8,CD8,0.06742506,0.932575
AACTCTTGGGACAG-7,CD4,CD4,0.9672879,0.032712106
CGAGATTGAAGTGA-4,CD8,CD8,0.00023144245,0.99976856
AGACCTGACCAATG-4,CD4,CD4,0.9915183,0.008481709
CCATCGTGCTCAGA-1,CD8,CD8,0.018319722,0.9816803
ACGGAGGAGCAGTT-8,CD8,CD8,0.0006812283,0.99931884
TGATACCTGTAAAG-5,CD8,CD8,0.0008666983,0.9991333
GCGGCAACTGAAGA-8,CD4,CD4,0.60983586,0.39016414
ATTGTAGACCCAAA-7,CD4,CD4,0.9971877,0.0028123495
CCCTGATGTTCTTG-6,CD4,CD4,0.9957924,0.004207601
TTCCATGATCCTAT-3,CD4,CD4,0.9883152,0.011684752
ATTGCACTATCTCT-6,CD4,CD4,0.9916038,0.008396187
GTGGAGGACTCGCT-6,CD4,CD4,0.9976592,0.0023407594
ACCACGCTGTCTTT-1,CD4,CD4,0.9929461,0.007053912
GAGAAATGTCCCAC-1,CD8,CD8,0.0033513678,0.9966486
AACCGATGCCGTTC-4,CD8,CD8,0.03183019,0.96816987
GAGTACTGATCGAC-8,CD4,CD4,0.99422,0.0057800547
ATTCGGGACCGTAA-8,CD4,CD4,0.7482696,0.2517304
CTGAACGAATACCG-4,CD4,CD4,0.99395,0.0060499734
ATGCTTTGTTCGCC-6,CD4,CD4,0.99777395,0.0022260882
GGTACATGTGTCGA-5,CD4,CD4,0.99509984,0.0049001807
GGAGACGATGTCCC-8,CD4,CD4,0.9214664,0.07853358
GATCTACTTGGCAT-1,CD8,CD8,0.04036353,0.9596364
GTTAGGTGCAAAGA-6,CD8,CD8,0.002929813,0.9970702
ACCTTTGAAGCATC-7,CD4,CD4,0.9912519,0.0087481
CGCGAGACTCCCGT-7,CD8,CD8,0.00092321576,0.9990767
TCTAACTGCTTGAG-2,CD8,CD8,0.016151827,0.98384815
TGCTATACCGACAT-3,CD8,CD8,0.00014972957,0.9998503
AATACCCTATGTCG-5,CD8,CD8,0.0024561652,0.99754375
CGAGGAGATGGAGG-6,CD4,CD4,0.9990306,0.00096941524
CAGACAACGCCTTC-6,CD4,CD4,0.9943585,0.005641475
TCCGGACTACCTAG-1,CD4,CD4,0.98383105,0.016168907
TGTAGTCTTGTCCC-4,CD4,CD4,0.9957718,0.004228133
TGACCGCTCGTTAG-3,CD4,CD4,0.9954863,0.0045136414
TGCTTAACCACCAA-5,CD4,CD4,0.9933321,0.006667952
CTACGGCTGCCCTT-1,CD4,CD4,0.9899177,0.010082317
GGCCAGACTCAGGT-2,CD8,CD8,0.00011502547,0.99988496
GAGGTTACTTGGCA-6,CD4,CD4,0.9688538,0.031146249
TGCAACGATACTGG-6,CD4,CD4,0.97719175,0.022808203
TGACACGAACACTG-3,CD4,CD4,0.9806222,0.019377843
AGCATCGAATCGGT-7,CD8,CD8,0.0049579055,0.9950421
TCACCGTGGGGTGA-5,CD8,CD8,8.025046e-05,0.9999198
GCACTAGATATCTC-8,CD4,CD4,0.9989955,0.0010044876
TAGGTCGACTCCAC-3,CD4,CD4,0.9775348,0.022465209
TGATCACTTGGTTG-6,CD8,CD8,0.09216787,0.90783215
TCAATAGACCTATT-6,CD8,CD8,0.00027849045,0.99972147
CCTTTAGATCGTTT-2,CD4,CD4,0.99233454,0.00766541
GATCGTGAATGCCA-2,CD8,CD8,0.12879646,0.87120354
TTCAGTTGTCGTTT-8,CD8,CD8,0.0011112638,0.9988888
GCCTCAACCCGTAA-7,CD4,CD4,0.99454665,0.0054533565
AGTCTACTAACGAA-5,CD8,CD8,0.0029617979,0.99703825
ACACGAACCTTGCC-7,CD4,CD4,0.9974395,0.0025605347
AACATTGAGAGCTT-1,CD8,CD8,0.0521599,0.94784015
TCACCGTGAGATGA-7,CD8,CD8,0.0007958441,0.9992042
ATGCTTTGAGAATG-2,CD8,CD8,0.0029778527,0.9970221
TATTGCTGTGCCCT-8,CD8,CD8,0.08178467,0.91821533
TTGTAGCTATTCCT-7,CD8,CD8,0.00013600197,0.999864
CTATCCCTCTGAGT-3,CD4,CD4,0.99480826,0.0051917667
TATCTTCTGAGAGC-8,CD4,CD4,0.97808194,0.021918047
AACAATACCTGAGT-5,CD4,CD4,0.99105835,0.0089416895
GAAAGATGGTACGT-8,CD4,CD4,0.98740435,0.012595619
AGGTACTGCCCTCA-5,CD8,CD8,0.00080469606,0.9991953
CGTCGACTGTCTGA-2,CD4,CD4,0.9946643,0.0053357147
GGAGGATGGGGAGT-1,CD4,CD8,0.043319654,0.9566804
ATACGTCTTGCATG-1,CD8,CD8,0.28705186,0.71294814
GCTTGAGAAGCTCA-2,CD4,CD4,0.96413046,0.03586951
AAGCCTGACAGTTG-8,CD4,CD4,0.9924664,0.0075335633
AGTCACGATGCCAA-6,CD4,CD8,0.30587342,0.69412655
TAGAGAGATAGCCA-2,CD8,CD8,0.0004210267,0.999579
TATGTCACCACTGA-4,CD8,CD8,0.0071735526,0.99282646
TTAGTCTGAGAACA-6,CD4,CD4,0.995434,0.004565999
GTGTATCTGTCAAC-5,CD8,CD8,0.0022012407,0.99779874
TTCAAGCTCCTTCG-3,CD8,CD8,0.044759367,0.9552406
CAACCAGACCCACT-3,CD4,CD4,0.9728555,0.027144464
GATCGAACTCCGAA-4,CD4,CD4,0.9966478,0.0033521608
CCGACACTGAATAG-6,CD4,CD8,0.31426698,0.685733
TGTAGTCTTATCTC-4,CD8,CD8,0.00105503,0.99894494
ATAAACACCAGGAG-2,CD4,CD4,0.99411845,0.0058816043
AGCTTTACGGAGTG-1,CD4,CD4,0.9928491,0.0071508484
CCCAACTGCCCACT-3,CD4,CD4,0.98651403,0.013485957
CCTCTACTTTTACC-3,CD4,CD4,0.99749583,0.002504166
TAAGATTGGCTTAG-7,CD4,CD4,0.6348975,0.36510256
TCTCCACTAGAGGC-7,CD4,CD4,0.9953242,0.004675787
CCAATTTGTTCTAC-8,CD8,CD8,0.0002390082,0.99976104
ACCCACTGGTATCG-2,CD8,CD8,0.004257206,0.99574274
CGAGGCACCAATCG-8,CD8,CD8,0.012455073,0.98754495
AAGCCAACGGATCT-5,CD4,CD4,0.99708,0.002919956
ATCTGTTGATCACG-8,CD4,CD4,0.7852366,0.21476337
ACTCAGGACTGCAA-2,CD4,CD4,0.9934815,0.006518518
ACCCTCGAAACGGG-6,CD8,CD8,0.0016279203,0.99837214
ACTTAAGAATGCCA-8,CD8,CD4,0.8652762,0.1347238
TGGATGTGGTTAGC-7,CD8,CD8,0.17031468,0.82968533
ATTCGGGAGCGAGA-8,CD8,CD8,0.11756143,0.8824386
GATGCAACATGTGC-7,CD4,CD4,0.9959163,0.004083725
CGCACTACTGATGC-8,CD4,CD4,0.99486226,0.0051376997
TTCAGTACCTGTCC-7,CD8,CD8,0.0021804224,0.99781954
GTAGTGACTCGATG-4,CD4,CD4,0.99714607,0.002853881
TCCCGAACCTACCC-8,CD4,CD8,0.028490009,0.97151
GCCTGACTTCGCAA-2,CD4,CD4,0.9968489,0.0031511276
GCCTACACACAGCT-4,CD8,CD8,0.0006892695,0.99931073
TGAGACACACGCTA-6,CD4,CD4,0.99435633,0.005643642
GAGAGGTGTTTGCT-7,CD8,CD8,0.009759648,0.99024034
TAGGGACTACCACA-6,CD8,CD8,0.007290444,0.9927095
TTAGGTCTTACAGC-2,CD8,CD8,0.00026152824,0.9997385
CGCATAGACAGGAG-3,CD4,CD4,0.98634076,0.013659264
GCACGGTGTTGGCA-5,CD8,CD8,0.00039546602,0.9996045
TTACGTACGGCAAG-4,CD8,CD8,0.0019401633,0.9980598
GAACCTGAGGTTTG-7,CD8,CD8,0.0008435405,0.9991565
GAGCGCACAGACTC-7,CD8,CD8,0.00050017494,0.9994998
CATTTGACTGCTAG-6,CD8,CD8,0.027369505,0.97263044
AAGACAGATAAGGA-2,CD4,CD4,0.9848215,0.01517846
CTATAGCTACGGAG-7,CD8,CD8,0.062316734,0.9376832
TTACGACTGCAAGG-2,CD4,CD4,0.9523092,0.047690783
GATAGAGACACTGA-4,CD4,CD4,0.99689436,0.0031055666
GAGTACACCTGCAA-8,CD8,CD8,0.0007970284,0.999203
CGACCGGACTCGCT-5,CD4,CD4,0.9907934,0.0092065465
TTGAATGACTGGAT-6,CD8,CD8,0.05489193,0.94510806
TTCGATTGGTCTAG-3,CD4,CD4,0.9954094,0.0045905043
ACAGCAACACACGT-5,CD8,CD8,0.0068208147,0.9931792
CTTTGATGGAGGGT-6,CD4,CD4,0.97891676,0.021083191
CACTTATGACTAGC-6,CD4,CD4,0.98208433,0.017915709
ATTTCCGAGGAACG-1,CD8,CD8,0.0001283416,0.9998716
ACAATTGACTCCCA-1,CD4,CD4,0.99541074,0.004589287
CTAATAGATAAGGA-5,CD4,CD4,0.9882781,0.0117219305
CCTAAGGATGTGAC-2,CD8,CD8,0.009918777,0.99008125
TAATGTGACCAATG-2,CD8,CD8,0.045231197,0.9547688
AATGTCCTGCCAAT-7,CD4,CD4,0.9887738,0.011226132
GCACGGACCGCAAT-1,CD8,CD8,0.0004075065,0.9995925
CCGGTACTTCCAGA-8,CD4,CD4,0.9196675,0.08033255
CAGAAGCTAAGGTA-6,CD4,CD4,0.7600124,0.23998763
CCATTAACTGCCAA-8,CD8,CD8,0.0034603274,0.9965397
ATTCGACTTCCGAA-4,CD8,CD8,0.00094297394,0.999057
AGTAATACGGCATT-8,CD4,CD4,0.98912036,0.01087965
TAGGTGTGTCGTAG-5,CD4,CD4,0.9732295,0.0267705
ACGCTCACTGACAC-3,CD4,CD4,0.99606246,0.0039375895
GGCTAAACAGAACA-8,CD4,CD4,0.99242663,0.0075733843
AGTTTGCTGGACTT-4,CD8,CD8,0.018269477,0.9817306
ACGGAACTCTTATC-1,CD8,CD8,0.00032055733,0.99967945
CGACTGCTCGAATC-7,CD8,CD8,0.0040592947,0.9959407
CTGATACTCTGAGT-5,CD4,CD8,0.25997517,0.74002486
CGTACCACGTGTCA-6,CD4,CD4,0.6962531,0.30374685
ATGCGCCTGAAGGC-5,CD8,CD8,0.024795681,0.9752043
TACTGGGAATCTCT-4,CD4,CD4,0.8308624,0.16913755
TCATGTACGGTCTA-8,CD8,CD8,0.0027524251,0.9972475
ATAGGCTGAGCACT-4,CD4,CD4,0.9594619,0.040538132
CCTCGAACAGAAGT-4,CD8,CD4,0.6450109,0.3549891
GGCGGACTCTCTCG-1,CD4,CD4,0.9789327,0.021067329
TAAGGGCTACCTTT-6,CD4,CD4,0.94529325,0.054706715
CGTCCAACCCTTAT-7,CD4,CD4,0.9912032,0.008796794
AAATGTTGCGGTAT-7,CD4,CD4,0.99485046,0.005149549
TTCATGTGGGGTGA-8,CD4,CD4,0.9927592,0.0072408076
GACTGAACCGAATC-2,CD4,CD4,0.98605376,0.013946226
AGCGATACGGACAG-6,CD4,CD4,0.9948147,0.005185333
AGGGTGGACTGCAA-1,CD8,CD8,0.00020280549,0.99979717
TAACAATGTGAAGA-4,CD4,CD4,0.9595714,0.040428594
TAATGCCTCTGAAC-8,CD8,CD8,0.00011297747,0.999887
AGGAACCTTGTGAC-6,CD8,CD8,0.00027473664,0.9997253
CGCACGGAACACGT-6,CD8,CD8,0.0012330208,0.998767
ACTCGCACTCCTCG-3,CD4,CD4,0.9879175,0.01208254
TAGGCATGGCAAGG-7,CD8,CD8,0.18905987,0.81094015
GCGGACTGGTTGTG-1,CD4,CD4,0.9965603,0.0034396872
GCGCGATGAACCTG-1,CD4,CD4,0.97221,0.027790032
AAATTCGAAAGGTA-1,CD4,CD4,0.98462474,0.01537522
CTCGCATGGGACTT-1,CD4,CD4,0.9874724,0.012527519
TGACGAACCCCTAC-3,CD4,CD4,0.9143885,0.085611545
CTGGATGATGGTCA-3,CD4,CD4,0.97720623,0.022793727
TAGTATGAGCATCA-2,CD8,CD8,0.038254984,0.96174496
TTCGGAGAGTCACA-1,CD8,CD8,0.12213916,0.87786084
AACCTTTGGCAAGG-5,CD8,CD8,0.19577615,0.80422384
CGAGCCGATTCGTT-4,CD8,CD8,0.004561892,0.99543816
TCATTCGACATGGT-2,CD8,CD8,0.0002851828,0.9997148
ACTGCCTGAGCTAC-2,CD8,CD8,0.00016831602,0.9998317
ACAATCCTGCCCTT-8,CD4,CD4,0.9917841,0.0082159005
TTCTACGAGTTACG-5,CD8,CD8,0.08714491,0.9128551
GATTTGCTAGTCTG-6,CD8,CD8,0.12932856,0.87067145
GGACCCGACCAATG-2,CD4,CD8,0.4890667,0.5109333
AGCTGTGATCTGGA-7,CD8,CD8,0.13753653,0.8624635
ATCCAGGAAGTCAC-6,CD4,CD4,0.9487536,0.05124635
TGTATGCTCTACTT-4,CD8,CD8,0.00017606477,0.999824
AACCACGACTCTCG-6,CD4,CD4,0.65071356,0.34928644
ACGTGATGCTACCC-3,CD8,CD8,0.007098908,0.9929011
TTGTAGCTAGTGCT-6,CD4,CD4,0.9983658,0.001634198
ATTATGGAACCTAG-5,CD4,CD4,0.9566322,0.043367844
CTTACAACCGAACT-2,CD4,CD4,0.9672477,0.032752257
ATAGCGTGGTTTCT-8,CD8,CD8,0.00038851995,0.99961156
TATCAAGAGTCAAC-3,CD4,CD4,0.9994734,0.0005265927
TTACACACCTGCAA-2,CD8,CD8,0.12755884,0.8724412
CCTCATCTTCGTGA-1,CD4,CD4,0.9966208,0.0033791615
AAGATGGAAGAGTA-3,CD4,CD4,0.99427766,0.0057224114
GTTAGGTGACCCTC-4,CD4,CD4,0.9860367,0.013963258
GTTAGGTGCCCACT-8,CD4,CD4,0.97349,0.026510065
TAAGTCCTAGTCAC-5,CD4,CD4,0.9973055,0.0026944343
CCTATAACCAGAAA-2,CD4,CD4,0.99631727,0.0036826879
TACATAGATGGGAG-2,CD8,CD8,0.0015010837,0.9984989
CTAACGGACCGTTC-5,CD8,CD4,0.575134,0.42486602
GATGCCCTGAAAGT-1,CD4,CD4,0.9985864,0.0014135614
GCGTATGATGACCA-4,CD4,CD4,0.9505684,0.049431656
GATCTACTGTTGGT-6,CD4,CD4,0.9893327,0.010667398
AGCGTAACTTCCAT-3,CD4,CD4,0.99639636,0.0036036663
TGGTAGACCAATCG-3,CD8,CD8,0.0002115329,0.99978846
TAGGTTCTCGGAGA-7,CD4,CD4,0.9977812,0.0022188313
AGGATAGATGTCTT-7,CD4,CD4,0.9894398,0.0105602
CCCTGAACACAGTC-4,CD8,CD8,0.0026940424,0.997306
CATAAAACGGTTCA-4,CD4,CD4,0.99251854,0.007481491
AGAAGATGACACTG-1,CD8,CD8,0.04466505,0.95533496
CTTGAACTCTCTAT-1,CD8,CD8,0.035727285,0.96427274
AGTAGAGAACGTAC-8,CD4,CD4,0.9957712,0.0042287474
GTAGTGACAACAGA-1,CD4,CD4,0.99333465,0.006665277
GAAGTAGATGCCTC-5,CD4,CD4,0.9976675,0.0023324536
TTAACCACCATCAG-4,CD4,CD4,0.99302554,0.006974461
TAGATTGAGCTTCC-3,CD8,CD8,0.15007146,0.84992856
AGGCCTCTGGTCTA-4,CD4,CD4,0.9939725,0.006027477
ATTACCTGTGCCCT-6,CD4,CD4,0.9943705,0.0056294617
TGTAATGACGTCTC-3,CD4,CD4,0.9766103,0.023389684
AGAGAAACGACAGG-1,CD8,CD8,0.0003632914,0.99963665
CATCGCTGTGCCCT-2,CD8,CD8,0.356477,0.643523
CGGAATTGGCTGAT-2,CD8,CD8,0.009670824,0.99032915
GGCAAGGAGACGAG-1,CD4,CD4,0.99251705,0.0074830214
GTCTAACTGTACAC-6,CD8,CD8,0.17975855,0.8202415
TCCGAGCTTCGTGA-6,CD4,CD4,0.99152786,0.008472184
TAGTTCACCCGATA-7,CD4,CD4,0.90082294,0.09917712
CAGGGCACCTGAAC-2,CD8,CD8,0.23358601,0.766414
GTTATGCTAGATCC-4,CD4,CD4,0.7457511,0.25424895
CAAGTTCTTCAGTG-3,CD4,CD8,0.15520969,0.8447903
CCTTTAGAATTCCT-1,CD4,CD4,0.9976751,0.0023248927
ACAAATTGCCATAG-1,CD8,CD8,0.00040667446,0.9995933
ATGCGCCTTGTGAC-5,CD4,CD4,0.9308966,0.06910337
CATCGGCTGCGTTA-8,CD4,CD4,0.9900384,0.00996166
CTTACATGGCGTAT-2,CD4,CD4,0.91318274,0.08681726
TGATCGGAGAGACG-7,CD8,CD8,0.0016148585,0.9983852
AGAACGCTTCCTGC-5,CD4,CD4,0.99060833,0.009391676
CACTAGGATTCGCC-7,CD4,CD4,0.97261447,0.027385576
ATCACGGAGATGAA-5,CD4,CD4,0.9620566,0.037943467
GTCTAACTGCTACA-8,CD4,CD4,0.9939666,0.0060333703
TGTATGCTCACCAA-3,CD4,CD4,0.98735785,0.012642217
GACGAGGACTTACT-1,CD8,CD8,0.00056997174,0.99943
GAAACCTGCCGTAA-7,CD4,CD4,0.9915537,0.008446314
CGGACTCTGAGGGT-2,CD4,CD4,0.98425794,0.015742112
CCACTGTGTCGCTC-1,CD4,CD4,0.99761945,0.002380496
ATCCAGGATCGCAA-5,CD4,CD4,0.99787116,0.0021288006
CATTTGTGTAACCG-3,CD8,CD8,0.00040463806,0.99959534
TTGTCATGTGCCCT-4,CD8,CD8,0.00017581061,0.9998242
TGCCGACTGGACAG-2,CD4,CD4,0.9946556,0.0053443606
CTGCGACTGAAAGT-4,CD4,CD4,0.9988439,0.0011561173
GAGGTTTGTAACCG-1,CD4,CD4,0.99965775,0.0003423021
TGAACCGATGTGAC-3,CD4,CD4,0.99533623,0.00466373
TCAGCGCTGTTCGA-4,CD4,CD4,0.82347685,0.17652318
ATCGCCACCTCGAA-4,CD4,CD4,0.7923999,0.20760015
TGAGCAACAGGTCT-6,CD4,CD4,0.99599314,0.0040068515
GGAGTTACTGTCCC-5,CD4,CD4,0.9943151,0.005684861
TATAGATGAGTACC-2,CD4,CD4,0.9967638,0.0032361355
TATAGCCTGCTTCC-4,CD8,CD8,0.3758133,0.62418664
CATGGCCTAGCCTA-5,CD4,CD4,0.9736695,0.02633049
TGTTAAGAGAGGAC-3,CD4,CD4,0.9607345,0.03926557
CACGCTACTGCGTA-6,CD4,CD4,0.9852697,0.014730331
CATGAGACGTCTTT-8,CD4,CD4,0.8539451,0.14605498
TCGTAGGACACTAG-4,CD8,CD8,0.025733352,0.9742666
AACGCATGGCTGAT-4,CD4,CD4,0.9961404,0.003859611
GACAACTGGGAAAT-5,CD4,CD4,0.57956135,0.42043865
CAATATGAACGTTG-7,CD4,CD4,0.9564991,0.04350091
ATCAGGTGAGCTCA-8,CD8,CD8,0.0021760385,0.99782395
GTAGCATGTGAACC-5,CD8,CD8,0.41935652,0.5806435
ATGTTAGACGTCTC-5,CD4,CD4,0.99706906,0.0029310111
TCTACAACCCATAG-2,CD4,CD4,0.99654514,0.0034548463
GAGCGCTGGGGCAA-6,CD8,CD8,0.2583883,0.7416117
CTCAGGCTAGTCTG-7,CD8,CD4,0.82071674,0.17928325
ATCTTGACCCCTTG-3,CD8,CD8,0.0017748702,0.99822515
ACGGGAGAGGAACG-4,CD4,CD4,0.9993337,0.0006662691
ACCTATTGGGAGTG-6,CD4,CD4,0.98738736,0.012612609
GGTATGACCTACTT-7,CD4,CD4,0.9985018,0.0014982404
AAAGCAGACCCTTG-6,CD8,CD8,0.00029440704,0.9997056
CGAGATTGCCTTTA-2,CD4,CD4,0.987588,0.012412031
CAGGTTGATCGTAG-1,CD4,CD4,0.99495703,0.0050429753
ACGCCACTTCAGGT-7,CD8,CD8,0.004465257,0.9955348
AAGCCATGACACTG-7,CD8,CD8,0.001186623,0.9988134
AGTTCTACGTGTTG-3,CD8,CD8,0.008727474,0.9912725
CAATTCTGTTGGTG-1,CD8,CD8,0.0115924105,0.98840755
CGACTCACAAGAGT-3,CD8,CD8,0.042085826,0.95791423
AGAATGGAGGTGAG-4,CD4,CD4,0.9863517,0.013648238
CTCTAATGGTCCTC-3,CD8,CD8,0.00046457117,0.99953544
CCATCCGACGTAGT-1,CD4,CD4,0.99791557,0.0020844522
GCACGGTGGACGGA-6,CD4,CD4,0.99642664,0.0035734132
AACCTTTGCAGAGG-5,CD4,CD4,0.99784815,0.0021518276
CATAAAACAACCTG-1,CD4,CD4,0.9975668,0.002433238
CATTTGTGACCCTC-7,CD4,CD4,0.9701769,0.029823136
TAAATGTGGAACCT-1,CD4,CD4,0.9984384,0.0015615522
ACCGAAACTCCTCG-4,CD4,CD4,0.9971328,0.0028672062
ATAAACACAAAAGC-5,CD4,CD4,0.9784309,0.021569045
TAGTCTTGTAGACC-5,CD8,CD8,0.07348263,0.9265174
AGTCTTACATCGTG-3,CD4,CD4,0.9664543,0.03354563
TTCTAGTGAACGAA-8,CD4,CD4,0.99086565,0.009134412
CACTGCACGCAGAG-7,CD4,CD4,0.9912469,0.0087531805
GACGTAACCAATCG-4,CD4,CD4,0.98001206,0.019987972
CGATCCACGTCGAT-4,CD4,CD4,0.9657122,0.03428782
CGACTCACTACTTC-4,CD4,CD4,0.5151364,0.48486355
AATCCGGACTGTTT-6,CD4,CD4,0.9839663,0.016033707
AATACCCTTTTCGT-3,CD8,CD8,0.0027080395,0.997292
CAGAAGCTTAAGGA-4,CD8,CD8,0.022935916,0.9770641
AGTGTTCTAGATGA-1,CD4,CD4,0.9989838,0.0010161268
TATTGCTGTGGTTG-3,CD4,CD4,0.99221075,0.0077892244
CGGCATCTACGGTT-5,CD4,CD4,0.9976157,0.0023843835
ACGGTCCTTTTGGG-4,CD4,CD4,0.9980242,0.0019758183
CCCTACGAGTAAGA-2,CD4,CD4,0.9689585,0.031041538
AAATCCCTATGCCA-7,CD4,CD4,0.99738234,0.002617656
AGACACTGCAACTG-8,CD8,CD8,0.0006805008,0.99931955
TTCGAGGATGTGGT-2,CD4,CD4,0.9755706,0.024429327
AGAGCTACCATTGG-3,CD4,CD4,0.9948554,0.005144597
TTCCCACTGGTACT-6,CD4,CD4,0.99840397,0.0015960323
GTTGTACTTCTCTA-6,CD4,CD4,0.97547185,0.024528211
GTGTATCTGTCTGA-8,CD4,CD4,0.9932776,0.0067223716
GCCATGCTACGCAT-2,CD4,CD4,0.90435463,0.09564536
GGTAGTACACTAGC-5,CD4,CD4,0.9870839,0.012916107
GACAGTTGACCCAA-6,CD4,CD4,0.98463374,0.015366258
GACATTCTATCAGC-5,CD4,CD4,0.99270564,0.007294289
CCCGAACTTGAAGA-5,CD8,CD8,0.00040811024,0.9995919
TGCAATCTCAGTTG-8,CD4,CD8,0.011173948,0.98882604
CCTCATCTCATTGG-7,CD4,CD4,0.99790084,0.0020990924
AAGCAAGACGGAGA-2,CD4,CD4,0.99517894,0.004821112
CAGCGGACTCGTGA-8,CD4,CD4,0.9803765,0.01962356
TTTCGAACCCCAAA-4,CD8,CD8,0.004986266,0.9950138
CTGAGAACCAACTG-7,CD4,CD4,0.9963767,0.003623362
GCAATTCTCTGGAT-1,CD4,CD4,0.99636084,0.0036391995
TTCGGAGAAGCTAC-1,CD4,CD4,0.99409467,0.0059053553
GAAAGATGAAGTGA-1,CD8,CD8,0.25366867,0.74633133
GATAAGGAAGTGCT-3,CD4,CD4,0.99002635,0.009973716
ATCTTTCTTGACTG-8,CD8,CD8,0.033051334,0.9669486
CAGTCAGACGAGAG-8,CD8,CD4,0.7982764,0.20172355
TATCAAGAGTGTAC-4,CD8,CD8,0.00054746494,0.99945253
ACCGTGCTGGTATC-5,CD4,CD4,0.9880845,0.011915516
ATCAGGTGCGGAGA-7,CD8,CD8,0.0010302778,0.9989697
TAACCGGAAGAAGT-8,CD4,CD4,0.9838786,0.016121393
GTGCTAGAAGTACC-3,CD8,CD8,0.18647127,0.8135287
TAGCCCACGTAGCT-4,CD8,CD8,0.29378685,0.7062132
TGGTACGAGACTAC-5,CD8,CD8,0.21850859,0.78149146
ACCCAGCTGTTACG-3,CD8,CD8,0.004538466,0.9954615
CCAACCTGCCAAGT-5,CD8,CD8,0.011125107,0.9888749
GTTTAAGAGGAGTG-5,CD8,CD8,0.00017733258,0.9998227
AGTTCTTGAAGTGA-1,CD8,CD8,0.057989705,0.9420103
AAGCGACTTCCTCG-1,CD4,CD4,0.9849782,0.01502188
AGCAACACTCGCCT-1,CD4,CD4,0.99793327,0.0020667699
ATCTTGACCTGGAT-8,CD8,CD8,0.0009321331,0.99906784
CGTACCTGGTCAAC-2,CD4,CD4,0.9832146,0.016785419
AAACGCACAGGCGA-5,CD8,CD8,0.003180344,0.9968196
TACAAATGCGTGTA-2,CD8,CD8,0.0035573568,0.9964426
GATGCATGCTGTCC-6,CD8,CD8,0.0003872053,0.99961287
GTTAGGTGTGTGCA-4,CD8,CD8,0.0029032363,0.9970968
AAACGGCTACTGTG-8,CD8,CD8,0.0065259705,0.99347407
CGCTACTGCTAGCA-1,CD8,CD8,0.00090625527,0.9990938
ACTCGCACCGTTGA-3,CD4,CD4,0.98719704,0.012802952
CGAGCGTGTCGCTC-4,CD8,CD8,0.00037418387,0.9996258
TCAGTACTCACCAA-7,CD8,CD8,0.16274935,0.8372506
GCGGACTGCCCTAC-7,CD4,CD4,0.9904171,0.009582959
ATTAACGAGTCTGA-7,CD8,CD8,0.1820012,0.8179988
ATACTCTGTGCCCT-6,CD8,CD8,0.086038075,0.91396195
TTCACCCTCCAACA-8,CD4,CD4,0.994166,0.0058339313
CACGATGATGTAGC-7,CD4,CD4,0.9913936,0.008606348
TGTTACACAAAGTG-2,CD8,CD8,0.00091804756,0.99908197
TGGATCGATGAGCT-8,CD8,CD4,0.57806444,0.42193556
AGGGTGGAACGTTG-4,CD4,CD4,0.99541926,0.0045807622
GTCAATCTGAGGCA-6,CD4,CD4,0.98198193,0.018018052
CCTCGAACTTCCCG-1,CD4,CD4,0.98409224,0.015907789
ACAGTGACTACGCA-7,CD4,CD4,0.99091786,0.009082144
TTCAGACTCGAATC-1,CD8,CD8,0.028534805,0.97146523
AACCACGACCCTCA-2,CD4,CD4,0.9830602,0.01693982
TTACCATGGGTACT-8,CD4,CD4,0.94188935,0.05811058
TTGAACCTTGTGAC-5,CD4,CD4,0.9979843,0.0020156922
TAACTAGAGCTTAG-7,CD4,CD4,0.9724495,0.027550552
CACTGCACCATTGG-1,CD4,CD4,0.97279906,0.027200934
CTATCATGTGCACA-7,CD8,CD8,0.041428324,0.9585716
ATCACTACACCTAG-1,CD4,CD4,0.9938467,0.0061532515
TTTAGAGAAAGGTA-4,CD8,CD8,0.2971195,0.70288056
TCGCAAGAGCGAGA-5,CD4,CD4,0.99771345,0.002286517
AGTACTCTCCAGTA-2,CD4,CD4,0.9738349,0.026165076
GCCACGGATTTCAC-7,CD4,CD4,0.9903233,0.009676722
ACAGCAACCATTCT-4,CD4,CD4,0.99357295,0.00642707
TCGATTTGCTTCGC-6,CD8,CD8,0.022825927,0.97717404
TAGGCTGAAGCAAA-1,CD8,CD8,0.24680603,0.753194
TCTAGTTGAGTCAC-5,CD4,CD4,0.9785204,0.021479543
TACAAATGCTGAGT-8,CD8,CD8,0.026171606,0.9738283
GATAGAGAATCGGT-6,CD4,CD4,0.6428323,0.35716775
CGAGTATGAGTACC-6,CD4,CD4,0.9979425,0.002057496
GCCATCACAGCACT-7,CD4,CD4,0.9926905,0.007309459
GACCTCTGTTATCC-6,CD4,CD4,0.9973545,0.00264551
ACGAACACCCAGTA-7,CD4,CD4,0.9754033,0.024596713
AGCAAAGATCATTC-5,CD4,CD4,0.9970138,0.0029861873
TGGATGACGTATCG-7,CD4,CD4,0.9972631,0.0027368926
TATAAGTGTTGACG-8,CD4,CD4,0.993244,0.0067560524
GGTACATGGGGAGT-4,CD8,CD8,0.051314257,0.94868577
GAGGTACTCTGCAA-5,CD8,CD8,0.004908027,0.9950919
CAGAAGCTCCATGA-4,CD8,CD8,0.0011915535,0.9988085
TCGCACACCCGTTC-3,CD8,CD4,0.9342502,0.065749854
CCAAGTGATACGAC-4,CD4,CD4,0.99076134,0.009238584
GCCTCATGACTAGC-1,CD4,CD4,0.9688001,0.031199805
AGACACACCCTCAC-7,CD8,CD8,0.0007417971,0.9992582
GGTCAAACCTTGAG-6,CD4,CD4,0.9980489,0.0019511117
TGCTGAGACCTGTC-8,CD8,CD8,0.0521907,0.9478093
CCCTACGACCAACA-1,CD8,CD4,0.85844535,0.14155461
GCCCAACTTACGCA-2,CD4,CD4,0.99640036,0.0035996074
GAATGCTGCTGATG-1,CD4,CD4,0.99300236,0.0069976333
ATGCGATGGGCGAA-6,CD4,CD4,0.99607676,0.0039231963
TTACAGCTGTGCAT-1,CD4,CD4,0.9872542,0.0127458
TGAGTCGACTCCCA-6,CD4,CD4,0.99361503,0.0063849865
GCTTAACTTCTCTA-8,CD4,CD4,0.99875855,0.0012414568
TCACGAGAAAGTGA-5,CD4,CD4,0.9970611,0.0029389074
AGCCTCTGGGAGCA-7,CD4,CD4,0.99710566,0.0028943026
GCAGTCCTACAGCT-6,CD4,CD4,0.9893295,0.010670521
GGAAGGACCCTGAA-1,CD8,CD8,0.0023898908,0.9976101
ATTCCAACTCACGA-7,CD8,CD8,0.0021965452,0.9978034
GCCAACCTTCCTTA-7,CD4,CD4,0.9974292,0.0025707455
GTCTAACTAAGAAC-8,CD4,CD4,0.79896754,0.20103249
ACCCACTGGTAAAG-5,CD8,CD8,0.038925093,0.96107495
GCACTAGAGAGACG-6,CD4,CD4,0.99465007,0.005349938
AACCCAGATCACCC-8,CD4,CD4,0.9969887,0.0030112981
ACCTGAGATAGAGA-3,CD4,CD4,0.99195063,0.008049345
TAAATGTGCTGATG-5,CD8,CD8,0.0015157993,0.9984842
CAATAAACACCAGT-5,CD4,CD4,0.970882,0.029118024
CAGACCCTCGTTGA-6,CD8,CD8,0.0009880459,0.9990119
ACGATTCTAACGAA-6,CD8,CD8,0.0058497833,0.9941502
AGCGTAACGTTGGT-3,CD4,CD4,0.9872339,0.012766108
GCAGTTGAATTCCT-6,CD8,CD8,0.29510054,0.70489943
GGCATATGTTCTTG-5,CD4,CD4,0.9977393,0.002260725
CTAATGCTTCCGAA-2,CD4,CD4,0.9611654,0.03883455
CGTACCTGATTTCC-8,CD8,CD8,0.002360633,0.9976394
CGATAGACAGAGGC-8,CD4,CD4,0.9221354,0.0778646
TGTAAAACCCTCGT-3,CD4,CD4,0.9917162,0.0082837995
ACCTCCGATCTTCA-2,CD4,CD4,0.94565886,0.05434117
AGCCGGTGGTGAGG-7,CD8,CD8,0.0004302006,0.99956983
AAGGCTTGCATCAG-4,CD8,CD8,0.0059207627,0.99407923
TACGACGAGGAAAT-7,CD8,CD8,0.004544485,0.9954555
TGCAGATGCCATGA-6,CD8,CD8,0.0012260153,0.998774
AAGTCTCTGGCGAA-2,CD8,CD8,0.0016983536,0.9983016
TCGTAGGATTTACC-7,CD4,CD4,0.72358054,0.27641943
CGTGAAACTAAGGA-3,CD4,CD4,0.9967663,0.0032336847
TCCATAACGTATGC-2,CD4,CD4,0.97583824,0.024161799
TCGTTATGGTGAGG-3,CD8,CD4,0.83023655,0.16976346
CACGAAACAACGTC-4,CD4,CD4,0.9883277,0.0116722975
ATTCGACTCGTAGT-4,CD8,CD8,0.37780777,0.6221922
GCCGACGAAGGTCT-8,CD8,CD4,0.50371933,0.4962807
TCACCGTGATCGAC-3,CD8,CD8,0.004183275,0.99581677
GAAGCGGATCACGA-8,CD8,CD8,0.0003666647,0.9996333
TTGACACTCTCGAA-7,CD8,CD8,0.0036232106,0.9963768
GCTTAACTGTCTAG-4,CD4,CD4,0.99447626,0.005523714
ATAAGTACAGCTAC-6,CD8,CD8,0.0038284988,0.99617153
TCGAGCCTCATCAG-1,CD4,CD4,0.98929477,0.010705287
GCGTAAACCGAGTT-4,CD4,CD4,0.99568886,0.0043111164
AGACGTACTTTCGT-7,CD4,CD4,0.9916433,0.008356767
ACGGCTCTGGGAGT-4,CD4,CD4,0.98880565,0.011194291
GAACAGCTACCTAG-5,CD4,CD4,0.9990023,0.0009976869
GCGGAGCTTCCTCG-7,CD4,CD4,0.9966474,0.0033525578
CGGCACGAAGCTCA-4,CD8,CD8,0.024579214,0.9754208
ATATGAACTAGAGA-3,CD8,CD8,0.056886118,0.9431139
TGTGGATGGAGGAC-8,CD4,CD4,0.9784733,0.021526683
ATACCTTGATAAGG-6,CD4,CD4,0.99496824,0.0050317696
ATAGTCCTAGTACC-5,CD4,CD4,0.9606286,0.039371397
TACTTTCTGTTCTT-8,CD8,CD8,0.00019098174,0.9998091
TGGAACTGGTAAGA-6,CD8,CD8,0.0028346519,0.9971654
GAGAGGTGTTACCT-4,CD4,CD4,0.86277807,0.137222
CGGATAACAAGCAA-6,CD8,CD8,0.0052030627,0.99479693
CATGGATGCTCGAA-5,CD4,CD4,0.9937935,0.006206499
CGCCATACCACACA-1,CD8,CD8,0.00016706229,0.99983287
AGGCTAACGAGAGC-1,CD4,CD4,0.99508923,0.00491079
GTCAACGAGGTGAG-1,CD8,CD8,0.25521788,0.74478215
TACCATTGGTTGGT-5,CD8,CD8,0.016195493,0.9838045
GTGCCACTGTGTTG-1,CD8,CD4,0.80064696,0.19935302
TGCCCAACCCCTAC-2,CD8,CD8,0.008373957,0.991626
GCAATCGAGCATCA-5,CD4,CD4,0.97183067,0.028169392
CTGCGACTAGAGAT-7,CD4,CD4,0.9967955,0.003204556
AACGTGTGTGGAAA-7,CD8,CD8,0.0024530631,0.997547
ATCATCTGTGCGTA-7,CD4,CD4,0.988284,0.011716033
GAGGCCACACCTTT-1,CD4,CD4,0.9923746,0.0076254494
ACCATTACGTAAGA-2,CD4,CD4,0.9873892,0.012610744
AGGAATGACGAATC-5,CD4,CD4,0.80783594,0.19216403
AGTAGGCTAGCTAC-3,CD8,CD8,0.4000913,0.5999087
GGCATATGCTGAAC-8,CD8,CD8,0.00033568664,0.9996643
AGGGAGTGCTAGCA-3,CD4,CD4,0.9934936,0.006506415
GATTGGACCTGTTT-7,CD8,CD8,0.00050415186,0.99949586
TAGGTGACGCTCCT-4,CD8,CD8,0.0003648891,0.9996351
GATTGGTGGTACAC-3,CD8,CD8,0.0001579719,0.99984205
ACACATCTTGCTGA-6,CD8,CD8,0.0029379814,0.997062
AGTCAGACCTATGG-4,CD8,CD8,0.0779443,0.92205566
AAGCCATGCGCATA-7,CD4,CD4,0.99114156,0.008858405
AGTAAGGATTGTGG-7,CD4,CD4,0.9947107,0.0052893213
CCGACTACGGCAAG-3,CD8,CD8,0.00020706847,0.999793
TGAGCTGAGCTACA-1,CD4,CD4,0.9910501,0.008949925
TGTAGTCTGTGTAC-7,CD4,CD4,0.90115017,0.09884978
CTGAACGATCAGTG-3,CD4,CD4,0.99803346,0.0019665323
TCTCCACTGGTGGA-2,CD8,CD8,0.00023405346,0.99976593
GTCAATCTCAGCTA-5,CD8,CD8,0.036650553,0.96334946
TGTGGATGCCTTCG-2,CD8,CD8,0.47331953,0.5266805
CTTAAGCTCATACG-7,CD4,CD8,0.44315886,0.55684114
AGGAGTCTGCTCCT-8,CD4,CD4,0.9916687,0.008331258
GACTGAACATTGGC-1,CD8,CD8,0.08221209,0.9177879
AACGTCGATTTACC-2,CD8,CD8,0.0047412654,0.99525875
AACCGATGTTGACG-4,CD8,CD8,0.057923082,0.9420769
GCCCAGGATGTGCA-1,CD4,CD4,0.9920522,0.007947733
AATCTCTGAGCGTT-6,CD4,CD4,0.987564,0.012435913
CCGAAAACCTTCGC-2,CD8,CD8,0.0074678785,0.9925322
CTACCTCTCGTTAG-1,CD8,CD8,0.0002708709,0.9997291
CTGAGCCTGGACAG-2,CD4,CD4,0.9926524,0.0073475023
GTTGACGATTGCAG-5,CD4,CD4,0.9573693,0.042630617
AAATGGGATGGCAT-6,CD4,CD4,0.9533317,0.04666826
GTCTAACTAGAGAT-5,CD4,CD4,0.9979358,0.002064282
GCAATTCTAGCATC-6,CD8,CD4,0.90642315,0.09357688
CAAGCCCTACCATG-6,CD4,CD4,0.9891885,0.010811496
CAAGAAGACTGCTC-3,CD4,CD4,0.99554425,0.0044557173
CTGCCAACCCGTAA-1,CD4,CD4,0.9818677,0.018132377
CGCAGGACACTACG-6,CD4,CD4,0.9651086,0.03489146
AGCAAAGAAGTAGA-2,CD4,CD4,0.98873746,0.011262472
TGCGATGACTGTAG-6,CD4,CD4,0.9718516,0.028148362
AGTTTGCTAATCGC-4,CD8,CD8,0.027973147,0.9720268
AGAGCTACACACGT-7,CD4,CD4,0.9880733,0.011926658
GACCTCTGTCAGAC-2,CD4,CD4,0.9992061,0.00079389475
GAGGTTACGGGTGA-5,CD8,CD8,0.4449344,0.55506563
TAGGGACTCCGCTT-1,CD4,CD4,0.97161025,0.028389698
TTCCATGAGCAGAG-3,CD8,CD4,0.5259194,0.47408062
TCCCAGACGGTATC-6,CD4,CD4,0.987912,0.012087995
TTGGTACTGTCGAT-1,CD8,CD4,0.7854223,0.2145777
ATCGCCTGCGTTAG-3,CD4,CD4,0.99499065,0.0050094
TGATCGGATAGAGA-1,CD8,CD4,0.6545123,0.34548768
GTCAATCTCAAGCT-5,CD8,CD8,0.0016003387,0.9983997
CGACTCTGTATCTC-6,CD4,CD4,0.9735034,0.026496582
AGTACTCTTCTCAT-8,CD4,CD4,0.62352574,0.37647426
ACGCAATGTGTCAG-5,CD8,CD8,0.00065417297,0.99934584
AGGTGGGATGTGAC-4,CD4,CD4,0.73253435,0.2674657
ACCTGGCTACAGTC-5,CD4,CD4,0.98841023,0.011589723
CCAGTCACTTTCAC-7,CD8,CD8,0.0007194298,0.99928063
CTAGGATGCTGATG-5,CD4,CD4,0.98462415,0.015375864
CTGCGACTGGGTGA-7,CD4,CD4,0.995741,0.0042590257
CCTATTGATGCTCC-5,CD4,CD4,0.9951644,0.0048355786
GTAAGCTGCACCAA-7,CD8,CD8,0.016124707,0.9838753
TGTATGCTCAGAGG-5,CD4,CD4,0.9916794,0.008320648
GTTCATACGAACTC-1,CD8,CD8,0.021626418,0.9783735
TGAACCGAGTTAGC-7,CD4,CD4,0.99717015,0.0028298697
AGACCTGAGCTTCC-5,CD4,CD4,0.9853027,0.014697321
GATTCTTGACGGAG-4,CD4,CD4,0.97988266,0.020117374
GACATTCTCCAAGT-7,CD8,CD8,0.005721619,0.9942783
GACGAACTCTGTGA-5,CD4,CD4,0.9743026,0.02569742
GCGGCAACGTCTTT-7,CD8,CD8,0.0004620368,0.99953794
AGGGTGGACTTCGC-7,CD4,CD8,0.3118777,0.68812233
AGCATTCTACCTAG-5,CD8,CD8,0.00018188072,0.99981815
AAGTGCACGGGTGA-8,CD8,CD8,0.28796974,0.7120303
AAATTCGACCTACC-4,CD8,CD8,0.17920145,0.8207986
TGTAGGTGAAGCAA-6,CD4,CD4,0.994083,0.0059170234
AAGTTATGATCTTC-4,CD4,CD4,0.9843525,0.015647417
TCGACCTGGCTTAG-4,CD4,CD8,0.47490144,0.52509856
GCGTATGAGATGAA-3,CD4,CD4,0.9963559,0.003644139
CTCCTACTGGAAAT-5,CD4,CD4,0.98716587,0.012834075
TGGACTGAAGCAAA-3,CD8,CD8,0.058450043,0.94155
ACCTTTGAATCGAC-4,CD4,CD4,0.99590814,0.004091836
GCAATTCTGGTGGA-1,CD4,CD4,0.97819465,0.021805344
GACATTCTGTTCTT-5,CD4,CD4,0.99181443,0.008185548
TCATCAACAGGTCT-6,CD4,CD4,0.9874129,0.01258707
TTCAGTTGTGCAAC-4,CD8,CD8,0.00056324806,0.9994367
GTTTAAGACTTGTT-3,CD4,CD4,0.9966215,0.0033784583
ACCACAGATGTCCC-6,CD8,CD8,0.000668428,0.9993316
GACCAAACTTCCGC-6,CD4,CD4,0.94273746,0.05726249
TACTGGGAAGCCTA-2,CD4,CD4,0.7196097,0.2803903
GGCGCATGCGGTAT-8,CD8,CD8,0.0013846596,0.9986154
TTAGAATGAAGATG-3,CD8,CD4,0.9194595,0.08054048
ATTTGCACCACCAA-1,CD4,CD4,0.99285513,0.007144838
AGTAGAGAAGTAGA-7,CD8,CD8,0.14186221,0.8581377
TCTAAGCTAACTGC-1,CD8,CD8,0.10353772,0.89646226
GCACGGACCAGCTA-1,CD8,CD8,0.1124965,0.88750345
AACACGTGGCGTAT-8,CD8,CD8,0.00045285985,0.99954706
GTGTAGTGGAAAGT-4,CD8,CD8,0.21298741,0.7870126
GAAGTCACCTAAGC-6,CD4,CD4,0.99505335,0.0049467064
CTGAATCTCGTAAC-7,CD8,CD8,0.00010373554,0.9998963
GAACGTTGCCTGAA-6,CD8,CD8,0.01937728,0.98062277
GTTGACGACGGGAA-1,CD8,CD8,0.023830812,0.97616917
AAGTAACTGTCCTC-3,CD8,CD8,0.0006275041,0.99937254
CTAATAGATGCTGA-2,CD4,CD4,0.99199295,0.008006988
TAACTAGACGCTAA-4,CD4,CD4,0.7812198,0.2187802
ACGAGGGAGGTACT-1,CD8,CD8,0.0015214137,0.9984786
ATCGCCACTTCCCG-4,CD4,CD4,0.99011457,0.009885464
GCTTGAGAGACTAC-5,CD8,CD4,0.90337265,0.096627414
TAATGCCTGGGAGT-4,CD4,CD4,0.9261844,0.0738156
TCATTGACCCGCTT-6,CD4,CD4,0.9944311,0.0055689346
ATTGAATGTCCTTA-5,CD8,CD8,0.0022163424,0.9977837
TACTACACGACACT-2,CD4,CD4,0.9940054,0.005994605
TATCTCGAGCTAAC-5,CD8,CD8,0.00035830168,0.99964166
GTGTAGTGTTTGTC-5,CD4,CD4,0.99332994,0.0066700815
GAGTGTTGATGTCG-6,CD4,CD8,0.47834742,0.52165264
ATTAGTGAACGACT-5,CD4,CD4,0.9874414,0.012558585
CGGTCACTAACCAC-5,CD4,CD4,0.85277927,0.14722075
CAAGTTCTGTCGAT-1,CD4,CD4,0.9971113,0.0028886194
TGTGATCTTCAAGC-8,CD4,CD4,0.9900574,0.009942523
CAATGGACTTGCAG-8,CD8,CD8,0.0044604624,0.9955395
ACTTAGCTCTCAGA-1,CD8,CD8,0.019332916,0.9806671
TTGCTATGAGTTCG-4,CD4,CD4,0.99299896,0.0070010936
TTCTACGACATGAC-2,CD4,CD4,0.9897832,0.010216796
GCGTATGATATTCC-5,CD4,CD4,0.9679192,0.03208087
ATGAGCACGCATAC-7,CD8,CD8,0.0005059244,0.9994941
CGCCGAGACCCTAC-5,CD4,CD4,0.99514896,0.004851014
CGCATAGACACTCC-3,CD8,CD8,0.0072683156,0.99273175
CAGTTACTTCTTAC-6,CD8,CD8,0.005402812,0.9945972
CGTTTAACAGTAGA-1,CD8,CD8,0.0012785272,0.9987214
TGATAAACCGCCTT-8,CD8,CD4,0.7790439,0.22095604
AGGCAGGACCTTCG-4,CD8,CD8,0.0030608813,0.9969392
ATTTAGGAGTTGTG-1,CD8,CD8,0.0015976022,0.9984024
AGCGCCGAGTTAGC-5,CD4,CD4,0.9917945,0.008205431
GTCCAAGATAGCGT-3,CD4,CD4,0.9989096,0.0010904429
GCGCACGAGATACC-8,CD8,CD8,0.005679112,0.99432087
ATTCCATGTTCCCG-4,CD4,CD4,0.9532287,0.046771348
AAGAAGACTAACGC-1,CD8,CD8,0.00048329617,0.9995167
ACAGCAACTCAGGT-2,CD8,CD8,0.00044538162,0.9995546
CTAAGGACTGAGCT-6,CD4,CD4,0.9892693,0.010730687
TAGCCCACCTGTTT-2,CD4,CD4,0.99702126,0.002978681
TTTCCAGAGCATAC-3,CD8,CD8,0.0002615631,0.9997384
CCGACTACGGACTT-8,CD4,CD4,0.91403455,0.08596548
CACGGGTGAGCCAT-8,CD4,CD4,0.9857577,0.014242234
ACGCCGGACGTGAT-5,CD4,CD4,0.9860399,0.01396018
GATAATACATCAGC-8,CD4,CD4,0.9651361,0.0348639
GCGCATCTTAACCG-2,CD4,CD4,0.9912812,0.008718833
TAATGTGAAGAACA-7,CD8,CD4,0.6726793,0.32732072
TGGTTACTTTCCAT-4,CD4,CD4,0.98080355,0.019196477
ATTGGGTGATTGGC-4,CD4,CD4,0.99290293,0.0070970193
AATCGGTGGTTACG-6,CD4,CD4,0.99695516,0.0030448053
GAGTTGTGCAGAAA-7,CD4,CD4,0.9850221,0.014977854
TTCAGTTGGCGATT-4,CD4,CD4,0.9708416,0.029158479
GTCCACACTTAGGC-4,CD4,CD4,0.97691727,0.023082677
TCCTAAACATGACC-8,CD4,CD4,0.68906665,0.31093332
TCCAGAGATTCCCG-3,CD4,CD4,0.9979631,0.0020369561
ACTCTCCTCCTCCA-5,CD4,CD4,0.9772954,0.022704672
CGGTAAACCAGAGG-3,CD4,CD4,0.9920018,0.007998249
ATACCACTTTGTCT-5,CD8,CD8,0.028094275,0.97190577
CCAGGTCTTCCAGA-1,CD8,CD8,8.9960784e-05,0.99991
CGAGAACTCTGTAG-7,CD4,CD4,0.6784407,0.32155928
CCACTGTGTTTCAC-5,CD4,CD4,0.9899005,0.010099512
GACACTGACATCAG-3,CD8,CD4,0.8711961,0.12880388
ATCAGGTGTCTTTG-3,CD4,CD4,0.9890259,0.010974147
ATGTTAGATCTTTG-3,CD4,CD4,0.98500896,0.014991036
TAGGGACTATCGAC-7,CD4,CD4,0.99570906,0.0042909207
AACCGCCTGTTGTG-2,CD4,CD4,0.9973999,0.0026001143
TAATGCCTGCAGTT-1,CD8,CD8,0.0012756117,0.9987244
CGGGCATGTGGAGG-8,CD8,CD8,0.07240908,0.9275909
ATACCGGATTATCC-5,CD8,CD8,0.0020061533,0.9979938
ATAGATACGGACGA-6,CD4,CD4,0.89119345,0.10880648
TTACACACAACGAA-5,CD4,CD4,0.99539727,0.0046027224
CTATAAGACTCTAT-5,CD4,CD4,0.99638027,0.0036197675
TCTAAGCTATCGTG-4,CD8,CD8,0.21883722,0.7811628
AAGGTCTGTATCTC-4,CD4,CD4,0.99334586,0.0066541675
CTATAAGAGAATAG-5,CD4,CD4,0.9969612,0.0030387912
TAATCGCTGCGAGA-5,CD4,CD4,0.9980021,0.0019979028
GATCGTGAAGGTCT-3,CD4,CD4,0.9859148,0.014085198
CACGCTACTGACCA-2,CD8,CD8,0.00086124527,0.9991387
TGCACAGACTACTT-2,CD4,CD4,0.9739973,0.026002752
GTCAATCTACCTCC-4,CD4,CD4,0.85594296,0.14405705
TCCACTCTCCCACT-6,CD8,CD8,0.001210551,0.9987895
AGTAATTGGCGAAG-1,CD8,CD8,0.07333473,0.9266653
ACGTTGGATGCCAA-7,CD4,CD4,0.9943691,0.0056309327
GCCACTACCGTACA-4,CD4,CD4,0.9952873,0.0047127167
CAGTTGGAGACAGG-1,CD4,CD4,0.9970681,0.002931945
GACAGTACCGTTAG-2,CD4,CD4,0.9962282,0.0037718373
ATCATGCTGACAAA-1,CD4,CD4,0.9928798,0.0071201744
CACAGTGAGTCGAT-4,CD8,CD8,0.00046621435,0.9995338
GATGACACCCAGTA-8,CD8,CD4,0.62230134,0.3776987
CGAGTATGGTGTTG-2,CD4,CD4,0.9958456,0.0041544028
CACAGAACGTTCTT-4,CD8,CD8,0.0017616374,0.9982383
CCTGACTGCTCGCT-3,CD4,CD4,0.97731704,0.022683037
CGTACCACGAGGGT-2,CD8,CD8,0.0058189854,0.994181
ACTTGACTCACTCC-7,CD4,CD4,0.94049805,0.059501905
CAATCTACGTTTGG-7,CD4,CD4,0.73210776,0.26789224
CGTCGACTGTCCTC-5,CD8,CD8,0.047596302,0.9524037
CAGAGGGACCTCAC-6,CD4,CD4,0.9939208,0.006079257
GGTACTGACCACCT-8,CD4,CD4,0.9654848,0.034515172
TCACCTCTGGTCAT-7,CD8,CD8,0.00021729256,0.99978274
ACTCCTCTGAGGGT-4,CD4,CD4,0.9954248,0.0045752325
TCTCTAGAGGTTCA-7,CD4,CD4,0.9943321,0.0056679514
AAATCCCTACCAGT-3,CD4,CD4,0.73241436,0.26758564
CGAGCCGATCAGTG-5,CD4,CD4,0.9941491,0.005850943
TCTAAGCTGTTGTG-4,CD8,CD8,0.0012627237,0.9987373
TTTGCATGTTCAGG-4,CD8,CD8,0.49262583,0.50737417
CGGACCGATCACCC-8,CD4,CD4,0.993893,0.0061070337
CACCCATGGAGCAG-5,CD8,CD8,0.0005967737,0.99940324
CCCTGATGGCAAGG-8,CD8,CD8,0.021960888,0.9780391
GAGATGCTCTCTAT-4,CD4,CD4,0.9911082,0.00889178
CGCACTACGTCGTA-4,CD4,CD4,0.9882405,0.011759575
TTCAAAGAGTAAAG-8,CD4,CD4,0.9966671,0.0033329115
ATTAGTGAGAACCT-1,CD4,CD4,0.9690176,0.0309824
CATCAGGATATGGC-6,CD8,CD8,0.00048102942,0.999519
TCATTCGATTCAGG-7,CD8,CD8,0.0010231069,0.99897695
CGAGGAGAGCGAAG-3,CD4,CD4,0.9701315,0.029868448
GCTGATGAGTTAGC-5,CD8,CD8,0.1862555,0.8137445
AGCCGGTGCTCTAT-6,CD4,CD4,0.9981791,0.0018209231
AGGTCTGAATGCCA-5,CD4,CD4,0.98154503,0.018454917
ACTTCAACGGGACA-4,CD8,CD8,0.00043280039,0.9995672
AGAGCGGAATAAGG-1,CD4,CD4,0.9953584,0.0046415636
TGTAGGTGTGTGAC-7,CD8,CD8,0.28405696,0.715943
AAGGTCTGGGTAAA-1,CD8,CD8,0.0042906967,0.9957093
ACTACGGAAGAGTA-6,CD8,CD8,0.14453545,0.8554645
GATGCATGCAATCG-4,CD8,CD8,0.0035917403,0.9964083
CTGGATGACCGAAT-2,CD4,CD4,0.9807248,0.01927524
GATTACCTGGACAG-1,CD8,CD8,0.004463915,0.9955361
ATAGGCTGCTATGG-3,CD4,CD4,0.9941683,0.0058316747
TCTAGACTAGTAGA-8,CD8,CD8,0.1526962,0.84730387
AACTCGGACTGATG-1,CD8,CD8,0.0060009956,0.993999
CTGGCACTGGGACA-6,CD8,CD8,0.00878208,0.9912179
GATAATACCCACAA-6,CD8,CD8,0.003838242,0.9961617
AATCTAGAAGCACT-7,CD4,CD4,0.99440104,0.0055990187
TAACTAGAAGAGGC-3,CD8,CD8,0.0016894371,0.99831057
TGGATGTGTCTCTA-5,CD4,CD4,0.9897071,0.010292846
TGGTACGAATACCG-1,CD4,CD4,0.9882719,0.01172808
ACCCACTGACGCTA-3,CD4,CD4,0.95820975,0.041790243
TCAAGGACCAACCA-4,CD8,CD4,0.92831624,0.07168377
TGAAGCTGCAAGCT-6,CD4,CD4,0.97919846,0.020801596
AGCTTTACGCATCA-2,CD4,CD4,0.95470554,0.045294415
TCAAGTCTATCGGT-3,CD4,CD4,0.8757598,0.12424019
ATAGCTCTCTTGGA-2,CD8,CD8,0.38474542,0.61525464
ATCGGAACGGAGTG-3,CD4,CD4,0.98670816,0.013291792
AAGGCTACCTAGTG-7,CD8,CD8,0.00033360271,0.99966645
GTCCAGCTTAAGCC-4,CD8,CD8,0.0003087531,0.99969125
GGCAATACAAGAGT-7,CD8,CD8,0.00038025557,0.9996197
AATGCGTGTAGCGT-2,CD4,CD4,0.9982331,0.0017669029
CGGGACTGCTTTAC-5,CD4,CD4,0.9908965,0.00910352
CAAAGCACACCACA-5,CD8,CD4,0.59408224,0.40591776
ATAGCTCTGAATAG-5,CD4,CD4,0.99647754,0.0035224222
ACACATCTTACAGC-4,CD8,CD8,0.29129407,0.70870596
GCGCACGAGCTTCC-1,CD4,CD4,0.9094665,0.09053348
CGGCATCTTTGCTT-5,CD4,CD4,0.99743575,0.0025642444
AACGGTTGGAGGAC-1,CD4,CD4,0.97637117,0.023628801
CGAAGTACTGCTAG-8,CD4,CD4,0.9954888,0.00451121
CACTTTGACTACTT-5,CD4,CD4,0.98119605,0.018803943
GTTAAATGTGGGAG-1,CD8,CD8,0.015352023,0.984648
CGTTAACTGAGGTG-7,CD8,CD8,0.024894001,0.975106
GGAGCAGACCAATG-3,CD4,CD8,0.34613156,0.65386844
TCGCAGCTTCTCCG-2,CD8,CD8,0.00015233239,0.99984765
CGGCATCTGTCATG-3,CD4,CD4,0.9957982,0.004201783
ACTGTGGAGGTCTA-2,CD4,CD4,0.9980666,0.0019333536
AGCGCCGAGGAGGT-4,CD8,CD8,0.0010759716,0.99892396
AGGTACACGCAGTT-2,CD4,CD4,0.9944323,0.005567706
GAATGCTGCTATGG-7,CD4,CD4,0.9980896,0.0019103104
AGAGCGGATTGACG-6,CD8,CD8,0.011619016,0.988381
AGCGATTGCACTTT-1,CD4,CD4,0.99551743,0.00448261
CCCATGTGTCTCCG-4,CD8,CD8,0.00042174914,0.9995783
GTAGTCGAGTCTGA-2,CD4,CD4,0.9670641,0.0329359
GCGTACCTGCATAC-3,CD4,CD4,0.9950193,0.004980698
ATTCAGCTTGTCAG-1,CD8,CD8,0.00033841937,0.99966156
GTGTACGACTATTC-1,CD4,CD4,0.995453,0.004546947
CATTGGGAAAGGGC-6,CD8,CD8,0.0006166391,0.99938333
TTCAACACAAGAGT-5,CD8,CD8,0.00082898233,0.999171
CGACTCACAGGAGC-3,CD4,CD4,0.9958106,0.0041893953
TAGCCGCTTTCGTT-4,CD4,CD4,0.8692326,0.13076739
TGAGACACGACGTT-6,CD8,CD4,0.96317345,0.036826503
CACTCTCTCGGTAT-7,CD8,CD8,0.04560163,0.95439833
GGAATGCTCAGTCA-5,CD4,CD4,0.98778486,0.012215162
CGTTAACTTAAAGG-5,CD8,CD8,0.0043460103,0.995654
CTATGACTATGGTC-1,CD4,CD4,0.99274725,0.0072527044
