Cell ID,True Label,Predicted Label,B-cell Probability,Basophil Probability,Dendritic Probability,Macrophage Probability,Monocyte Probability,NK Probability,Platelet Probability,T-cell Probability
TTTCTACTCTGTCC-2,T-cell,T-cell,0.0005814952,0.0005663616,0.0007195115,0.0005627239,0.0006428001,0.00052966294,0.00056545757,0.995832
CACCCATGGAGCAG-5,T-cell,T-cell,0.002512625,0.0024472314,0.0024724037,0.0024315147,0.0023958378,0.014049081,0.0024433266,0.97124803
AGCCAATGATCTTC-7,T-cell,T-cell,0.00052360917,0.00050998176,0.0005152274,0.0005067063,0.000572869,0.0007176771,0.000509168,0.9961448
GCGTATGATGCCTC-4,T-cell,T-cell,0.0016915359,0.0016475129,0.0016644584,0.0016369314,0.0018894415,0.006095662,0.0016448833,0.98372954
ATTGTCTGCGGAGA-5,T-cell,T-cell,0.0028836643,0.0024266173,0.0024515763,0.0024110305,0.03318848,0.0022693796,0.0024227442,0.9519465
CCACGGGACTAGCA-6,T-cell,T-cell,0.0017841449,0.001737711,0.0017555851,0.00172655,0.001908869,0.017985627,0.0017349382,0.9713666
TACATAGATTTCGT-4,T-cell,T-cell,0.0005233569,0.00050973607,0.0005149792,0.0005064622,0.0005094853,0.0012621301,0.00050892273,0.9956649
GTTGATCTTCCTGC-2,T-cell,T-cell,0.0020109916,0.0016806197,0.0016979056,0.0016698254,0.0022068156,0.0026384697,0.0016779371,0.9864174
ATAGAACTCTGCTC-4,T-cell,T-cell,0.000579167,0.00056409364,0.0005698959,0.0006284586,0.00071099756,0.00064025517,0.0005631936,0.99574393
TCCCGAACCGCAAT-6,T-cell,T-cell,0.0012017053,0.00117043,0.0015816559,0.0011629125,0.0011458499,0.001984772,0.0013302922,0.99042237
TGCGATGAACCATG-5,NK,NK,0.0012732887,0.0010714781,0.0015956331,0.0010645962,0.0012016724,0.98599875,0.0010697684,0.006724885
TACGTTACACCTAG-4,T-cell,T-cell,0.0013842466,0.0013482205,0.0013620881,0.0013395612,0.0015272145,0.0013124815,0.001745009,0.9899811
GAAGTGCTCATTGG-3,B-cell,B-cell,0.99422544,0.00069971406,0.00070691097,0.0006952199,0.000777855,0.00080923544,0.00069859717,0.001387095
CGCCTAACGCTTAG-2,T-cell,T-cell,0.0005362148,0.0005222596,0.00052763126,0.00051890523,0.0006661665,0.0006035731,0.00065729936,0.995968
GTAGTGTGGCGTAT-2,T-cell,T-cell,0.0006124543,0.0005965146,0.00066689914,0.0005926833,0.0007239022,0.00084499345,0.00059556274,0.99536705
GCGGAGCTACTACG-2,T-cell,T-cell,0.0011274525,0.0005097995,0.00051504327,0.00050652516,0.0005667319,0.00047676594,0.00050898606,0.99578875
CCTTCACTAGAAGT-2,B-cell,B-cell,0.9878451,0.0010349611,0.001045606,0.0010283137,0.0010132255,0.0013855967,0.001176321,0.005470852
TTCAAGCTGAGCAG-5,T-cell,T-cell,0.0007090683,0.00059668417,0.0006028213,0.0005928517,0.0008199866,0.00059774064,0.0005957317,0.9954852
TCAATAGATCTCGC-2,T-cell,T-cell,0.00052373833,0.0005101076,0.0005153545,0.00050683133,0.0005670744,0.00047705407,0.00050929363,0.9963905
ATTTGCACCTACCC-5,T-cell,T-cell,0.0005363397,0.0005223813,0.00052775425,0.0005190261,0.0005114106,0.0006330505,0.00052154745,0.9962286
GGACCTCTTTGTGG-6,T-cell,T-cell,0.001004863,0.0009787106,0.0009887775,0.0009724245,0.0011510993,0.005245552,0.001112387,0.9885462
GTAGTCGACCTACC-1,T-cell,T-cell,0.00052335183,0.00050973124,0.0005698759,0.0005064573,0.0004990264,0.0011988027,0.00050891784,0.9956838
CAAATATGGCTATG-4,T-cell,T-cell,0.0005236448,0.00051001646,0.0005152625,0.00050674076,0.0005602512,0.00066233677,0.0005092027,0.9962126
ATTGCACTCTACCC-8,T-cell,T-cell,0.0012151176,0.0011834936,0.0011956664,0.0013185336,0.0015412265,0.0033131433,0.0011816046,0.98905116
ACGATCGACTCATT-4,B-cell,B-cell,0.9680995,0.0023835192,0.0024080349,0.0023682103,0.00257787,0.0023173476,0.0023797147,0.017465794
AATTCCTGCATGAC-7,B-cell,B-cell,0.7453114,0.024904512,0.025160672,0.024744555,0.03170184,0.035434496,0.024864767,0.08787772
ATAAACACGTGAGG-1,T-cell,T-cell,0.0007289452,0.0006134106,0.0006197198,0.00060947076,0.00069484866,0.00078735093,0.0006124315,0.99533385
CGTGTAGACGTACA-8,T-cell,T-cell,0.0007149051,0.0006962991,0.0007034611,0.00069182686,0.00094695087,0.00065118086,0.000695188,0.99490017
CTTTAGACTCTTAC-4,T-cell,T-cell,0.00053631846,0.00052236055,0.0005277333,0.0005190056,0.00051139033,0.0007011465,0.00052152685,0.9961605
AAAGCCTGACGACT-6,T-cell,T-cell,0.00052366115,0.0005100324,0.00064744975,0.0005067566,0.0005516204,0.00050760136,0.0005092186,0.9962437
CAGAAGCTAGCGTT-5,NK,NK,0.0009811496,0.0009556148,0.00096544373,0.0009494771,0.00095514464,0.987916,0.0010861371,0.006191094
GGATGTTGTCATTC-5,T-cell,T-cell,0.0008354459,0.0008137027,0.0008220724,0.00080847647,0.0009125748,0.0012286034,0.0008124043,0.99376667
GAAGCTTGGACAGG-2,NK,NK,0.0023322161,0.0016676135,0.0026054324,0.0016569027,0.001666793,0.97012526,0.0016649517,0.018280813
TAATGTGATGAACC-2,T-cell,T-cell,0.00052366266,0.00051003386,0.00051528,0.00050675805,0.0004993227,0.0006891896,0.00050922006,0.9962465
GGAAGGACTCCCAC-1,Monocyte,Monocyte,0.012044884,0.0059128897,0.0059737093,0.051616736,0.89894646,0.01120958,0.0059034545,0.008392282
AGCGCTCTAGCATC-7,Macrophage,Macrophage,0.006506318,0.0060978527,0.007339806,0.7761298,0.17522211,0.0099500725,0.006930726,0.011823297
TTCAAGCTACCTCC-8,T-cell,T-cell,0.0013365009,0.0011763152,0.0011884148,0.00116876,0.0011516117,0.004442904,0.0011744383,0.98836106
CTAATAGAGTACCA-4,T-cell,T-cell,0.00091616245,0.0008063564,0.00081465056,0.00080117735,0.0008721066,0.0017415753,0.0008050697,0.9932429
CAGGTAACTGCTCC-4,T-cell,T-cell,0.0006298285,0.00055434083,0.0007721543,0.0005507804,0.00059954164,0.0006917326,0.0005534563,0.9956482
ATCGCGCTCGTAAC-6,T-cell,T-cell,0.0005234115,0.0005097893,0.00085618574,0.00050651503,0.00064255093,0.00068383734,0.0005089758,0.9957688
AGCGGCTGGATACC-1,T-cell,T-cell,0.0005364018,0.00052244175,0.00052781525,0.0005190862,0.0005114698,0.0005459445,0.0005216079,0.9963153
CTCAATTGCTAGTG-1,T-cell,T-cell,0.00052354083,0.00050991523,0.00051516015,0.0005066402,0.00050966436,0.0009111912,0.0005091016,0.99601483
AACCGCCTAGTGTC-3,T-cell,T-cell,0.0016745742,0.00057868566,0.00097189646,0.0005749689,0.0006258713,0.0007523711,0.00057776197,0.9942439
CCAGCGGAGGAAGC-8,T-cell,T-cell,0.0012636429,0.0011121898,0.0011236297,0.0011050465,0.0011116427,0.01131813,0.0011104152,0.9818553
CTACTCCTACTACG-2,T-cell,T-cell,0.00064081413,0.0006241367,0.0006305562,0.000620128,0.00078105007,0.0011307445,0.0006231405,0.99494946
ACGTAGACTCCTTA-3,T-cell,T-cell,0.0007853001,0.00069117814,0.0006982872,0.0006867389,0.0006766625,0.0026970543,0.0006900749,0.99307466
TCAGACGAGTTCAG-5,NK,NK,0.0010968995,0.0010683523,0.0010793407,0.0010614905,0.0011864498,0.99131835,0.001066647,0.0021225335
TTCCCACTTGGGAG-1,T-cell,T-cell,0.00052368105,0.0005100518,0.00051529816,0.00050677586,0.0005729476,0.0005805063,0.0005092379,0.99628156
CTAAGGTGTCGTTT-8,T-cell,T-cell,0.0005360744,0.00052212283,0.00062846387,0.0005187694,0.00068190746,0.00088421407,0.0005212895,0.9957072
GAAGCGGAGCTATG-1,T-cell,T-cell,0.000523505,0.0005098803,0.0009476332,0.0005066055,0.0005514559,0.00047684152,0.00050906674,0.9959751
GATATATGGTACCA-4,T-cell,T-cell,0.0006656902,0.00064836506,0.00065503415,0.0006442008,0.0009487669,0.0010023876,0.0006473305,0.99478817
AATCTCACGGTAAA-2,T-cell,T-cell,0.000811256,0.00079014275,0.0007982697,0.0007850678,0.0007735487,0.0010701484,0.00078888156,0.99418265
CGTTAGGACTGTGA-1,T-cell,T-cell,0.0005614948,0.00054688135,0.0006114095,0.00054336886,0.00077936426,0.00051144505,0.00054600876,0.9959
AGACTCGACGAATC-4,T-cell,T-cell,0.0008306403,0.0008090222,0.00081734377,0.0008038261,0.00079203205,0.0017906447,0.0010860374,0.9930704
GGTCTAGATCCTCG-4,Monocyte,Monocyte,0.0022061483,0.0018650324,0.0023608021,0.009754408,0.9761258,0.0018561425,0.0018620555,0.003969605
TCCTACCTCATGAC-8,NK,NK,0.0020294352,0.000811915,0.00082026626,0.00080670026,0.0010729176,0.9351236,0.00081061944,0.058524486
TGGAGACTTAGACC-4,T-cell,T-cell,0.0005236558,0.0005100272,0.0005152733,0.0005067514,0.00062936364,0.00054372684,0.0005092134,0.996262
AGAACAGAGCTGTA-5,T-cell,T-cell,0.00060531776,0.00058956415,0.00059562805,0.0006502856,0.0008017341,0.000684211,0.0005886231,0.9954847
TCCGGACTCCTCAC-2,T-cell,T-cell,0.00091328885,0.0008895202,0.0008986693,0.000883807,0.0015574782,0.0013975599,0.0008881004,0.99257153
GCTCCATGCCGTAA-6,T-cell,T-cell,0.00056147156,0.00054685876,0.0005524837,0.0005433464,0.0008010475,0.0005900057,0.00054598623,0.99585885
CTACCTCTTCGATG-5,T-cell,T-cell,0.0005362673,0.0005223108,0.000527683,0.00058193563,0.0005737567,0.00064255367,0.0005214771,0.99609405
AGATCGTGCAGAGG-8,T-cell,T-cell,0.00059540465,0.0005799087,0.0005858736,0.0005761841,0.0006370275,0.0007582744,0.00057898334,0.9956884
TCTTGATGCATGGT-6,T-cell,T-cell,0.00053614215,0.00052218884,0.0006285433,0.000518835,0.00091795565,0.000521858,0.00052135537,0.9958331
GATCGAACGTTTCT-2,T-cell,T-cell,0.00067007774,0.00050955196,0.000514793,0.00050627923,0.0004988507,0.0008650178,0.0005087387,0.99592674
CGCGATCTCCTGTC-1,B-cell,B-cell,0.9930276,0.00076607295,0.0009220995,0.00076115265,0.0009858054,0.0010547044,0.00076485024,0.0017177116
TATGAATGAACGAA-3,Platelet,Platelet,0.0018079429,0.0017608895,0.001779002,0.0022313555,0.016636634,0.0032592106,0.8952553,0.07726956
TTCTACGACAGAAA-8,T-cell,T-cell,0.0006723694,0.0005917827,0.00059786945,0.0006835115,0.0005914916,0.00080411363,0.00059083814,0.995468
TTTGACTGACCTTT-5,B-cell,B-cell,0.9933744,0.00082154846,0.00082999887,0.0008162719,0.0009024679,0.00076831446,0.0010078474,0.0014791759
GCACCTACTCCCAC-1,T-cell,T-cell,0.0005815564,0.0005664212,0.0005722471,0.00056278316,0.00056614255,0.00064844184,0.0005655171,0.9959369
GGAATGCTTGACAC-4,T-cell,T-cell,0.0006950564,0.000584893,0.0005909089,0.0005811363,0.0005726095,0.0012208861,0.00058395945,0.99517053
GCAACCCTTTGAGC-7,NK,NK,0.0010529452,0.0010255413,0.0012344139,0.0010189546,0.0010040042,0.9785832,0.0013766944,0.0147042265
TACTAAGAACTTTC-1,T-cell,T-cell,0.00052372663,0.0005100962,0.000515343,0.00050682,0.0004993838,0.00049657444,0.0005797673,0.9963683
TCTCAAACCCGTAA-7,T-cell,T-cell,0.0010143622,0.0009879629,0.0009981247,0.0010897171,0.0011191277,0.0009897123,0.0009863861,0.99281454
GGAAGGACGCGATT-5,T-cell,T-cell,0.00063932943,0.000562703,0.0007604065,0.00055908883,0.00055088574,0.0031051002,0.00056180515,0.9932607
CCGACTACTGGCAT-7,B-cell,B-cell,0.9920814,0.0006889165,0.00082922843,0.00086263707,0.0010753429,0.0006442767,0.00068781717,0.0031303084
CTACTCCTGCCTTC-7,T-cell,T-cell,0.0005235277,0.0005099025,0.0005151473,0.0005066275,0.00057277986,0.00084456394,0.00050908886,0.99601835
TAGGCATGTGGTAC-8,T-cell,T-cell,0.0006292967,0.00061291904,0.0006192231,0.00060898234,0.0007438101,0.0005966716,0.0006119407,0.9955772
CTCAGGCTACGCAT-5,NK,NK,0.003503986,0.0034127936,0.0034478956,0.0033908738,0.0038274783,0.94440144,0.0034073463,0.03460816
GTGACAACGGGTGA-4,T-cell,T-cell,0.0009502337,0.0009255035,0.0009350228,0.001031106,0.00090606674,0.0012518731,0.0009240263,0.9930762
CAGTGATGTATTCC-8,Macrophage,Macrophage,0.0009365722,0.00080206164,0.0008103116,0.9896568,0.002555867,0.0025392247,0.00091161055,0.001787627
ACGACAACGGTTAC-2,T-cell,T-cell,0.001634904,0.0015923548,0.0019903355,0.0015821275,0.0015589134,0.04384484,0.0015898134,0.94620675
AAAGCAGACCGAAT-3,T-cell,T-cell,0.0075953314,0.006083649,0.0061462256,0.0060445755,0.0085049,0.05178613,0.006073942,0.90776527
ACTCCCGAAAGCCT-5,T-cell,T-cell,0.0006207089,0.0005223293,0.00052770175,0.0005189745,0.00056491967,0.00059447973,0.0005214956,0.9961294
TATAAGACTGGTTG-2,T-cell,T-cell,0.0005236817,0.00051005237,0.00051529874,0.00050677644,0.0005098015,0.00064236904,0.00050923857,0.99628276
TTGGTACTCTGGTA-1,T-cell,T-cell,0.0005896077,0.00057426293,0.00058016944,0.00057057454,0.0007186376,0.0007971665,0.00057334633,0.99559623
GCGGGACTGGTTTG-1,T-cell,T-cell,0.000523756,0.0005101248,0.0005153719,0.0005068484,0.0004994118,0.00051102834,0.0005093108,0.99642414
ATAGCGTGGGGACA-7,T-cell,T-cell,0.0005934041,0.0005222818,0.0005276537,0.0005189273,0.0006795235,0.00059791084,0.00052144815,0.9960388
GACCTCACTCTTCA-2,T-cell,T-cell,0.00056912255,0.0005543106,0.00056001224,0.0005507504,0.00061621383,0.0010306442,0.00055342616,0.9955655
TAATGTGATTCTCA-3,T-cell,T-cell,0.0005954767,0.00057997886,0.00058594457,0.00064615643,0.0008462522,0.0005423979,0.0005790535,0.9956247
GCGGACTGCATGAC-1,T-cell,T-cell,0.0014744877,0.00050954137,0.00051478244,0.000562021,0.00064994406,0.0004960343,0.0005087283,0.9952845
TGGAACTGGTTTGG-1,T-cell,T-cell,0.0005933511,0.00057790853,0.0005838529,0.00057419675,0.0008428724,0.00054046174,0.0005769864,0.9957104
ACGATGACACACAC-5,T-cell,T-cell,0.0013783596,0.0013424872,0.0013562953,0.0013338646,0.0013142931,0.0027545574,0.0013403444,0.98917985
GTGTACGAGGTTAC-7,T-cell,T-cell,0.0005236697,0.0005100407,0.0005152869,0.00050676486,0.0004993294,0.00067577313,0.00050922687,0.9962599
TTAGGGACCCCTTG-1,T-cell,T-cell,0.0007118381,0.00057156355,0.00057744264,0.0005678925,0.00063474517,0.00066232384,0.00057065155,0.9957035
ACGCCGGACTGATG-5,T-cell,T-cell,0.00052370125,0.00051007146,0.000515318,0.0005067954,0.0005603116,0.0005545112,0.0005092576,0.99632
ACCTCCGAGTACGT-4,T-cell,T-cell,0.00052373746,0.00051010674,0.00051535363,0.00050683046,0.0005687106,0.00047705328,0.0005092928,0.9963889
ACGCTCACTGTCGA-7,T-cell,T-cell,0.0005363078,0.0005223502,0.0005277228,0.0006510618,0.0005113802,0.00058894616,0.0005215165,0.9961408
ACAGTTCTACTTTC-8,T-cell,T-cell,0.0008700977,0.0007321911,0.00073972205,0.00072748837,0.0008131287,0.0011650048,0.0007310224,0.9942213
GCATGTGATATGGC-8,T-cell,T-cell,0.00060556777,0.000509588,0.00051482953,0.00050631503,0.0006639131,0.0012869886,0.0005087748,0.995404
GCCTAGCTAAGTAG-8,T-cell,T-cell,0.00093564956,0.0009112989,0.0009206721,0.00090544584,0.0009108506,0.0014776284,0.0009098444,0.9930286
CTTCTAGATAACCG-1,NK,NK,0.0046736132,0.0045519806,0.0062962417,0.004522742,0.0051663355,0.9464966,0.004544715,0.023747822
CCAATTTGACCATG-2,T-cell,T-cell,0.00057941605,0.0005099705,0.000515216,0.00050669507,0.0005728562,0.00065548264,0.0005091567,0.99615115
TGACGAACCAGCTA-3,B-cell,B-cell,0.9928711,0.0008329725,0.00084154046,0.00082762254,0.0009823417,0.0013703331,0.0008316434,0.0014425062
GCGTAAACGCCTTC-6,T-cell,T-cell,0.0011062276,0.00097364106,0.0009836555,0.0009673876,0.0013007409,0.0015468749,0.0011066255,0.9920149
CTCGACACGGACGA-6,NK,NK,0.0006467261,0.0006298945,0.0006363736,0.0006258489,0.0006166662,0.99151915,0.0006288894,0.004696455
ACGACAACGTCGTA-5,Dendritic,Unclassified,0.046158563,0.037053987,0.22048442,0.046184395,0.36754924,0.052747786,0.11016975,0.11965182
GCACTGCTCACAAC-4,T-cell,T-cell,0.00060769723,0.00059188163,0.0007124305,0.0005880801,0.0006573093,0.0006172052,0.0005909369,0.9956345
CACAGCCTTATCGG-8,T-cell,T-cell,0.0015525453,0.0015121398,0.0015276929,0.0015024276,0.0016858637,0.0025760625,0.0015097262,0.9881336
CCATTAACGTTCTT-2,T-cell,T-cell,0.0027211166,0.0019456906,0.003267765,0.0019331928,0.0021043408,0.00251648,0.001942585,0.98356885
GGAGCAGAGGGCAA-5,Monocyte,Monocyte,0.015630325,0.00558643,0.0056438916,0.09491168,0.8541807,0.009852165,0.005577516,0.008617253
TATACCACTATCGG-2,T-cell,T-cell,0.0007096544,0.0006911854,0.00069829455,0.0006867461,0.0008746607,0.0021047934,0.0006900822,0.9935446
ATGCCGCTGTCACA-5,T-cell,T-cell,0.0005991652,0.0005835717,0.000589574,0.00057982357,0.0006311558,0.0006630655,0.00058264023,0.995771
GCTCACTGTGCTTT-7,T-cell,T-cell,0.024161087,0.023532279,0.023774326,0.025955958,0.0264341,0.051465098,0.023494724,0.80118245
AGAATACTCCCGTT-4,T-cell,T-cell,0.00067386084,0.00065632333,0.0011022881,0.00065210793,0.00072887447,0.00087239174,0.0006552757,0.9946589
ATCGCGCTCATTCT-7,T-cell,T-cell,0.0005234037,0.00050978165,0.0006476321,0.00050650747,0.0004990758,0.0008085603,0.00075113244,0.9957539
GATTCGGAGGCGAA-7,Macrophage,Macrophage,0.0025882951,0.0024258026,0.0024507544,0.97629094,0.0055795964,0.0041962527,0.0024219318,0.0040464066
CCATCCGAAAAACG-6,T-cell,T-cell,0.0009164017,0.00077115605,0.0007790881,0.0008759352,0.0011113107,0.001755107,0.00076992554,0.9930211
TATCCTGACGTGTA-1,T-cell,T-cell,0.0012730823,0.00050919695,0.00051443453,0.00050592655,0.0011458839,0.0009312821,0.0005083845,0.99461186
TATCAGCTTTCTCA-2,T-cell,T-cell,0.0010543495,0.00092798105,0.0010374762,0.0010235574,0.0010305616,0.0037589488,0.00092650024,0.9902407
AGGTCTGATGCATG-1,T-cell,T-cell,0.0005800104,0.0005649151,0.0005707258,0.00056128675,0.00066530745,0.00077645836,0.0005640137,0.9957172
GGGAAGACAAAACG-8,T-cell,T-cell,0.0005234687,0.0005098449,0.0008562792,0.00050657033,0.0004991378,0.0007181575,0.0005090314,0.9958775
GAAGTCACTGTCGA-4,Monocyte,Monocyte,0.05769226,0.006375679,0.0076742205,0.016126985,0.88845265,0.008612204,0.0063655055,0.008700503
AGCGAACTGGACAG-1,T-cell,T-cell,0.00084981153,0.0007964606,0.00080465287,0.0007913451,0.0010249091,0.002259997,0.0007951897,0.99267757
AGGTTCGAAGAATG-2,NK,T-cell,0.0014381299,0.0014007015,0.0014151089,0.0015449651,0.0013712854,0.49000216,0.0013984664,0.5014292
CAGACATGCCACAA-8,T-cell,T-cell,0.00065833784,0.00064120407,0.00083201705,0.00070724415,0.0007148691,0.0010973967,0.00064018095,0.9947088
TAATCGCTTGACAC-7,T-cell,T-cell,0.0006630534,0.0006457968,0.0006524395,0.00064164907,0.0009835114,0.00067484897,0.0006447664,0.99509394
CACAGAACCCTTAT-1,NK,NK,0.001104501,0.00089976727,0.0009090222,0.00089398824,0.0012004427,0.98619765,0.0010226612,0.0077719577
CAATTCTGCCTGTC-1,NK,T-cell,0.011688344,0.009835793,0.009936959,0.009772619,0.009629228,0.13808788,0.009820093,0.80122906
TCTAGTTGTCTCAT-1,T-cell,T-cell,0.0010536006,0.0010261798,0.0010367349,0.0010195887,0.001258979,0.0024156831,0.0010245423,0.9911646
TTTCAGTGGTAAAG-8,T-cell,T-cell,0.0006630011,0.0005835373,0.00058953924,0.00057978934,0.00074356986,0.0005457257,0.0005826059,0.9957123
CCAATGGAACACTG-2,T-cell,T-cell,0.0009317321,0.0009074829,0.0009168173,0.0009016544,0.0019425873,0.007609669,0.00090603495,0.985884
GAATGCTGCCACCT-2,T-cell,T-cell,0.0006773769,0.0006597479,0.0006665337,0.0006555105,0.00064589235,0.0008753862,0.0006586949,0.9951609
CAAATTGACCGCTT-5,T-cell,T-cell,0.0025302002,0.0024643508,0.0024896977,0.0024485227,0.0031978795,0.02479601,0.0028009433,0.95927244
CATACTTGCCTACC-3,T-cell,T-cell,0.0005236706,0.00051004154,0.0005152878,0.00056257274,0.000567001,0.00055067736,0.00050922774,0.99626154
CTTTAGTGTCCAGA-3,T-cell,T-cell,0.00052377384,0.0005101421,0.00051538943,0.0005068656,0.0004994287,0.00047708637,0.00050932815,0.996458
CGGCCAGAGCAGAG-1,NK,NK,0.0009756674,0.00095027476,0.0009600492,0.0009441713,0.00094980723,0.98226476,0.00094875845,0.012006494
AGGAACCTTGTGAC-6,T-cell,T-cell,0.00081286,0.000791705,0.00079984806,0.00078662,0.00077507814,0.0023667682,0.00089983986,0.99276733
AGAGAAACGGACAG-5,T-cell,T-cell,0.0005237589,0.00051012763,0.00051537476,0.0005068512,0.00049941445,0.0004770728,0.00050931366,0.9964581
GTTGAGTGTGACTG-7,T-cell,T-cell,0.0007590235,0.00051002204,0.00051526807,0.0005067463,0.0004993112,0.0004769741,0.00050920824,0.99622345
CACCTGACACGTAC-4,T-cell,T-cell,0.0019098902,0.0018601847,0.0018793175,0.0018482362,0.0021071478,0.011700808,0.0018572155,0.9768372
GCGCATCTTGTTTC-2,T-cell,T-cell,0.0006728826,0.00065537053,0.0006621113,0.00065116124,0.00073618564,0.00061290443,0.0006543245,0.9953551
GGGCACACATTCGG-5,T-cell,T-cell,0.00076054566,0.00066939095,0.0008057261,0.00066509156,0.0008123414,0.0014369211,0.0006683228,0.9941817
ATCAACCTTGTCCC-1,T-cell,T-cell,0.00052370667,0.00051007676,0.00051532337,0.00050680066,0.00049936475,0.00060519995,0.00050926284,0.9963303
ACGCCGGACCGTTC-2,T-cell,T-cell,0.00052364427,0.00051001605,0.000515262,0.0005067403,0.0005516026,0.0006433743,0.00050920225,0.99624014
TCCTAAACTCATTC-2,B-cell,B-cell,0.99396086,0.0006847621,0.0006918055,0.00068036397,0.0006703815,0.0008427775,0.0006836694,0.0017854263
CCACTTCTTCGTTT-7,T-cell,T-cell,0.0008823168,0.00085935416,0.0009607519,0.00085383473,0.0010754032,0.0015818835,0.00085798255,0.99292845
TTATGCACCACTAG-3,T-cell,T-cell,0.0005583929,0.0005438605,0.0006909259,0.0005403674,0.0018304669,0.00090925535,0.00054299243,0.9943837
TCCCACGAGCATCA-7,T-cell,T-cell,0.0008417708,0.00081986346,0.00082829606,0.0008145976,0.0010545723,0.00093858375,0.0008185548,0.9938838
GAGTACTGGTCACA-8,T-cell,T-cell,0.0011511856,0.0007757009,0.0007836797,0.00077071873,0.00075941056,0.0015549427,0.0007744631,0.99342996
GGGATTACGATGAA-5,T-cell,T-cell,0.0009110678,0.00069280947,0.0006999356,0.00068835967,0.0006782598,0.00067444425,0.0006917039,0.9949634
GTTGTACTCTGAGT-6,T-cell,T-cell,0.0006414838,0.00062478887,0.00063121517,0.00062077603,0.0006116675,0.00067690795,0.00062379165,0.9955694
TAGAATTGTGTAGC-1,T-cell,T-cell,0.001641723,0.0014449552,0.001459818,0.0014356746,0.0016399727,0.0017847819,0.0014426496,0.98915046
CGCGAGACAAAGCA-5,T-cell,T-cell,0.00052363577,0.00051000767,0.000570185,0.00050673203,0.00055159366,0.000633223,0.0005091939,0.99619544
TCAGAGACAGTGCT-5,T-cell,T-cell,0.0013032052,0.0012692887,0.001282344,0.0012611364,0.0012686643,0.016226836,0.0012672629,0.9761213
CGCATAGATAAAGG-3,Macrophage,Macrophage,0.0014680608,0.0013758962,0.001390048,0.96176285,0.027485037,0.002062531,0.0015638226,0.002891755
CATGAGACGTTCTT-4,T-cell,T-cell,0.0011567747,0.0010181302,0.0010286027,0.0011343022,0.001920621,0.0023649954,0.0010165056,0.99036
GAATGCACCGGAGA-6,T-cell,T-cell,0.0008448913,0.0007918492,0.0007999941,0.0007867633,0.0009609511,0.000854937,0.0007905857,0.99417007
CTGATACTGGAGGT-1,T-cell,T-cell,0.0007417589,0.0007224544,0.0007298851,0.0007178142,0.00070728187,0.0008715793,0.0007213012,0.99478793
AGCTCGCTATGCTG-2,T-cell,T-cell,0.00057944434,0.0005099954,0.0005152411,0.00056821434,0.00057770405,0.00054038793,0.0005091816,0.9961998
AAACATACCTACCC-3,T-cell,T-cell,0.0006805573,0.0005989895,0.00060515065,0.00059514237,0.00058641017,0.0008259034,0.00059803366,0.99550986
CCCTACGAACTGTG-5,T-cell,T-cell,0.002233157,0.0019655034,0.0019857194,0.0019528784,0.002966138,0.02239339,0.0019623663,0.96454084
GTATTAGAAGTGTC-3,Monocyte,Monocyte,0.0025360184,0.0017790495,0.0022601227,0.007540197,0.9781928,0.004057997,0.00177621,0.0018575578
GAGTCAACCTGTGA-1,B-cell,B-cell,0.9874796,0.00095579773,0.00096562854,0.00094965886,0.0016108128,0.001370843,0.00095427217,0.0057133115
TGAGCTGAAGACTC-7,T-cell,T-cell,0.0007500906,0.0005897143,0.0005957798,0.0005859267,0.00057732954,0.00057408196,0.00058877305,0.99573827
GCACCTTGTGCCAA-4,T-cell,T-cell,0.000822648,0.00080123823,0.0010179012,0.0007960921,0.00094362855,0.0009172616,0.0007999594,0.99390125
AGGTTCGACAATCG-2,T-cell,T-cell,0.00052363833,0.00051001017,0.0005701878,0.0006386169,0.00055159634,0.0004964907,0.00050919637,0.99620026
CCTTAATGGAGGGT-4,NK,NK,0.0026158097,0.0025477323,0.002573937,0.0032558748,0.0028293629,0.97390467,0.002543666,0.009728988
AAGGTGCTTCAGTG-3,B-cell,B-cell,0.98138463,0.0017322021,0.0020850005,0.0017210764,0.0029027676,0.0030086925,0.0017294373,0.0054361555
TGTCTAACGCGGAA-8,T-cell,T-cell,0.00076706783,0.00064549095,0.0007216543,0.0006413451,0.0007175764,0.00060366496,0.0006444606,0.99525875
ACGTTGGAGCTACA-4,NK,NK,0.0014040198,0.0013674797,0.0013815449,0.0013586966,0.0017493217,0.97592044,0.0013652969,0.015453184
GCGTAATGCGAGAG-1,T-cell,T-cell,0.0021792462,0.00094672735,0.0009564649,0.00094064674,0.001039977,0.0018979843,0.0009452162,0.9910937
CCAACCTGTTACTC-7,T-cell,T-cell,0.00053609104,0.0005221391,0.0005275095,0.0005187855,0.00056471396,0.0010712771,0.0005213057,0.99573815
GTACTACTGTTGTG-6,Monocyte,Monocyte,0.0031258506,0.0015504527,0.0015664006,0.013795905,0.9727381,0.0025865582,0.0015479786,0.0030888014
ACAATCCTCGAGAG-1,T-cell,T-cell,0.0005898187,0.00057446846,0.00058037706,0.00057077873,0.0006213102,0.0005372445,0.0005735515,0.9959525
GTATGGTGCTCGAA-5,T-cell,T-cell,0.00052372547,0.00051009504,0.0005153418,0.0005068188,0.0004993826,0.0005693081,0.0005092811,0.996366
TAGTAATGTCCTGC-1,T-cell,T-cell,0.0005235697,0.0005099434,0.0005151886,0.0005681564,0.000626268,0.00064947695,0.0005091297,0.9960983
CGAGTATGCCTTGC-4,T-cell,T-cell,0.00072749454,0.0007085612,0.0007158491,0.00070401025,0.0007868868,0.0013300051,0.0008917726,0.9941354
GGACAACTGAGATA-2,T-cell,T-cell,0.0006367182,0.0005099935,0.0005701692,0.00050671794,0.0006224819,0.0004769474,0.0005091798,0.9961677
GGACGCTGCTCCAC-7,T-cell,T-cell,0.0005334815,0.0005195972,0.0005249417,0.0005162599,0.0007432307,0.00058892317,0.0005187681,0.99605477
TATCTTCTATGTGC-6,T-cell,T-cell,0.000613721,0.0005977484,0.0006038968,0.0005939092,0.000666421,0.0009922052,0.0005967946,0.9953353
TCACGAGACCTTCG-8,T-cell,T-cell,0.0005236648,0.00051003596,0.0005702166,0.00050676015,0.0006524533,0.0004769871,0.00050922215,0.9962507
GTTAACCTAGCAAA-6,T-cell,T-cell,0.0036251198,0.0008946548,0.0009038571,0.0008889086,0.0008758663,0.0010352904,0.00089322723,0.99088305
AGAACGCTCATGAC-5,T-cell,T-cell,0.0005237084,0.0005100785,0.0005153251,0.00050680235,0.0004993664,0.0005732645,0.0005092646,0.99636215
GATGCATGTAAGCC-8,T-cell,T-cell,0.00069380895,0.0005838433,0.00058984844,0.0005800934,0.00065583823,0.00061010837,0.0005829114,0.9957035
AGTATAACTAACGC-1,Macrophage,Macrophage,0.004198341,0.0039347704,0.0039752414,0.9032181,0.06559885,0.0062063946,0.00392849,0.008939833
AGTCAGACACCGAT-6,T-cell,T-cell,0.0011835803,0.001002412,0.0010127224,0.0009959738,0.0009813601,0.02172227,0.001000812,0.97210085
GACGATTGCTAGTG-5,Monocyte,Monocyte,0.0016740849,0.0016305163,0.0016472868,0.0030732886,0.8886807,0.002208602,0.0016279137,0.09945763
AACCTTTGTCCGTC-5,T-cell,T-cell,0.00052367285,0.0005100438,0.00051529007,0.00050676794,0.0006636008,0.00047699444,0.00050922995,0.99629444
TGCGCACTCTCGAA-7,T-cell,T-cell,0.000536088,0.0005221361,0.0005275065,0.00051878253,0.0008365335,0.0008052006,0.00052130275,0.9957325
CATGTACTCCTTGC-8,Monocyte,Monocyte,0.009295975,0.0043559344,0.004400737,0.0058108293,0.93528515,0.012057589,0.0043489817,0.024444858
TTATGAGATCTAGG-6,T-cell,T-cell,0.0005236546,0.00051002606,0.00051527214,0.0005067503,0.0004993151,0.00070455554,0.00050921226,0.99623126
ATTAGTGAGGAGGT-1,T-cell,T-cell,0.00081389584,0.00079271354,0.00088624813,0.00078762206,0.0015246975,0.001669712,0.00079144863,0.9927336
CTGAATCTGGATTC-8,T-cell,T-cell,0.0005786886,0.0005636277,0.0005694251,0.00056000764,0.00055179105,0.0017207864,0.0005627284,0.99489295
TGAGGTACGCTTCC-6,T-cell,T-cell,0.00052354345,0.0005099178,0.00051516277,0.0005066427,0.00057761616,0.0008382013,0.0005091041,0.9960198
CTCGACTGCAGAGG-3,B-cell,B-cell,0.9926918,0.0008209839,0.0015258319,0.0008157109,0.00117104,0.00091277953,0.00081967394,0.0012422327
ACCCAAGACACTAG-3,T-cell,T-cell,0.0005237171,0.0005100869,0.00051533355,0.0005068107,0.0005516793,0.00053303386,0.00050927297,0.99635005
GGACTATGTAGCCA-4,T-cell,T-cell,0.00052360015,0.000509973,0.00051521853,0.0005066976,0.00060060143,0.00070710055,0.0005091593,0.99612767
GATGCAACACGTAC-6,T-cell,T-cell,0.00072908803,0.00071011286,0.00071741705,0.00078325014,0.0014564395,0.0010159042,0.0007089798,0.9938788
CCATGCTGGTATGC-6,T-cell,T-cell,0.0007289267,0.00070995576,0.0008545529,0.0007053959,0.0006950461,0.0022860996,0.0007088229,0.99331117
ACAATAACTTGGCA-5,T-cell,T-cell,0.00052363804,0.0005100099,0.00064558256,0.00050673424,0.00062815833,0.0004769627,0.0005091961,0.99619967
TCGTTATGTAGTCG-3,T-cell,T-cell,0.0023610627,0.0009936364,0.0010038569,0.0009872544,0.0011255548,0.0015961905,0.000992051,0.99094045
ACGTCAGAAAGCCT-7,T-cell,T-cell,0.00084917125,0.00082707126,0.000835578,0.00082175917,0.0010466174,0.0009327104,0.0008257511,0.9938613
CTGATGGAGCAAGG-7,T-cell,T-cell,0.00085292815,0.00083072996,0.0008392748,0.00082539435,0.0009607336,0.006226335,0.00094419456,0.98852044
GTGTCAGAGTTTCT-2,T-cell,T-cell,0.0015047672,0.0014656051,0.0014806795,0.0014561916,0.0025641285,0.009323085,0.0014632657,0.9807422
AGGGCCACAGAGAT-6,T-cell,T-cell,0.0005234699,0.0005098461,0.0006889785,0.00068013585,0.0006187253,0.0005899916,0.0005090326,0.99587977
TGCCAAGAGGCATT-7,T-cell,T-cell,0.00062712707,0.0006108055,0.0006170882,0.00060688244,0.0005979781,0.0005712271,0.0006098309,0.99575907
TAAGATTGGTCCTC-4,T-cell,T-cell,0.0006409027,0.0005640877,0.00056988985,0.0005604647,0.0005522414,0.00084425556,0.00056318764,0.99570495
CCCGATTGCTAAGC-8,NK,NK,0.0017450843,0.001699667,0.0017171496,0.0016887503,0.002043653,0.9798101,0.0019318147,0.009363734
GTACCCTGCTATGG-6,T-cell,T-cell,0.0006351158,0.0006185864,0.00062494905,0.0006146133,0.00077410473,0.0007441667,0.00061759935,0.9953708
CGAGGCTGGGAACG-6,T-cell,T-cell,0.0006314337,0.000615,0.0006213259,0.00061105005,0.00066514703,0.00059869746,0.0006140187,0.9956434
ATTATGGATTCTAC-7,T-cell,T-cell,0.00063677644,0.0005100402,0.00051528646,0.0005067644,0.00056642096,0.00049651996,0.0005092264,0.996259
AACCGATGTCTTCA-8,T-cell,T-cell,0.0015138912,0.0014744909,0.0014896574,0.0014650206,0.0014435253,0.010410937,0.0022533142,0.9799492
AGTTTAGACGGGAA-2,T-cell,T-cell,0.00088133675,0.0008583992,0.0009596843,0.0008528859,0.0010738318,0.00083564455,0.0008570295,0.9936812
GGATTGTGTCCTAT-7,T-cell,T-cell,0.0008512919,0.000797848,0.0008060542,0.00079272356,0.0008860434,0.003391638,0.00079657446,0.9916779
GATTGGACTACGCA-1,NK,NK,0.0022767526,0.0022174981,0.0022403072,0.0022032568,0.002462624,0.9789437,0.0022139598,0.007441901
ACACCAGATCCTTA-6,T-cell,T-cell,0.0008062109,0.000785229,0.00079330534,0.00078018557,0.0007687381,0.009950066,0.0007839756,0.9853323
ATTACCACAGGTCT-7,B-cell,B-cell,0.9928646,0.00069875637,0.0007059434,0.0006942684,0.0012224993,0.0011415486,0.000697641,0.0019747014
CCTAAACTCCACCT-3,T-cell,T-cell,0.00052353204,0.0005099066,0.00085638283,0.0005066316,0.00049919816,0.00059723755,0.000509093,0.995998
AAGCCATGCGAGAG-6,T-cell,T-cell,0.000628521,0.0006121635,0.0006184599,0.0006082317,0.00069810334,0.006771439,0.0006111864,0.98945194
TCTCAAACCATGAC-7,T-cell,T-cell,0.0010998012,0.00096798514,0.0009779418,0.00096176803,0.0010643752,0.0025070584,0.0009664406,0.9914546
ACGATCGACTTCCG-8,T-cell,T-cell,0.00070185406,0.0006835878,0.0006906191,0.0006791972,0.00084831106,0.0010738956,0.000682497,0.99464005
CTCGAGCTCCTTGC-6,T-cell,T-cell,0.0009256054,0.0009015162,0.0009107887,0.0008957259,0.00090107264,0.0026180693,0.0010246495,0.99182254
CATCGCTGTGAGGG-8,T-cell,T-cell,0.0005236621,0.00051003334,0.0005152795,0.0005067575,0.0006840473,0.00047698466,0.00050921954,0.996274
TGACCGCTGCCATA-5,T-cell,T-cell,0.0036179223,0.0011543675,0.0011662412,0.0011469532,0.0014106346,0.009990614,0.0011525254,0.9803608
CACAATCTAGCAAA-3,T-cell,T-cell,0.00058376923,0.0005685762,0.0005744245,0.0005649243,0.0007313474,0.0013465656,0.00056766893,0.99506277
TGCCCAACCGCATA-3,T-cell,T-cell,0.0005230723,0.0005094589,0.00051469915,0.00056193006,0.0014592616,0.0007994791,0.000508646,0.99512345
ATAGCGTGGTTGGT-1,T-cell,T-cell,0.0006060049,0.00059023313,0.0005963042,0.0005864422,0.0006383606,0.0005519877,0.0005892913,0.9958413
ATGAAACTTCCTCG-4,T-cell,T-cell,0.0008011445,0.00053832534,0.0005438623,0.0005348678,0.00070694217,0.0005392785,0.0005374661,0.99579805
ACGTGATGGATACC-8,Monocyte,Monocyte,0.031589985,0.012981744,0.013115266,0.014462996,0.8384498,0.045840647,0.012961023,0.030598592
TGTATCTGGCTATG-6,T-cell,T-cell,0.00052372337,0.0005100931,0.00051533984,0.00050681684,0.0005670583,0.0004770405,0.00050927914,0.99639064
ACCTATTGCTCAGA-8,NK,NK,0.0013013746,0.0012675051,0.0014170619,0.0012593643,0.0012668816,0.7621001,0.0012654827,0.23012222
AATCTCACTGCGTA-5,T-cell,T-cell,0.000689169,0.00057993876,0.0005859037,0.00057621393,0.0005796534,0.00073706865,0.0005790131,0.995673
ACTCCCGACTATGG-4,Macrophage,Macrophage,0.0010222915,0.0008642242,0.00087311317,0.99089897,0.0014773837,0.0018131639,0.0008628448,0.0021880402
CGAAGTACCTTACT-5,Monocyte,Monocyte,0.005000568,0.004014228,0.0048318054,0.0132574225,0.95898485,0.0051733153,0.0040078205,0.0047299117
AGTGACTGGGTGTT-1,T-cell,T-cell,0.0005237016,0.00051007175,0.00051531836,0.0005067957,0.00049935986,0.00061491766,0.0005092579,0.9963206
GACATTCTACGTGT-5,NK,NK,0.00053386297,0.00044924804,0.00045386876,0.00051716465,0.00050086045,0.99533695,0.00058146444,0.0016266188
AATACTGAAGAATG-5,T-cell,T-cell,0.0006518305,0.00063486607,0.0006413963,0.0006307885,0.000686633,0.00063599047,0.0007788318,0.99533963
GTAGCAACGTTCGA-1,T-cell,T-cell,0.0005947315,0.00057925336,0.0010765658,0.00057553296,0.00056708825,0.00078068615,0.0005783288,0.9952478
CATGAGACCTCTTA-8,T-cell,T-cell,0.00076037226,0.00074058294,0.0007482005,0.0007358263,0.0007250301,0.0013603445,0.0007394012,0.9941902
AGGACACTCCCACT-2,T-cell,T-cell,0.0005363054,0.00052234787,0.00052772043,0.00051899295,0.00058675965,0.0006500476,0.00052151416,0.99613625
TGGATGACATGTGC-3,B-cell,T-cell,0.08995343,0.014740822,0.014892438,0.014646145,0.01627677,0.018914526,0.014717293,0.81585854
TATAGCCTATGCTG-4,B-cell,B-cell,0.993415,0.0007177959,0.0008639899,0.0007131857,0.0012766172,0.0008061358,0.0007166503,0.0014906432
TAGTATGACTCATT-5,T-cell,T-cell,0.0006601278,0.0006429477,0.00064956065,0.0006388182,0.0007720373,0.002731609,0.00073076447,0.99317414
AGTAAGGACTGCTC-6,T-cell,T-cell,0.0007600241,0.00074024417,0.00074785796,0.0007354898,0.001135092,0.0007719155,0.00093164784,0.9941777
CATGTACTATTCCT-8,T-cell,T-cell,0.0009789537,0.0009534756,0.000963283,0.0009473516,0.0010630161,0.0013405739,0.00095195416,0.9928014
GAGCGAGACCGTTC-4,T-cell,T-cell,0.0005233518,0.0005097312,0.0005149742,0.0005622303,0.00068813213,0.0010090343,0.0005089178,0.99568367
GCCACGGATATCGG-3,T-cell,T-cell,0.00066802895,0.0006506429,0.0007274142,0.00064646394,0.0007036963,0.00072617107,0.0006496048,0.99522793
GAGGACGAGGAGTG-3,T-cell,T-cell,0.00090939464,0.0008857269,0.0008948374,0.0009769512,0.0009933506,0.002192382,0.001086579,0.9920608
TTCAACACGGGACA-1,T-cell,T-cell,0.00058683305,0.0005715605,0.0005774393,0.00056788954,0.0007052946,0.0005345251,0.00057064823,0.9958858
AGCTGAACCCTGTC-8,T-cell,T-cell,0.000606089,0.00059031503,0.000596387,0.0005865236,0.0005779179,0.0008289878,0.0005893731,0.9956245
