HE22W_1_RV.19,Cardiomyocytes,Cardiomyocytes,0.9754141,0.0034931584,0.0034881467,0.0034828798,0.0036140229,0.0034905027,0.0035203677,0.0034967833
HE13W_2_RA.13,Cardiomyocytes,Cardiomyocytes,0.9775718,0.003201894,0.0031973002,0.0031924725,0.0032050896,0.0031994598,0.0032268346,0.0032052165
HE24W_1_RV.52,Mesenchymal Cells,Mesenchymal Cells,0.0042280867,0.004864577,0.004168712,0.0047317455,0.004178866,0.0041715275,0.9694774,0.0041790335
HE6W_1_LV.13,Endothelial Cells,Endothelial Cells,0.0030488733,0.97760844,0.0030060566,0.0030015178,0.003517246,0.0033645616,0.0034398132,0.0030134995
HE23W_2_BV.22,Mesenchymal Cells,Mesenchymal Cells,0.003179583,0.0031394348,0.0031349305,0.003130197,0.003142568,0.0031370479,0.9779936,0.0031426926
HE23W_2_RA.21,Cardiomyocytes,Cardiomyocytes,0.97654223,0.003198522,0.0036169088,0.0031891102,0.003201714,0.0038262825,0.003223436,0.0032018407
HE24W_1_LA.50,Cardiomyocytes,Cardiomyocytes,0.96805096,0.0044533545,0.0044469675,0.005194918,0.0044577993,0.004449971,0.004488043,0.004457978
HE5W_1_RV.83,Cardiomyocytes,Cardiomyocytes,0.9755408,0.0031952418,0.0038003302,0.0031858399,0.0031984309,0.0031928127,0.0046879994,0.0031985573
HE6W_2_LA.83,Endothelial Cells,Endothelial Cells,0.004493795,0.95002675,0.0044306885,0.0044239983,0.0044414806,0.004433681,0.023307953,0.0044416585
HE5W_1_RA.7,Cardiomyocytes,Cardiomyocytes,0.976454,0.003198233,0.0043369797,0.003188822,0.0032014248,0.0031958015,0.003223145,0.0032015515
HE5W_1_RA.66,Cardiomyocytes,Cardiomyocytes,0.97628343,0.0031976742,0.003849996,0.003188265,0.0032008656,0.0031952432,0.003883559,0.0032009922
HE22W_1_IS.33,Mesenchymal Cells,Mesenchymal Cells,0.0031785283,0.0031383934,0.0034654983,0.0031291586,0.0031415257,0.0031360073,0.9776692,0.0031416502
HE22W_1_BV.37,Mesenchymal Cells,Mesenchymal Cells,0.0031790058,0.0033202998,0.0031343615,0.003129629,0.0031419976,0.0031364786,0.9778161,0.0031421222
HE20W_1_RA.1,Mesenchymal Cells,Mesenchymal Cells,0.0032092775,0.0031687543,0.003164208,0.0031594303,0.0032783942,0.0031663452,0.9776815,0.0031720425
HE22W_1_RA.90,Cardiomyocytes,Cardiomyocytes,0.965349,0.0049935137,0.004555524,0.0061823237,0.005196547,0.004558601,0.0045976043,0.004566803
HE22W_1_AV.37,Mesenchymal Cells,Mesenchymal Cells,0.0076723825,0.008312641,0.007564636,0.0075532133,0.007583065,0.007569745,0.9461609,0.007583366
HE24W_1_RA.58,Cardiomyocytes,Cardiomyocytes,0.9719723,0.0039287186,0.0039230823,0.0039171586,0.0044409004,0.003925732,0.0039593186,0.003932793
HE7W_2_LV.60,Red Blood Cells,Red Blood Cells,0.0072745513,0.004705081,0.004698331,0.0046912367,0.0047097774,0.0047015045,0.0047417306,0.9644778
HE7W_1_LA.32,Cardiomyocytes,Cardiomyocytes,0.9771821,0.0032006176,0.0031960257,0.0031911999,0.003602359,0.0031981843,0.0032255482,0.0032039387
HE7W_2_RA.47,Cardiomyocytes,Cardiomyocytes,0.9775718,0.003201894,0.0031973002,0.0031924725,0.0032050896,0.0031994598,0.0032268346,0.0032052165
HE13W_1_LV.38,Cardiomyocytes,Cardiomyocytes,0.9775718,0.003201894,0.0031973002,0.0031924725,0.0032050896,0.0031994598,0.0032268346,0.0032052165
HE6W_2_RV.71,Mesenchymal Cells,Mesenchymal Cells,0.00804433,0.021815091,0.007931364,0.007919388,0.007950683,0.007936721,0.93045145,0.007951002
HE22W_1_RV.30,Macrophages,Macrophages,0.07645127,0.0066874484,0.006677854,0.013077348,0.008210897,0.8754612,0.006739536,0.006694385
HE6W_2_LV.96,Mesenchymal Cells,Mesenchymal Cells,0.0031783434,0.0035280103,0.0031337084,0.0031289768,0.003141343,0.003135825,0.9776123,0.0031414675
HE5W_1_LA.11,Epicardial Cells,Epicardial Cells,0.006029793,0.005953656,0.9455411,0.0059361397,0.007006827,0.005949132,0.017623477,0.0059598363
HE22W_1_LV.68,Mesenchymal Cells,Mesenchymal Cells,0.0031744374,0.0047525805,0.0031298574,0.0031251314,0.0031374826,0.0031319715,0.9764109,0.003137607
HE6W_2_RV.14,Mesenchymal Cells,Mesenchymal Cells,0.008882221,0.15418789,0.009045163,0.008744265,0.00877882,0.008763404,0.792819,0.008779171
HE22W_1_RV.76,Cardiomyocytes,Cardiomyocytes,0.9659323,0.004863557,0.004856579,0.004849246,0.004868411,0.004859859,0.0049014403,0.004868604
HE24W_1_LA.45,Endothelial Cells,Endothelial Cells,0.003051867,0.9785684,0.0030090082,0.003004465,0.0031547027,0.0030110406,0.0031840573,0.0030164584
HE13W_1_RA.24,Cardiomyocytes,Cardiomyocytes,0.94347817,0.007840214,0.00782897,0.007817148,0.007848039,0.00820327,0.007901284,0.009082829
HE22W_1_PO.33,Mesenchymal Cells,Mesenchymal Cells,0.0032096193,0.003169092,0.0031645452,0.003159767,0.003172255,0.0031666826,0.97778565,0.0031723804
HE10W_1_LA.36,Cardiomyocytes,Cardiomyocytes,0.9719753,0.004239925,0.0038086793,0.0038029284,0.0046999324,0.0038112518,0.0038438593,0.0038181075
HE7W_1_LV.49,Endothelial Cells,Endothelial Cells,0.0030456192,0.97656506,0.0030028482,0.0029983143,0.003010164,0.0030048764,0.0053628543,0.0030102832
HE22W_1_RV.24,Cardiomyocytes,Cardiomyocytes,0.9775718,0.003201894,0.0031973002,0.0031924725,0.0032050896,0.0031994598,0.0032268346,0.0032052165
HE6W_2_LA.63,Cardiomyocytes,Cardiomyocytes,0.9775718,0.003201894,0.0031973002,0.0031924725,0.0032050896,0.0031994598,0.0032268346,0.0032052165
HE10W_1_LV.1,Red Blood Cells,Red Blood Cells,0.004346862,0.003333163,0.0033283809,0.003818791,0.0033364897,0.0033306289,0.003359126,0.9751466
HE20W_1_LV.30,Cardiomyocytes,Cardiomyocytes,0.8030488,0.019685125,0.019656887,0.059634477,0.019704767,0.034704123,0.019838454,0.023727426
HE7W_3_LA.40,Cardiomyocytes,Cardiomyocytes,0.9775718,0.003201894,0.0031973002,0.0031924725,0.0032050896,0.0031994598,0.0032268346,0.0032052165
HE7W_2_LV.13,Mesenchymal Cells,Mesenchymal Cells,0.0033032396,0.0053908094,0.0032568509,0.003251933,0.0032647853,0.0032590507,0.9750084,0.0032649145
HE13W_1_RA.40,Cardiomyocytes,Cardiomyocytes,0.9775718,0.003201894,0.0031973002,0.0031924725,0.0032050896,0.0031994598,0.0032268346,0.0032052165
HE7W_1_RA.1,Cardiomyocytes,Cardiomyocytes,0.9766465,0.003333985,0.0033292016,0.0033241748,0.0033373125,0.0033314505,0.0033599543,0.0033374445
HE20W_1_RA.44,Mesenchymal Cells,Mesenchymal Cells,0.003179583,0.0031394348,0.0031349305,0.003130197,0.003142568,0.0031370479,0.9779936,0.0031426926
HE7W_3_RA.30,Cardiomyocytes,Cardiomyocytes,0.9775718,0.003201894,0.0031973002,0.0031924725,0.0032050896,0.0031994598,0.0032268346,0.0032052165
HE22W_1_PO.13,Mesenchymal Cells,Mesenchymal Cells,0.0031780454,0.0031379166,0.003236344,0.0031286832,0.0031410484,0.003135531,0.97752064,0.0035217868
HE6W_2_RA.35,Cardiomyocytes,Cardiomyocytes,0.9775718,0.003201894,0.0031973002,0.0031924725,0.0032050896,0.0031994598,0.0032268346,0.0032052165
HE13W_1_RA.44,Cardiomyocytes,Cardiomyocytes,0.9775718,0.003201894,0.0031973002,0.0031924725,0.0032050896,0.0031994598,0.0032268346,0.0032052165
HE7W_3_RA.41,Cardiomyocytes,Cardiomyocytes,0.9775718,0.003201894,0.0031973002,0.0031924725,0.0032050896,0.0031994598,0.0032268346,0.0032052165
HE13W_1_RA.27,Cardiomyocytes,Cardiomyocytes,0.9746168,0.0031922155,0.0031876357,0.0034152872,0.005102798,0.0031897887,0.004099877,0.003195528
HE7W_2_LA.11,Cardiomyocytes,Cardiomyocytes,0.95435894,0.0050125364,0.005005347,0.014394114,0.006151042,0.005008728,0.0050515803,0.0050177397
HE5W_1_RV.40,Cardiomyocytes,Cardiomyocytes,0.9770129,0.0032000635,0.003767149,0.003190647,0.0032032572,0.0031976304,0.0032249896,0.0032033839
HE22W_1_TV.47,Mesenchymal Cells,Mesenchymal Cells,0.0039873766,0.004078911,0.003931382,0.0039254464,0.003940958,0.0039340374,0.97226083,0.0039411145
HE22W_1_AO.27,Mesenchymal Cells,Mesenchymal Cells,0.0039153816,0.0048071044,0.0038603982,0.0038545693,0.0044954037,0.0038630057,0.97133416,0.0038699547
HE22W_1_AO.31,Mesenchymal Cells,Mesenchymal Cells,0.003178628,0.003138492,0.003133989,0.003129257,0.0031416242,0.003436359,0.9776999,0.0031417487
HE7W_2_LV.47,Mesenchymal Cells,Mesenchymal Cells,0.0032549656,0.003377485,0.003209255,0.003204409,0.0032170734,0.0032114224,0.9773082,0.0032172005
HE7W_3_RA.3,Cardiomyocytes,Cardiomyocytes,0.9775718,0.003201894,0.0031973002,0.0031924725,0.0032050896,0.0031994598,0.0032268346,0.0032052165
HE7W_2_RV.16,Red Blood Cells,Red Blood Cells,0.0035101748,0.0033376245,0.0033328359,0.0033278035,0.0033409556,0.003335087,0.0033636221,0.9764519
HE24W_1_LV.71,Lymphocytes,Lymphocytes,0.19380918,0.006582168,0.0065727276,0.006562803,0.76243454,0.006980627,0.006633438,0.010424504
HE22W_1_AV.39,Mesenchymal Cells,Mesenchymal Cells,0.003179583,0.0031394348,0.0031349305,0.003130197,0.003142568,0.0031370479,0.9779936,0.0031426926
HE22W_1_BV.15,Mesenchymal Cells,Mesenchymal Cells,0.003175685,0.0033168315,0.0031310874,0.0031263595,0.0036602682,0.0036562353,0.97679466,0.00313884
HE7W_1_RA.9,Cardiomyocytes,Cardiomyocytes,0.9775718,0.003201894,0.0031973002,0.0031924725,0.0032050896,0.0031994598,0.0032268346,0.0032052165
HE23W_2_RA.10,Cardiomyocytes,Cardiomyocytes,0.977398,0.0032013247,0.0031967317,0.0031919049,0.0032045199,0.0033766243,0.0032262607,0.0032046465
HE10W_1_RV.41,Mesenchymal Cells,Mesenchymal Cells,0.0031776503,0.0037453906,0.003133025,0.0031282941,0.003140658,0.003135141,0.9773991,0.0031407822
HE22W_1_RA.64,Mesenchymal Cells,Mesenchymal Cells,0.0032277412,0.005487034,0.0031824126,0.0031776072,0.0031901656,0.003184562,0.9753602,0.003190292
HE6W_2_LV.73,Cardiomyocytes,Cardiomyocytes,0.97727615,0.0032009257,0.0031963333,0.003191507,0.003506557,0.003198492,0.0032258586,0.003204247
HE9W_1_RA.10,Endothelial Cells,Endothelial Cells,0.00366632,0.9716287,0.003614832,0.003609374,0.004091964,0.0036172736,0.005669098,0.0041023963
HE22W_1_AV.20,Mesenchymal Cells,Mesenchymal Cells,0.003179583,0.0031394348,0.0031349305,0.003130197,0.003142568,0.0031370479,0.9779936,0.0031426926
HE6W_1_LA.36,Endothelial Cells,Endothelial Cells,0.017744226,0.8516502,0.017495045,0.017468628,0.017537659,0.017506862,0.04305898,0.017538358
HE6W_2_RA.1,Endothelial Cells,Endothelial Cells,0.0030473114,0.97710764,0.0030045167,0.0029999802,0.0030118367,0.003006546,0.0048102215,0.0030119559
HE5W_1_LV.60,Cardiomyocytes,Cardiomyocytes,0.9705685,0.0038510386,0.0063017476,0.0038397068,0.003854882,0.0038481108,0.0038810354,0.0038550347
HE22W_1_LV.19,Cardiomyocytes,Cardiomyocytes,0.97589135,0.00319639,0.003191804,0.0040048934,0.0031995801,0.0034265127,0.0038897318,0.0031997068
HE9W_1_RV.45,Red Blood Cells,Red Blood Cells,0.0046530566,0.004377086,0.0043708086,0.004364209,0.004381455,0.0043737604,0.0044111805,0.9690684
HE25W_1_TV.8,Mesenchymal Cells,Mesenchymal Cells,0.003178013,0.0032509675,0.0031333826,0.0031286515,0.0031410165,0.003135499,0.97751075,0.003521751
HE15W_1_LA.39,Mesenchymal Cells,Mesenchymal Cells,0.0032888213,0.0051141265,0.0032426352,0.003237739,0.003250535,0.0032448254,0.97490907,0.0037122667
HE15W_1_LV.12,Cardiomyocytes,Cardiomyocytes,0.97552866,0.0034935686,0.0034885562,0.003483289,0.0034970555,0.0034909127,0.003520781,0.003497194
HE24W_1_LV.26,Cardiomyocytes,Cardiomyocytes,0.9704488,0.0040710843,0.0040652435,0.0040591047,0.0051096645,0.004067989,0.004102793,0.004075307
HE23W_2_PV.47,Mesenchymal Cells,Mesenchymal Cells,0.0039515654,0.0039016714,0.0041114804,0.0038901905,0.0039055636,0.0038987051,0.97243506,0.003905718
HE6W_2_LA.57,Cardiomyocytes,Cardiomyocytes,0.97168845,0.0039302018,0.003924563,0.003918637,0.0039341245,0.0047089006,0.0039608153,0.00393428
HE22W_1_RA.82,Mesenchymal Cells,Mesenchymal Cells,0.0040945313,0.0049571707,0.0040370314,0.0040309355,0.004046865,0.0040397584,0.97074664,0.004047025
HE23W_2_AV.46,Mesenchymal Cells,Mesenchymal Cells,0.0037295984,0.0036825053,0.004433732,0.0036716694,0.0036861806,0.0036797056,0.9734302,0.0036863266
HE7W_3_LV.17,Cardiomyocytes,Cardiomyocytes,0.97715795,0.0032005387,0.0036191896,0.003191121,0.003203733,0.0031981054,0.0032254686,0.0032038596
HE6W_1_LA.22,Cardiomyocytes,Cardiomyocytes,0.9773312,0.003201106,0.0031965135,0.003191687,0.003204301,0.0031986726,0.0034720101,0.0032044277
HE25W_1_BV.12,Mesenchymal Cells,Mesenchymal Cells,0.0031792552,0.0031391112,0.0032375762,0.0031298744,0.0031422442,0.0031367247,0.9778928,0.0031423687
HE23W_2_LA.16,Mesenchymal Cells,Mesenchymal Cells,0.0031792552,0.0031391112,0.0032375762,0.0031298744,0.0031422442,0.0031367247,0.9778928,0.0031423687
HE13W_1_RV.41,Mesenchymal Cells,Mesenchymal Cells,0.003179583,0.0031394348,0.0031349305,0.003130197,0.003142568,0.0031370479,0.9779936,0.0031426926
HE22W_1_AV.16,Mesenchymal Cells,Mesenchymal Cells,0.0031887798,0.0031485157,0.0031439986,0.0031392511,0.003151658,0.003146122,0.97792983,0.0031517828
HE15W_1_RV.28,Red Blood Cells,Red Blood Cells,0.0046100207,0.003745105,0.0037397332,0.0037340864,0.00409595,0.0037422592,0.0037742762,0.9725585
HE7W_1_LV.50,Red Blood Cells,Red Blood Cells,0.0036433989,0.0033353707,0.0033305853,0.0033255564,0.0038784423,0.003332835,0.0033613509,0.97579247
HE5W_1_LV.61,Cardiomyocytes,Cardiomyocytes,0.6416664,0.03248348,0.16323382,0.032387905,0.0325159,0.032458793,0.032736506,0.032517187
HE22W_1_PO.19,Mesenchymal Cells,Mesenchymal Cells,0.003920799,0.004035396,0.004274784,0.003859902,0.003875155,0.00386835,0.97229034,0.0038753084
HE17W_1_LA.50,Mesenchymal Cells,Mesenchymal Cells,0.003179583,0.0031394348,0.0031349305,0.003130197,0.003142568,0.0031370479,0.9779936,0.0031426926
HE15W_1_LA.41,Mesenchymal Cells,Mesenchymal Cells,0.0031792552,0.0031391112,0.0032375762,0.0031298744,0.0031422442,0.0031367247,0.9778928,0.0031423687
HE23W_2_AO.5,Lymphocytes,Lymphocytes,0.023271075,0.024035916,0.02186675,0.02183373,0.82265335,0.042349562,0.022068728,0.021920884
HE13W_2_LA.3,Cardiomyocytes,Cardiomyocytes,0.9680061,0.0045674983,0.0045609474,0.0045540608,0.004572057,0.0045640282,0.004603076,0.00457224
HE6W_1_LA.27,Endothelial Cells,Endothelial Cells,0.0030510505,0.9783066,0.003076532,0.003003661,0.0030155322,0.003010235,0.0035207933,0.0030156514
HE23W_2_AO.6,Mesenchymal Cells,Mesenchymal Cells,0.0031779371,0.0031378097,0.0036509107,0.0031285768,0.0031409415,0.003135424,0.9774874,0.0031410658
HE22W_1_RA.60,Mesenchymal Cells,Mesenchymal Cells,0.003179583,0.0031394348,0.0031349305,0.003130197,0.003142568,0.0031370479,0.9779936,0.0031426926
HE5W_1_LV.2,Mesenchymal Cells,Mesenchymal Cells,0.011843289,0.014805757,0.022880074,0.010025005,0.010064626,0.010046947,0.91026926,0.010065024
HE22W_1_PV.72,Mesenchymal Cells,Mesenchymal Cells,0.0031747476,0.0037701526,0.004015401,0.0031254366,0.003137789,0.0031322772,0.9765063,0.0031379133
HE22W_1_TV.36,Mesenchymal Cells,Mesenchymal Cells,0.0031785502,0.0033602226,0.0032368582,0.0031291803,0.0031415473,0.003136029,0.9776759,0.003141672
HE7W_3_LA.30,Cardiomyocytes,Cardiomyocytes,0.9775718,0.003201894,0.0031973002,0.0031924725,0.0032050896,0.0031994598,0.0032268346,0.0032052165
HE23W_2_BV.42,Mesenchymal Cells,Mesenchymal Cells,0.0032717432,0.0036390114,0.0034041454,0.0032209258,0.0032336556,0.0032279755,0.97676873,0.0032337836
HE6W_1_LV.14,Mesenchymal Cells,Mesenchymal Cells,0.0031764915,0.0041086236,0.0031318823,0.0031271535,0.0031395124,0.0031339978,0.9770427,0.003139637
HE9W_1_LV.34,Cardiomyocytes,Cardiomyocytes,0.97692513,0.003199776,0.0031951852,0.0031903607,0.0032029694,0.0031973433,0.0038861118,0.0032030963
HE22W_1_RV.84,Cardiomyocytes,Cardiomyocytes,0.9775718,0.003201894,0.0031973002,0.0031924725,0.0032050896,0.0031994598,0.0032268346,0.0032052165
HE15W_1_LV.18,Cardiomyocytes,Cardiomyocytes,0.9775718,0.003201894,0.0031973002,0.0031924725,0.0032050896,0.0031994598,0.0032268346,0.0032052165
HE9W_1_LA.36,Epicardial Cells,Epicardial Cells,0.0047101495,0.010251446,0.95260185,0.0046369904,0.004655317,0.0046471395,0.013841582,0.0046555013
HE15W_1_RA.33,Red Blood Cells,Red Blood Cells,0.0041415966,0.0033355097,0.003330724,0.003325695,0.0033388387,0.0033329737,0.0033614908,0.9758331
HE22W_1_RV.93,Red Blood Cells,Red Blood Cells,0.041547764,0.00829015,0.008278256,0.008265757,0.00829842,0.008283847,0.008354721,0.90868115
HE22W_1_RA.11,Mesenchymal Cells,Mesenchymal Cells,0.0039174147,0.0061213663,0.0038624005,0.0038565686,0.0038718104,0.0038650094,0.9706334,0.0038719636
HE15W_1_LA.38,Mesenchymal Cells,Mesenchymal Cells,0.0031778498,0.0034501583,0.0031332218,0.0031284906,0.003373472,0.003135338,0.9774605,0.0031409794
HE5W_1_RV.14,Cardiomyocytes,Cardiomyocytes,0.97711974,0.0032004134,0.003393953,0.0031909961,0.0032036076,0.00319798,0.003489619,0.0032037343
HE24W_1_RA.13,Cardiomyocytes,Cardiomyocytes,0.9773312,0.003201106,0.0031965135,0.003191687,0.003204301,0.0031986726,0.0034720101,0.0032044277
HE10W_1_RV.17,Mesenchymal Cells,Mesenchymal Cells,0.00496029,0.004540927,0.0045344145,0.0045275674,0.0053052627,0.0045374767,0.9670484,0.004545641
HE6W_1_RA.6,Cardiomyocytes,Cardiomyocytes,0.88987935,0.015310242,0.015288277,0.015265192,0.015325523,0.016318725,0.015429498,0.01718319
HE23W_2_IS.4,Mesenchymal Cells,Mesenchymal Cells,0.0037430318,0.0055270093,0.0036904668,0.0036848942,0.0036994575,0.0036929592,0.9722626,0.003699604
HE13W_2_RA.24,Cardiomyocytes,Cardiomyocytes,0.97715443,0.0032614612,0.003256782,0.0032518643,0.0032647166,0.0032589817,0.0032868658,0.0032648458
HE7W_2_RA.84,Cardiomyocytes,Cardiomyocytes,0.9728608,0.0038324017,0.003826903,0.0038211246,0.0038362266,0.0038294878,0.0041567306,0.0038363785
HE6W_1_RA.30,Endothelial Cells,Endothelial Cells,0.003051286,0.9783821,0.0030084355,0.003003893,0.003015765,0.0030104676,0.003512136,0.0030158842
HE20W_1_LA.17,Endothelial Cells,Endothelial Cells,0.01475669,0.8464379,0.057951365,0.014527487,0.014584902,0.016549101,0.02060712,0.014585479
HE6W_1_RA.42,Mesenchymal Cells,Mesenchymal Cells,0.0042197257,0.0071008364,0.004388138,0.004457596,0.004170602,0.0041632783,0.9673291,0.004170767
HE13W_1_LA.35,Cardiomyocytes,Cardiomyocytes,0.9775718,0.003201894,0.0031973002,0.0031924725,0.0032050896,0.0031994598,0.0032268346,0.0032052165
HE7W_2_RA.29,Cardiomyocytes,Cardiomyocytes,0.9775718,0.003201894,0.0031973002,0.0031924725,0.0032050896,0.0031994598,0.0032268346,0.0032052165
HE22W_1_AV.8,Mesenchymal Cells,Mesenchymal Cells,0.004231987,0.0033060303,0.003376273,0.0032963024,0.00330933,0.003303517,0.9758671,0.0033094608
HE24W_1_RV.87,Mesenchymal Cells,Mesenchymal Cells,0.0031766158,0.003925658,0.003132005,0.0031272757,0.0032836548,0.0031341205,0.97708094,0.0031397599
HE6W_2_RV.24,Endothelial Cells,Endothelial Cells,0.0032891892,0.9778461,0.0030067873,0.0030022473,0.0030141126,0.0030088183,0.0038184894,0.003014232
HE17W_1_RV.26,Mesenchymal Cells,Mesenchymal Cells,0.011877557,0.011727581,0.013645292,0.0116930725,0.011739287,0.011718665,0.9158588,0.01173975
HE7W_2_LV.19,Cardiomyocytes,Cardiomyocytes,0.9775718,0.003201894,0.0031973002,0.0031924725,0.0032050896,0.0031994598,0.0032268346,0.0032052165
HE22W_1_LV.66,Cardiomyocytes,Cardiomyocytes,0.97725767,0.0032008654,0.003196273,0.0031914467,0.0033510344,0.0031984318,0.0032257978,0.0033784122
HE5W_1_RV.18,Cardiomyocytes,Cardiomyocytes,0.9766465,0.003333985,0.0033292016,0.0033241748,0.0033373125,0.0033314505,0.0033599543,0.0033374445
HE22W_1_BV.39,Mesenchymal Cells,Mesenchymal Cells,0.003179583,0.0031394348,0.0031349305,0.003130197,0.003142568,0.0031370479,0.9779936,0.0031426926
HE20W_1_LA.34,Cardiomyocytes,Cardiomyocytes,0.95263094,0.0061249095,0.006116122,0.0069751753,0.009617071,0.006120253,0.006284292,0.0061312653
HE9W_1_RV.38,Endothelial Cells,Endothelial Cells,0.0030513548,0.9784041,0.0030085032,0.0030039607,0.0030158327,0.0030105354,0.0034897153,0.0030159522
HE15W_1_RV.19,Mesenchymal Cells,Mesenchymal Cells,0.003179583,0.0031394348,0.0031349305,0.003130197,0.003142568,0.0031370479,0.9779936,0.0031426926
HE25W_1_BV.28,Mesenchymal Cells,Mesenchymal Cells,0.0031756728,0.0037146218,0.0031310753,0.0031263477,0.0037893713,0.00313319,0.9767909,0.0031388279
HE13W_2_RV.18,Mesenchymal Cells,Mesenchymal Cells,0.003177821,0.0036918567,0.0031331931,0.0031284622,0.0031408265,0.0031353096,0.9774516,0.003140951
HE6W_1_RV.1,Cardiomyocytes,Cardiomyocytes,0.9775718,0.003201894,0.0031973002,0.0031924725,0.0032050896,0.0031994598,0.0032268346,0.0032052165
HE17W_1_RA.28,Mesenchymal Cells,Mesenchymal Cells,0.003177321,0.0031372015,0.0031327005,0.0031279703,0.003851638,0.0031348164,0.9772979,0.003140457
HE7W_2_LV.29,Cardiomyocytes,Cardiomyocytes,0.9775718,0.003201894,0.0031973002,0.0031924725,0.0032050896,0.0031994598,0.0032268346,0.0032052165
HE22W_1_TV.58,Mesenchymal Cells,Mesenchymal Cells,0.003179583,0.0031394348,0.0031349305,0.003130197,0.003142568,0.0031370479,0.9779936,0.0031426926
HE13W_1_RA.43,Cardiomyocytes,Cardiomyocytes,0.97496116,0.0035745832,0.0035694544,0.0035640649,0.0035781506,0.0035718656,0.0036024265,0.0035782924
HE24W_1_LA.29,Cardiomyocytes,Cardiomyocytes,0.9770772,0.003200274,0.0031956825,0.0031908571,0.003203468,0.0031978409,0.003731068,0.0032035946
HE23W_2_AV.37,Mesenchymal Cells,Mesenchymal Cells,0.0031732216,0.0033341865,0.0042313114,0.0031239344,0.0038332215,0.0031307717,0.9760369,0.003136405
HE7W_2_RA.11,Cardiomyocytes,Cardiomyocytes,0.9775718,0.003201894,0.0031973002,0.0031924725,0.0032050896,0.0031994598,0.0032268346,0.0032052165
HE10W_1_LA.42,Cardiomyocytes,Cardiomyocytes,0.9574093,0.0056768158,0.0056686713,0.0060735107,0.005682482,0.0073349276,0.0057210345,0.0064332546
HE7W_3_LV.41,Cardiomyocytes,Cardiomyocytes,0.97727644,0.0032009268,0.0034984096,0.0031915081,0.0032041215,0.0031984933,0.0032258597,0.0032042481
HE22W_1_LA.38,Mesenchymal Cells,Mesenchymal Cells,0.0032317424,0.0035396107,0.0031863574,0.0031815462,0.0031941202,0.0031885097,0.9772839,0.0031942467
HE22W_1_LA.22,Endothelial Cells,Endothelial Cells,0.0030042783,0.9633093,0.002962088,0.0029576155,0.0029693046,0.0029640887,0.018863922,0.002969422
HE7W_3_RA.36,Cardiomyocytes,Cardiomyocytes,0.9772609,0.0032008756,0.0031962832,0.0031914571,0.0032040703,0.0031984423,0.0035437713,0.0032041972
HE17W_1_RA.15,Macrophages,Lymphocytes,0.010507142,0.010374475,0.010359591,0.010343947,0.8712771,0.06629727,0.01045528,0.010385236
HE23W_2_AV.42,Mesenchymal Cells,Mesenchymal Cells,0.0038149783,0.004277924,0.0037614026,0.004246556,0.0042312816,0.0037639434,0.97213316,0.0037707158
HE5W_1_LV.77,Cardiomyocytes,Cardiomyocytes,0.9722811,0.0039571878,0.0039515123,0.0039455458,0.0039611375,0.0039541814,0.0039880113,0.0039612963
HE13W_2_RV.24,Mesenchymal Cells,Mesenchymal Cells,0.003179583,0.0031394348,0.0031349305,0.003130197,0.003142568,0.0031370479,0.9779936,0.0031426926
HE7W_2_LV.14,Mesenchymal Cells,Mesenchymal Cells,0.003178628,0.003138492,0.003133989,0.003129257,0.0031416242,0.003436359,0.9776999,0.0031417487
HE6W_2_LA.52,Endothelial Cells,Endothelial Cells,0.003287141,0.97304815,0.0039077406,0.0032360842,0.003248874,0.0032431672,0.0067798127,0.0032490026
HE7W_2_RV.29,Cardiomyocytes,Cardiomyocytes,0.9775718,0.003201894,0.0031973002,0.0031924725,0.0032050896,0.0031994598,0.0032268346,0.0032052165
HE17W_2_RA.34,Cardiomyocytes,Cardiomyocytes,0.9766888,0.003769164,0.0031944122,0.0031895887,0.0032021946,0.0031965699,0.0035569863,0.0032023212
HE6W_2_LV.23,Cardiomyocytes,Cardiomyocytes,0.97675246,0.0031992104,0.0031946206,0.0037319344,0.0032024034,0.003492713,0.00322413,0.00320253
HE10W_1_LA.8,Cardiomyocytes,Cardiomyocytes,0.9775718,0.003201894,0.0031973002,0.0031924725,0.0032050896,0.0031994598,0.0032268346,0.0032052165
HE23W_2_RA.18,Granulocytes,Granulocytes,0.0056792977,0.0036531389,0.0036478976,0.96568966,0.009361092,0.0046303812,0.0036815943,0.0036569298
HE24W_1_RA.82,Mesenchymal Cells,Mesenchymal Cells,0.0031792552,0.0031391112,0.0032375762,0.0031298744,0.0031422442,0.0031367247,0.9778928,0.0031423687
HE23W_2_TV.15,Endothelial Cells,Endothelial Cells,0.0036358265,0.9713836,0.003702523,0.0038477792,0.0036611764,0.0035871884,0.0065883268,0.0035936427
HE7W_2_LV.67,Mesenchymal Cells,Mesenchymal Cells,0.0068538054,0.010351741,0.0067575546,0.006747351,0.00700141,0.006762119,0.94875175,0.006774286
HE22W_1_PO.31,Mesenchymal Cells,Mesenchymal Cells,0.0034978911,0.0036001275,0.0034487688,0.003443561,0.0034571707,0.003451098,0.97564405,0.0034573076
HE7W_1_RV.38,Endothelial Cells,Endothelial Cells,0.0030520984,0.9786426,0.0030092364,0.0030046927,0.0030165678,0.003011269,0.003246848,0.0030166872
HE5W_1_LV.51,Cardiomyocytes,Cardiomyocytes,0.97675437,0.003199217,0.003194627,0.003189803,0.003498921,0.0031967845,0.0037637164,0.0032025364
HE6W_2_LV.77,Macrophages,Macrophages,0.0037788795,0.0037311641,0.0037258107,0.003720185,0.013542828,0.9640058,0.003760227,0.0037350357
HE6W_1_LV.34,Mesenchymal Cells,Mesenchymal Cells,0.004273413,0.0047435546,0.0042133997,0.004207038,0.0042236648,0.0042162454,0.9698989,0.004223832
HE7W_3_LA.9,Cardiomyocytes,Cardiomyocytes,0.97723675,0.0032007967,0.0031962043,0.0031913782,0.003203991,0.0031983631,0.0032257286,0.003546764
HE23W_2_AV.20,Mesenchymal Cells,Mesenchymal Cells,0.003177609,0.0032505542,0.0031329845,0.0031282539,0.0036483377,0.0031351005,0.9773865,0.0031407417
HE7W_2_RA.6,Cardiomyocytes,Cardiomyocytes,0.9773226,0.003201078,0.003196485,0.0031916585,0.0032042726,0.0031986441,0.0034808945,0.0032043995
HE7W_2_LV.10,Cardiomyocytes,Cardiomyocytes,0.9775718,0.003201894,0.0031973002,0.0031924725,0.0032050896,0.0031994598,0.0032268346,0.0032052165
HE5W_1_RA.21,Cardiomyocytes,Cardiomyocytes,0.9770408,0.003200155,0.0034419692,0.0031907386,0.0034999473,0.0031977221,0.003225082,0.0032034756
HE7W_3_LV.38,Cardiomyocytes,Cardiomyocytes,0.97729695,0.0032009939,0.0031964013,0.003191575,0.0032041885,0.0031985603,0.0035069527,0.0032043154
HE5W_1_RV.46,Mesenchymal Cells,Mesenchymal Cells,0.0084148515,0.0083086,0.008296678,0.008284151,0.008316891,0.008302283,0.9417593,0.00831722
HE7W_1_RA.46,Mesenchymal Cells,Mesenchymal Cells,0.0060844216,0.006678225,0.0071644397,0.00598992,0.0060135904,0.00600303,0.9553239,0.0067425235
HE22W_1_TV.5,Mesenchymal Cells,Mesenchymal Cells,0.003922446,0.015412164,0.0035702665,0.0062805177,0.0035789646,0.0035726782,0.96008384,0.0035791064
HE13W_1_RA.49,Cardiomyocytes,Cardiomyocytes,0.97675323,0.0031992132,0.0034965368,0.0031897994,0.0037377076,0.0031967808,0.0032241326,0.0032025327
HE13W_1_RA.41,Cardiomyocytes,Cardiomyocytes,0.9775718,0.003201894,0.0031973002,0.0031924725,0.0032050896,0.0031994598,0.0032268346,0.0032052165
HE7W_3_LV.3,Cardiomyocytes,Cardiomyocytes,0.96565074,0.0052509,0.0046189046,0.005161362,0.005404116,0.004622024,0.0046615703,0.0046303407
HE20W_1_RV.3,Cardiomyocytes,Cardiomyocytes,0.97734594,0.0032011543,0.0031965615,0.0034227266,0.0032043492,0.0031987205,0.003226089,0.0032044759
HE17W_2_LV.11,Mesenchymal Cells,Mesenchymal Cells,0.0038312764,0.0039754906,0.0037774737,0.0037717698,0.003786675,0.003780025,0.9732905,0.0037868265
HE5W_1_RA.4,Cardiomyocytes,Cardiomyocytes,0.9762797,0.0031976618,0.0041970727,0.0031882527,0.0032008532,0.0031952308,0.0035402132,0.00320098
HE24W_1_LV.32,Lymphocytes,Lymphocytes,0.017432686,0.0070886044,0.0070784376,0.0075839586,0.9357173,0.010859283,0.0071438192,0.007095963
HE22W_1_TV.27,Mesenchymal Cells,Mesenchymal Cells,0.0034217923,0.0033785857,0.0033737384,0.0033686443,0.0033819578,0.0035030248,0.97619015,0.0033820916
HE22W_1_RV.44,Cardiomyocytes,Cardiomyocytes,0.9775718,0.003201894,0.0031973002,0.0031924725,0.0032050896,0.0031994598,0.0032268346,0.0032052165
HE20W_1_RV.31,Granulocytes,Granulocytes,0.008462158,0.0076861638,0.008289061,0.9299683,0.0102313245,0.021982448,0.0067127272,0.006667756
HE7W_2_RV.78,Cardiomyocytes,Cardiomyocytes,0.97450054,0.0035728943,0.0040402496,0.003562381,0.00357646,0.0035701778,0.0036007245,0.0035766019
HE6W_2_RA.29,Epicardial Cells,Epicardial Cells,0.0045442465,0.0038786186,0.9453522,0.0038672073,0.0038824894,0.0038756714,0.030716939,0.003882645
HE22W_1_AV.15,Mesenchymal Cells,Mesenchymal Cells,0.0034420504,0.003487746,0.0031330034,0.0031282727,0.0031406363,0.0031351196,0.9773924,0.0031407606
HE7W_2_LV.50,Endothelial Cells,Endothelial Cells,0.003595351,0.9745544,0.0035448598,0.0035395073,0.003553496,0.003547254,0.0041113994,0.0035536368
HE24W_1_LV.37,Mesenchymal Cells,Mesenchymal Cells,0.00401192,0.003961264,0.004374132,0.0039496077,0.004258888,0.0039582527,0.9703409,0.005145002
HE22W_1_TV.57,Mesenchymal Cells,Mesenchymal Cells,0.0036623674,0.0036161232,0.003610935,0.0036054826,0.003619732,0.003959321,0.9743061,0.0036198755
HE24W_1_RV.24,Mesenchymal Cells,Mesenchymal Cells,0.0031743795,0.0046679536,0.0032326109,0.0031250743,0.0031374253,0.0031319142,0.9763931,0.0031375496
HE7W_1_LV.17,Endothelial Cells,Endothelial Cells,0.0030525527,0.97878826,0.0030096846,0.0030051402,0.003017017,0.0030117172,0.0030984436,0.0030171364
HE7W_3_RV.33,Red Blood Cells,Red Blood Cells,0.004660987,0.003770968,0.0037655574,0.0037598717,0.0043849642,0.0037681009,0.003800341,0.97208923
HE6W_1_LV.10,Mesenchymal Cells,Mesenchymal Cells,0.0033160918,0.0050398437,0.0032695225,0.0032645855,0.0032774878,0.0032717308,0.9752831,0.0032776175
HE17W_1_LV.21,Cardiomyocytes,Cardiomyocytes,0.97716933,0.003200576,0.003195984,0.0031911582,0.0036153714,0.0031981426,0.003225506,0.003203897
HE22W_1_AO.6,Mesenchymal Cells,Mesenchymal Cells,0.003706492,0.0034487685,0.0031319598,0.0031272306,0.0032449823,0.003134075,0.9770668,0.0031397145
HE24W_1_LV.86,Mesenchymal Cells,Mesenchymal Cells,0.0031712372,0.0050950674,0.003126702,0.003121981,0.003278095,0.0031288138,0.97542655,0.0036515356
HE10W_1_LA.39,Mesenchymal Cells,Mesenchymal Cells,0.003177619,0.003755141,0.0031329943,0.0031282636,0.0031406272,0.0031351105,0.9773895,0.0031407515
HE5W_1_LA.17,Cardiomyocytes,Cardiomyocytes,0.9771861,0.0032006307,0.0031960388,0.003191213,0.003203825,0.0031981973,0.003620072,0.0032039518
HE17W_2_LA.21,Cardiomyocytes,Cardiomyocytes,0.97718906,0.0032006404,0.0031960483,0.0031912224,0.0035953023,0.0031982071,0.003225571,0.0032039615
HE22W_1_LV.1,Cardiomyocytes,Cardiomyocytes,0.96374977,0.004691034,0.004684304,0.0059035416,0.0068604224,0.0046874676,0.004727574,0.0046959016
HE7W_2_RA.87,Cardiomyocytes,Cardiomyocytes,0.97559637,0.0031954239,0.0031908394,0.0037497443,0.0037157093,0.0038783844,0.0034747464,0.0031987396
HE9W_1_RV.10,Cardiomyocytes,Cardiomyocytes,0.9772823,0.003200946,0.0031963533,0.003191527,0.0032041406,0.0034946075,0.0032258788,0.0032042672
HE22W_1_RV.61,Cardiomyocytes,Cardiomyocytes,0.9772724,0.0032009133,0.003196321,0.0031914946,0.003204108,0.0035047047,0.0032258462,0.0032042346
HE9W_1_LA.38,Endothelial Cells,Endothelial Cells,0.003049237,0.977725,0.0030064152,0.0030018757,0.0030137396,0.0037290244,0.0030628096,0.0034119168
HE6W_2_LA.34,Endothelial Cells,Endothelial Cells,0.0060124304,0.9409506,0.005927998,0.005919047,0.0075326627,0.005932002,0.021782659,0.0059426725
HE15W_1_RA.21,Lymphocytes,Lymphocytes,0.018167436,0.0037616708,0.0036109297,0.0036054775,0.95654035,0.0055343043,0.0036442848,0.005135625
HE13W_1_RA.47,Endothelial Cells,Endothelial Cells,0.003043641,0.97593075,0.0030008978,0.0029963667,0.003008209,0.0030029248,0.0060089147,0.003008328
HE6W_2_LA.10,Mesenchymal Cells,Mesenchymal Cells,0.003762464,0.0031375987,0.0031330972,0.0031283663,0.0031407303,0.0031352134,0.97742164,0.0031408546
HE17W_1_LV.31,Mesenchymal Cells,Mesenchymal Cells,0.005481019,0.010073275,0.005404049,0.0053958893,0.0054172124,0.0054076994,0.9574034,0.0054174294
HE13W_2_LA.14,Red Blood Cells,Red Blood Cells,0.070929825,0.0038082956,0.0038028318,0.0037970894,0.0038120945,0.004283628,0.0038379577,0.9057283
HE23W_2_IS.6,Macrophages,Macrophages,0.0030046776,0.0029667378,0.0029624815,0.003087178,0.0060811886,0.975938,0.0029898465,0.0029698163
HE6W_2_RA.60,Mesenchymal Cells,Mesenchymal Cells,0.0032042782,0.0048279907,0.0031592788,0.0031545085,0.003166976,0.0031614127,0.97615844,0.003167101
HE5W_1_RA.27,Cardiomyocytes,Cardiomyocytes,0.9767452,0.0031991866,0.0036417928,0.003189773,0.0036007485,0.0031967545,0.003224106,0.003202506
HE24W_1_RV.85,Mesenchymal Cells,Mesenchymal Cells,0.0031792475,0.0031391035,0.0031346,0.0031298667,0.0032477176,0.003136717,0.97789043,0.003142361
HE25W_1_BV.15,Mesenchymal Cells,Mesenchymal Cells,0.0031776342,0.0034438036,0.0031330092,0.0031282785,0.0034471191,0.0031351254,0.9773942,0.0031407666
HE15W_1_RV.41,Red Blood Cells,Red Blood Cells,0.0054363455,0.0049292394,0.004922167,0.004914735,0.0061626956,0.004925492,0.0049676322,0.96374166
HE13W_2_RV.19,Mesenchymal Cells,Mesenchymal Cells,0.003178589,0.0034509609,0.0031339505,0.0031292185,0.0031415857,0.0031360674,0.9776879,0.0031417103
HE5W_1_RV.13,Cardiomyocytes,Cardiomyocytes,0.9771993,0.003200674,0.003577111,0.003191256,0.0032038684,0.0031982407,0.003225605,0.003203995
HE23W_2_RA.20,Endothelial Cells,Endothelial Cells,0.003755354,0.9736534,0.0035456966,0.003427745,0.003441292,0.0034352473,0.005299849,0.0034414283
HE22W_1_AO.7,Mesenchymal Cells,Mesenchymal Cells,0.003179583,0.0031394348,0.0031349305,0.003130197,0.003142568,0.0031370479,0.9779936,0.0031426926
HE17W_1_LV.29,Cardiomyocytes,Cardiomyocytes,0.8993879,0.01351263,0.015280162,0.013472869,0.01352611,0.014752302,0.013617878,0.016450102
HE17W_2_LV.37,Endothelial Cells,Endothelial Cells,0.0035733203,0.9722134,0.0035231386,0.0035178189,0.0035317221,0.0035255183,0.006583289,0.0035318616
HE17W_1_LA.6,Mesenchymal Cells,Mesenchymal Cells,0.003179583,0.0031394348,0.0031349305,0.003130197,0.003142568,0.0031370479,0.9779936,0.0031426926
HE22W_1_BV.47,Mesenchymal Cells,Mesenchymal Cells,0.0031694667,0.003310337,0.0031249565,0.0031202382,0.0031325698,0.0031270671,0.9778827,0.003132694
HE15W_1_LV.6,Cardiomyocytes,Cardiomyocytes,0.9775718,0.003201894,0.0031973002,0.0031924725,0.0032050896,0.0031994598,0.0032268346,0.0032052165
HE10W_1_RA.42,Cardiomyocytes,Cardiomyocytes,0.9775718,0.003201894,0.0031973002,0.0031924725,0.0032050896,0.0031994598,0.0032268346,0.0032052165
HE23W_2_AV.24,Mesenchymal Cells,Mesenchymal Cells,0.039306574,0.038810253,0.038754582,0.03869606,0.060890254,0.06045832,0.6842334,0.038850527
HE24W_1_RA.19,Mesenchymal Cells,Mesenchymal Cells,0.003177602,0.0031374788,0.0036505256,0.0031282469,0.0032460368,0.0031350935,0.9773843,0.0031407347
HE23W_2_PO.12,Mesenchymal Cells,Mesenchymal Cells,0.003173211,0.004504166,0.003128648,0.0037569206,0.0031362702,0.0031307612,0.9760336,0.0031363945
HE5W_1_LV.33,Epicardial Cells,Epicardial Cells,0.0031885603,0.0031482987,0.9714257,0.0031390348,0.0031514408,0.0031459052,0.009649439,0.0031515656
HE7W_2_LV.31,Cardiomyocytes,Cardiomyocytes,0.9773781,0.0032012595,0.0033948503,0.0031918397,0.0032044544,0.0031988258,0.003226195,0.003204581
HE23W_2_IS.9,Lymphocytes,Lymphocytes,0.030398874,0.024329765,0.024294857,0.024258172,0.8230783,0.024765829,0.02451927,0.02435501
HE24W_1_RV.86,Mesenchymal Cells,Mesenchymal Cells,0.003179583,0.0031394348,0.0031349305,0.003130197,0.003142568,0.0031370479,0.9779936,0.0031426926
HE6W_2_RA.66,Epicardial Cells,Mesenchymal Cells,0.02148939,0.02032933,0.19585274,0.020269513,0.020349616,0.020313876,0.68104506,0.020350426
HE22W_1_AV.28,Mesenchymal Cells,Mesenchymal Cells,0.003701036,0.0036543037,0.0038508107,0.003643551,0.0036579508,0.0036515254,0.9741828,0.0036580958
HE13W_2_LA.18,Cardiomyocytes,Cardiomyocytes,0.9775718,0.003201894,0.0031973002,0.0031924725,0.0032050896,0.0031994598,0.0032268346,0.0032052165
HE7W_2_RA.59,Cardiomyocytes,Cardiomyocytes,0.97715795,0.0032005387,0.0036191896,0.003191121,0.003203733,0.0031981054,0.0032254686,0.0032038596
HE13W_2_LV.2,Cardiomyocytes,Cardiomyocytes,0.9746821,0.0035618076,0.0035566976,0.0035513272,0.0035653627,0.0039276876,0.0035895517,0.0035655037
HE25W_1_AV.7,Mesenchymal Cells,Mesenchymal Cells,0.0031786154,0.0033398538,0.0032369245,0.0031292443,0.0031416118,0.0031360933,0.977696,0.0031417361
HE6W_1_RA.15,Epicardial Cells,Epicardial Cells,0.020490428,0.30861253,0.5003506,0.02017217,0.02286928,0.022151845,0.08510045,0.020252693
HE6W_1_RV.25,Mesenchymal Cells,Mesenchymal Cells,0.003510485,0.009361413,0.0039502224,0.0034559595,0.003469618,0.0034635235,0.96931905,0.0034697554
HE5W_1_LA.33,Cardiomyocytes,Cardiomyocytes,0.97547954,0.003442076,0.003846903,0.0034319477,0.0034455112,0.0034394593,0.0034688872,0.0034456477
HE13W_1_LV.15,Macrophages,Macrophages,0.003924776,0.0036757858,0.003670512,0.0036649697,0.005524026,0.9721559,0.0037044175,0.0036796
HE24W_1_RA.59,Lymphocytes,Lymphocytes,0.010151311,0.008043761,0.00803222,0.008020092,0.93912405,0.009406545,0.008106416,0.009115601
HE9W_1_RV.37,Red Blood Cells,Red Blood Cells,0.0039966353,0.0036587436,0.0036534942,0.0036479775,0.003662395,0.0036559617,0.0036872423,0.9740375
HE5W_1_RA.65,Cardiomyocytes,Cardiomyocytes,0.9757141,0.0031958094,0.0047740755,0.0031864056,0.003198999,0.0031933796,0.0035381622,0.0031991254
HE22W_1_LV.2,Granulocytes,Granulocytes,0.00498658,0.004740536,0.0047337348,0.9519801,0.01640561,0.006863211,0.004777459,0.0055127917
HE20W_1_RA.32,Mesenchymal Cells,Mesenchymal Cells,0.003179583,0.0031394348,0.0031349305,0.003130197,0.003142568,0.0031370479,0.9779936,0.0031426926
HE7W_1_RA.12,Epicardial Cells,Epicardial Cells,0.0034652834,0.0034215278,0.95268774,0.00341146,0.0034249427,0.0034189266,0.02674507,0.0034250782
HE24W_1_RV.59,Mesenchymal Cells,Mesenchymal Cells,0.003179583,0.0031394348,0.0031349305,0.003130197,0.003142568,0.0031370479,0.9779936,0.0031426926
HE13W_1_LA.20,Cardiomyocytes,Cardiomyocytes,0.9772758,0.0035036444,0.0031963321,0.0031915058,0.0032041192,0.003198491,0.0032258574,0.003204246
HE25W_1_PV.29,Macrophages,Macrophages,0.0035130344,0.0034686758,0.0034636992,0.0051079164,0.008387743,0.96909094,0.0034956944,0.003472275
HE17W_2_RV.40,Mesenchymal Cells,Mesenchymal Cells,0.0038148635,0.0038660634,0.0037612896,0.0037556102,0.0038970206,0.00376383,0.97337073,0.0037706024
HE23W_2_LA.5,Mesenchymal Cells,Mesenchymal Cells,0.004189867,0.004648015,0.0041310284,0.004124791,0.004141091,0.004133819,0.9704901,0.004141255
HE7W_1_LA.9,Cardiomyocytes,Cardiomyocytes,0.97645026,0.0031982206,0.003193632,0.0031888098,0.0035138198,0.0035072193,0.0032231326,0.003724962
HE13W_2_LA.25,Cardiomyocytes,Cardiomyocytes,0.9775718,0.003201894,0.0031973002,0.0031924725,0.0032050896,0.0031994598,0.0032268346,0.0032052165
HE17W_1_RV.48,Cardiomyocytes,Cardiomyocytes,0.97587943,0.0034434872,0.0034385466,0.0034333544,0.0034469238,0.0034408693,0.0034703093,0.0034470602
HE17W_1_RV.36,Macrophages,Macrophages,0.004407365,0.003746442,0.0037410685,0.0046729255,0.006260924,0.9696453,0.003775624,0.0037503315
HE23W_2_TV.46,Mesenchymal Cells,Mesenchymal Cells,0.0031748924,0.003928699,0.003811568,0.0031255793,0.0031379322,0.0031324201,0.9765509,0.0031380565
HE5W_1_RA.22,Epicardial Cells,Epicardial Cells,0.0032585934,0.0030826847,0.9720457,0.0030736136,0.0030857613,0.0030803408,0.009287363,0.0030858833
HE7W_2_LA.29,Cardiomyocytes,Cardiomyocytes,0.97703326,0.00320013,0.003195539,0.0031907137,0.003203324,0.003493717,0.003479864,0.0032034507
HE6W_2_RV.95,Mesenchymal Cells,Mesenchymal Cells,0.003179583,0.0031394348,0.0031349305,0.003130197,0.003142568,0.0031370479,0.9779936,0.0031426926
HE22W_1_PV.41,Mesenchymal Cells,Mesenchymal Cells,0.0031792552,0.0031391112,0.0032375762,0.0031298744,0.0031422442,0.0031367247,0.9778928,0.0031423687
HE17W_1_RV.4,Mesenchymal Cells,Mesenchymal Cells,0.003601075,0.0040421905,0.0036671339,0.0035451422,0.003559153,0.0035529016,0.9744732,0.0035592942
HE23W_2_AO.11,Macrophages,Macrophages,0.0030085202,0.002970532,0.0029662703,0.0033482735,0.0045529264,0.9771862,0.0029936703,0.0029736145
HE5W_1_RA.36,Epicardial Cells,Epicardial Cells,0.004385365,0.004148632,0.9669124,0.0041364245,0.0041527706,0.004145478,0.00796597,0.004152935
HE17W_1_RV.20,Endothelial Cells,Endothelial Cells,0.004021839,0.96880484,0.0040956186,0.003959373,0.0048529548,0.0039680386,0.006322138,0.0039751786
HE23W_2_AO.13,Mesenchymal Cells,Mesenchymal Cells,0.003179583,0.0031394348,0.0031349305,0.003130197,0.003142568,0.0031370479,0.9779936,0.0031426926
HE7W_3_LV.4,Cardiomyocytes,Cardiomyocytes,0.9775718,0.003201894,0.0031973002,0.0031924725,0.0032050896,0.0031994598,0.0032268346,0.0032052165
HE7W_2_LV.18,Cardiomyocytes,Cardiomyocytes,0.9775718,0.003201894,0.0031973002,0.0031924725,0.0032050896,0.0031994598,0.0032268346,0.0032052165
HE6W_1_RA.21,Cardiomyocytes,Cardiomyocytes,0.97716933,0.003200576,0.003195984,0.0031911582,0.0036153714,0.0031981426,0.003225506,0.003203897
HE5W_1_RA.94,Epicardial Cells,Epicardial Cells,0.009454136,0.008069321,0.91955566,0.0080455765,0.008077375,0.008063186,0.030657057,0.008077695
HE22W_1_LA.9,Mesenchymal Cells,Mesenchymal Cells,0.0031793194,0.003221991,0.0031346707,0.0031299375,0.0031423075,0.003136788,0.97791255,0.003142432
HE15W_1_LA.12,Lymphocytes,Lymphocytes,0.09962419,0.041389707,0.041330326,0.041267917,0.5896146,0.09472342,0.0417121,0.05033769
HE22W_1_RV.35,Macrophages,Macrophages,0.008521995,0.005314944,0.0053073186,0.0055307136,0.007032654,0.95761555,0.0053563407,0.0053204563
HE23W_2_PV.38,Mesenchymal Cells,Mesenchymal Cells,0.004351057,0.0093541425,0.0042899554,0.0051321522,0.0049956194,0.0042928527,0.9632836,0.004300575
HE20W_1_LA.26,Mesenchymal Cells,Mesenchymal Cells,0.0037085603,0.005148293,0.004092396,0.003650958,0.0036653874,0.0036589487,0.9724099,0.0036655325
HE22W_1_RA.28,Mesenchymal Cells,Mesenchymal Cells,0.0034283577,0.0038507134,0.0037378836,0.003375108,0.003388447,0.003382495,0.9754484,0.0033885809
HE25W_1_BV.7,Endothelial Cells,Endothelial Cells,0.003712236,0.9645443,0.0036601033,0.0036545768,0.0038798822,0.0041099857,0.012769778,0.0036691655
HE6W_1_LV.35,Endothelial Cells,Endothelial Cells,0.00326506,0.9739854,0.0065763076,0.0032143465,0.00322705,0.0032213815,0.003283242,0.0032271778
HE5W_1_RA.92,Cardiomyocytes,Cardiomyocytes,0.9772609,0.0032008756,0.0031962832,0.0031914571,0.0032040703,0.0031984423,0.0035437713,0.0032041972
HE20W_1_RA.43,Mesenchymal Cells,Mesenchymal Cells,0.003179583,0.0031394348,0.0031349305,0.003130197,0.003142568,0.0031370479,0.9779936,0.0031426926
HE24W_1_RA.12,Cardiomyocytes,Cardiomyocytes,0.9775718,0.003201894,0.0031973002,0.0031924725,0.0032050896,0.0031994598,0.0032268346,0.0032052165
HE6W_2_LV.58,Cardiomyocytes,Cardiomyocytes,0.9764481,0.003362304,0.00335748,0.0033524104,0.0033656596,0.0033597478,0.003388494,0.0033657928
HE9W_1_RV.44,Red Blood Cells,Red Blood Cells,0.003892101,0.0033363453,0.0033315583,0.003326528,0.003339675,0.0033338089,0.003362333,0.9760776
HE10W_1_LA.1,Cardiomyocytes,Cardiomyocytes,0.97716105,0.0032005487,0.0031959568,0.003191131,0.003203743,0.0031981154,0.0034714055,0.003378078
HE24W_1_LV.16,Red Blood Cells,Red Blood Cells,0.0036439754,0.003470172,0.0033311122,0.0033260826,0.0035865365,0.0033333623,0.0033618826,0.9759469
HE9W_1_RV.16,Cardiomyocytes,Cardiomyocytes,0.9772823,0.003200946,0.0031963533,0.003191527,0.0032041406,0.0034946075,0.0032258788,0.0032042672
HE13W_2_LV.7,Cardiomyocytes,Cardiomyocytes,0.963059,0.005273752,0.005266188,0.0052582365,0.0052790153,0.005269745,0.0053148307,0.0052792267
HE5W_1_LA.83,Cardiomyocytes,Cardiomyocytes,0.9775718,0.003201894,0.0031973002,0.0031924725,0.0032050896,0.0031994598,0.0032268346,0.0032052165
HE9W_1_LV.13,Cardiomyocytes,Cardiomyocytes,0.9746244,0.0031922404,0.005774488,0.003182847,0.0031954264,0.00330078,0.0035342108,0.0031955529
HE23W_2_PV.48,Endothelial Cells,Endothelial Cells,0.033964694,0.7112223,0.042136334,0.037807036,0.0335693,0.033510342,0.0742194,0.033570636
HE7W_2_LA.36,Cardiomyocytes,Cardiomyocytes,0.9772823,0.003200946,0.0031963533,0.003191527,0.0032041406,0.0034946075,0.0032258788,0.0032042672
HE23W_2_LA.1,Cardiomyocytes,Cardiomyocytes,0.9742458,0.0035264574,0.003521398,0.0042013507,0.0035299768,0.0035237763,0.003921086,0.0035301165
HE17W_1_RV.14,Mesenchymal Cells,Mesenchymal Cells,0.003179583,0.0031394348,0.0031349305,0.003130197,0.003142568,0.0031370479,0.9779936,0.0031426926
HE6W_2_LA.49,Epicardial Cells,Epicardial Cells,0.011517066,0.02601866,0.88200635,0.009801154,0.00983989,0.0109201595,0.040056467,0.009840279
HE24W_1_RA.56,Mesenchymal Cells,Mesenchymal Cells,0.003178589,0.0034509609,0.0031339505,0.0031292185,0.0031415857,0.0031360674,0.9776879,0.0031417103
HE6W_2_RV.19,Cardiomyocytes,Cardiomyocytes,0.9699321,0.00410764,0.0041017462,0.0050025815,0.0044998443,0.004104517,0.0041396334,0.0041119
HE22W_1_AO.48,Mesenchymal Cells,Mesenchymal Cells,0.0031719287,0.005130966,0.0031273838,0.0035307605,0.003135003,0.0031294962,0.9756393,0.0031351272
HE17W_2_RA.14,Mesenchymal Cells,Mesenchymal Cells,0.003179583,0.0031394348,0.0031349305,0.003130197,0.003142568,0.0031370479,0.9779936,0.0031426926
HE5W_1_RV.39,Mesenchymal Cells,Mesenchymal Cells,0.00776964,0.007671538,0.007660531,0.007648964,0.0076791905,0.0076657045,0.946225,0.0076794946
HE24W_1_LA.90,Endothelial Cells,Endothelial Cells,0.004913939,0.9650312,0.0048449305,0.0048376145,0.0048567336,0.0048482027,0.0058104293,0.004856926
HE6W_1_RV.9,Endothelial Cells,Endothelial Cells,0.0030499927,0.9779674,0.0030071603,0.0030026196,0.0030144865,0.0032972938,0.0036464664,0.003014606
HE17W_2_LA.29,Cardiomyocytes,Cardiomyocytes,0.96217114,0.0051577245,0.0051503247,0.0064172912,0.0051628696,0.005153803,0.0056237997,0.005163074
HE17W_1_RV.44,Mesenchymal Cells,Mesenchymal Cells,0.0031741345,0.004389202,0.0031295586,0.003124833,0.0031371831,0.0031316725,0.97631776,0.0035956956
HE23W_2_RV.17,Cardiomyocytes,Cardiomyocytes,0.9623176,0.0037345977,0.005323629,0.01246428,0.003738325,0.0040954193,0.0041346685,0.0041914633
HE15W_1_RA.20,Endothelial Cells,Mesenchymal Cells,0.021051968,0.16850363,0.020756336,0.020724995,0.020806894,0.020770356,0.7065781,0.020807723
HE5W_1_RA.88,Epicardial Cells,Epicardial Cells,0.007197084,0.0071062073,0.94090664,0.0070852973,0.0071133,0.007100805,0.016377067,0.0071135815
HE7W_1_RA.24,Cardiomyocytes,Cardiomyocytes,0.97664577,0.0031988611,0.0031942716,0.0035694162,0.0035145234,0.0031964292,0.003478484,0.0032021804
HE20W_1_LA.33,Mesenchymal Cells,Mesenchymal Cells,0.0041272095,0.004075096,0.0047414615,0.0040631047,0.005231327,0.0040719975,0.96961045,0.004079324
HE6W_2_LA.39,Endothelial Cells,Endothelial Cells,0.0030449985,0.97636604,0.0030022364,0.0044618663,0.0030095507,0.003004264,0.0041014035,0.0030096697
HE5W_1_RV.28,Cardiomyocytes,Cardiomyocytes,0.9765911,0.003680802,0.0031940928,0.0031892697,0.0032018744,0.0031962502,0.003744629,0.003202001
HE24W_1_RV.2,Cardiomyocytes,Cardiomyocytes,0.9584017,0.0058252364,0.0058168815,0.0066025197,0.00583105,0.0058208103,0.005870611,0.0058312835
HE10W_1_LA.2,Cardiomyocytes,Cardiomyocytes,0.96464914,0.005184802,0.0044992203,0.0044924263,0.0076210387,0.004502259,0.004540778,0.004510358
HE7W_2_LV.43,Cardiomyocytes,Cardiomyocytes,0.9775718,0.003201894,0.0031973002,0.0031924725,0.0032050896,0.0031994598,0.0032268346,0.0032052165
HE7W_2_RV.33,Cardiomyocytes,Cardiomyocytes,0.97497386,0.0035727671,0.0035676411,0.0035622541,0.003576333,0.0035700507,0.0036005965,0.0035764743
HE17W_2_RA.46,Mesenchymal Cells,Mesenchymal Cells,0.003179583,0.0031394348,0.0031349305,0.003130197,0.003142568,0.0031370479,0.9779936,0.0031426926
HE13W_2_RA.7,Cardiomyocytes,Cardiomyocytes,0.9775718,0.003201894,0.0031973002,0.0031924725,0.0032050896,0.0031994598,0.0032268346,0.0032052165
HE13W_1_LA.16,Cardiomyocytes,Cardiomyocytes,0.9770608,0.0032002202,0.0031956288,0.0031908036,0.0032034141,0.0037204777,0.0032251477,0.003203541
HE22W_1_RV.95,Cardiomyocytes,Cardiomyocytes,0.4779778,0.036334623,0.036282495,0.17150277,0.04193154,0.16298085,0.036617637,0.036372326
HE23W_2_TV.10,Endothelial Cells,Endothelial Cells,0.009645427,0.9204582,0.007353879,0.0073427744,0.0073717944,0.007358846,0.033096988,0.007372087
HE15W_1_LA.46,Macrophages,Macrophages,0.008043619,0.006561149,0.005693574,0.007715106,0.007839221,0.95269346,0.0057461667,0.0057076705
HE22W_1_RA.43,Mesenchymal Cells,Mesenchymal Cells,0.0040751644,0.004728464,0.004017937,0.0040118704,0.004027724,0.004020651,0.97109026,0.0040278854
HE20W_1_LV.28,Lymphocytes,Lymphocytes,0.039941076,0.031064972,0.031020408,0.09052871,0.40660775,0.32353395,0.031306937,0.045996152
HE22W_1_BV.57,Mesenchymal Cells,Mesenchymal Cells,0.0038545604,0.003127297,0.00312281,0.0038483543,0.003130418,0.005573646,0.9742124,0.003130542
HE5W_1_RA.60,Cardiomyocytes,Cardiomyocytes,0.9687589,0.0031730286,0.0121835,0.0031636918,0.0031761953,0.0031706162,0.0031977443,0.003176321
HE25W_1_BV.22,Mesenchymal Cells,Mesenchymal Cells,0.0034925686,0.0035946495,0.0042569195,0.003801469,0.00379698,0.0034458467,0.9741595,0.003452047
HE24W_1_LV.61,Cardiomyocytes,Cardiomyocytes,0.9760045,0.0031967605,0.003192174,0.0035001745,0.004073198,0.003611447,0.0032216609,0.0032000775
HE9W_1_LA.7,Cardiomyocytes,Cardiomyocytes,0.97700775,0.0032000465,0.0031954555,0.0031906303,0.0032032405,0.003493626,0.003505915,0.003203367
HE25W_1_BV.30,Mesenchymal Cells,Mesenchymal Cells,0.0052216523,0.004927881,0.0044266633,0.0053988565,0.0048810365,0.004861321,0.9653073,0.0049753273
HE6W_1_LA.30,Mesenchymal Cells,Mesenchymal Cells,0.004354562,0.004299578,0.004293409,0.004286926,0.0043038684,0.004296309,0.9698613,0.004304039
HE23W_2_BV.33,Endothelial Cells,Endothelial Cells,0.0043789614,0.9608658,0.004317468,0.004310949,0.004798131,0.0044245413,0.012576062,0.0043281578
HE17W_2_RV.10,Cardiomyocytes,Cardiomyocytes,0.9608278,0.0055193906,0.0055114743,0.005503152,0.005524899,0.006025751,0.0055623828,0.0055251205
HE20W_1_RA.40,Mesenchymal Cells,Mesenchymal Cells,0.003179583,0.0031394348,0.0031349305,0.003130197,0.003142568,0.0031370479,0.9779936,0.0031426926
HE6W_1_LV.25,Endothelial Cells,Endothelial Cells,0.0033060194,0.97588897,0.0032595915,0.0032546697,0.003644044,0.0032617932,0.004117269,0.003267662
HE7W_2_LV.11,Cardiomyocytes,Cardiomyocytes,0.8594692,0.015116562,0.015094873,0.03976789,0.025079848,0.015105069,0.015234308,0.0151322475
HE23W_2_PO.30,Mesenchymal Cells,Mesenchymal Cells,0.0037265383,0.003679484,0.003674205,0.0039297994,0.003683156,0.0036766867,0.9739468,0.003683302
HE10W_1_RV.3,Cardiomyocytes,Cardiomyocytes,0.9775119,0.0032016977,0.0031971042,0.0032535023,0.0032048933,0.0031992637,0.0032266367,0.00320502
HE20W_1_RA.9,Cardiomyocytes,Cardiomyocytes,0.9745454,0.0034924264,0.0034874158,0.00348215,0.003495912,0.0034897714,0.004087268,0.003919666
HE22W_1_LV.47,Cardiomyocytes,Cardiomyocytes,0.97539437,0.0035001573,0.0034951356,0.003577969,0.0035036504,0.0034974962,0.003527421,0.0035037892
HE22W_1_BV.13,Mesenchymal Cells,Mesenchymal Cells,0.0031784687,0.0034887483,0.0031338318,0.0031291,0.0031414668,0.0031359487,0.9776509,0.0031415913
HE20W_1_LV.26,Granulocytes,Granulocytes,0.023469593,0.0072103585,0.007200014,0.92827874,0.010148322,0.009208647,0.007266522,0.0072178403
HE6W_2_RA.90,Mesenchymal Cells,Mesenchymal Cells,0.0031818226,0.0043348083,0.004125764,0.003132402,0.0031447818,0.003139258,0.9757962,0.0031449064
HE13W_1_LA.11,Cardiomyocytes,Cardiomyocytes,0.9774629,0.0032015373,0.003196944,0.0031921167,0.0032047327,0.0031991033,0.0033378033,0.0032048593
HE17W_2_RV.29,Cardiomyocytes,Cardiomyocytes,0.71721977,0.020046987,0.020018226,0.094534315,0.07734078,0.030569047,0.02020314,0.020067789
HE23W_2_PO.3,Mesenchymal Cells,Mesenchymal Cells,0.0031719683,0.0048025097,0.0031274229,0.0031227006,0.003859258,0.0031295351,0.97565144,0.0031351664
HE5W_1_LV.37,Cardiomyocytes,Cardiomyocytes,0.9098222,0.013543569,0.012299444,0.012280871,0.015003242,0.012307751,0.01241305,0.01232989
HE6W_2_RA.41,Cardiomyocytes,Cardiomyocytes,0.9593931,0.004283863,0.0042777173,0.010707576,0.004288137,0.008102942,0.00465833,0.004288307
HE22W_1_BV.49,Mesenchymal Cells,Mesenchymal Cells,0.0031777634,0.0033389586,0.0031331365,0.0031284057,0.0031407697,0.00350612,0.977434,0.0031408942
HE7W_3_LV.15,Cardiomyocytes,Cardiomyocytes,0.97672504,0.003769304,0.003194531,0.0031897072,0.0032023136,0.003492615,0.0032240395,0.0032024402
HE22W_1_LV.33,Lymphocytes,Lymphocytes,0.057469092,0.018048257,0.018022364,0.02349655,0.5665283,0.2801796,0.018188836,0.018066986
HE22W_1_LV.65,Macrophages,Macrophages,0.010021614,0.0042319912,0.0042259195,0.0045359726,0.006353562,0.9618993,0.0042649554,0.004466733
HE20W_1_RA.26,Macrophages,Macrophages,0.016304202,0.0038452554,0.0038397384,0.018122176,0.004580313,0.94507843,0.0038752072,0.0043546823
HE7W_1_RA.17,Macrophages,Macrophages,0.0069695506,0.003969695,0.0039640013,0.0041308543,0.004907345,0.96808416,0.0040006163,0.003973816
HE15W_1_RV.2,Mesenchymal Cells,Mesenchymal Cells,0.0031794768,0.0031726437,0.003134826,0.0031300925,0.0031424633,0.0031369433,0.977961,0.0031425878
HE22W_1_BV.42,Mesenchymal Cells,Mesenchymal Cells,0.0031729646,0.0052143596,0.0031284052,0.0031236815,0.003136027,0.0031305181,0.97595793,0.003136151
HE7W_2_LV.79,Cardiomyocytes,Cardiomyocytes,0.95265895,0.006633256,0.007500929,0.0066137407,0.0066398764,0.0066282162,0.0066849245,0.0066401423
HE24W_1_RA.73,Cardiomyocytes,Cardiomyocytes,0.97577137,0.003195997,0.0036140538,0.0031865928,0.004337593,0.0031935673,0.0035014783,0.0031993133
HE10W_1_RA.39,Cardiomyocytes,Cardiomyocytes,0.9772758,0.0035036444,0.0031963321,0.0031915058,0.0032041192,0.003198491,0.0032258574,0.003204246
HE10W_1_LV.8,Cardiomyocytes,Cardiomyocytes,0.9775119,0.0032016977,0.0031971042,0.0032535023,0.0032048933,0.0031992637,0.0032266367,0.00320502
HE13W_2_LA.32,Cardiomyocytes,Cardiomyocytes,0.9775718,0.003201894,0.0031973002,0.0031924725,0.0032050896,0.0031994598,0.0032268346,0.0032052165
HE6W_2_RV.35,Endothelial Cells,Endothelial Cells,0.0035048795,0.9741856,0.003455659,0.0034504412,0.0034640778,0.003457993,0.0050171698,0.003464215
HE6W_2_LV.3,Endothelial Cells,Endothelial Cells,0.0030489308,0.9776269,0.0030061135,0.0030015744,0.0030134371,0.0030081437,0.0042813323,0.0030135564
HE6W_1_RA.33,Cardiomyocytes,Cardiomyocytes,0.9759168,0.0031964735,0.0040242863,0.0031870678,0.0031996635,0.0040545263,0.0032213717,0.0031997901
HE7W_3_RA.8,Cardiomyocytes,Cardiomyocytes,0.9769468,0.003199847,0.003195256,0.0031904313,0.0032030405,0.003503537,0.0035579258,0.003203167
HE7W_2_LA.24,Cardiomyocytes,Cardiomyocytes,0.9775718,0.003201894,0.0031973002,0.0031924725,0.0032050896,0.0031994598,0.0032268346,0.0032052165
HE22W_1_BV.20,Mesenchymal Cells,Mesenchymal Cells,0.0031763471,0.0031362397,0.0041493922,0.0031270115,0.00313937,0.0031338555,0.97699827,0.0031394942
HE25W_1_TV.15,Mesenchymal Cells,Mesenchymal Cells,0.003178628,0.003138492,0.003133989,0.003129257,0.0031416242,0.003436359,0.9776999,0.0031417487
HE23W_2_AV.27,Mesenchymal Cells,Mesenchymal Cells,0.004602039,0.00454393,0.00453741,0.0045305593,0.005710657,0.0045404756,0.9669863,0.004548645
HE7W_2_RV.62,Cardiomyocytes,Cardiomyocytes,0.96856415,0.004487841,0.0044814036,0.004474637,0.0044923197,0.0044844304,0.0045227977,0.0044924994
HE7W_2_RA.30,Cardiomyocytes,Cardiomyocytes,0.9775718,0.003201894,0.0031973002,0.0031924725,0.0032050896,0.0031994598,0.0032268346,0.0032052165
HE22W_1_RA.62,Endothelial Cells,Endothelial Cells,0.0033180637,0.9683556,0.0032714666,0.0032665266,0.0032794366,0.0032736761,0.011955606,0.0032795665
HE22W_1_AV.21,Macrophages,Macrophages,0.003336816,0.0032946826,0.0032899557,0.003713644,0.0049424577,0.97480404,0.003320346,0.0032981012
HE23W_2_LV.11,Granulocytes,Granulocytes,0.11893252,0.08825455,0.08812793,0.26395896,0.088342614,0.17509535,0.08894197,0.08834612
HE17W_1_RV.3,Mesenchymal Cells,Mesenchymal Cells,0.003584704,0.0035394405,0.0035343624,0.0035290257,0.003542973,0.0035367496,0.9751897,0.0035431134
HE15W_1_RA.3,Mesenchymal Cells,Mesenchymal Cells,0.005843107,0.01814348,0.00576105,0.006873461,0.005968945,0.005764941,0.9458697,0.0057753143
HE6W_1_LV.9,Macrophages,Macrophages,0.0073331483,0.006900519,0.006890619,0.008117659,0.11477515,0.842121,0.0069542667,0.006907677
HE5W_1_RV.74,Epicardial Cells,Epicardial Cells,0.09109409,0.07775091,0.2981939,0.07752214,0.077828504,0.077691816,0.22208707,0.07783159
HE23W_2_RA.9,Cardiomyocytes,Cardiomyocytes,0.9771922,0.003200651,0.0031960588,0.003191233,0.0032038454,0.0031982176,0.0032255817,0.0035921952
HE6W_2_RV.54,Cardiomyocytes,Cardiomyocytes,0.97291124,0.0037752204,0.004414383,0.0037641118,0.0037789883,0.00377235,0.0038046266,0.0037791377
HE22W_1_RV.65,Cardiomyocytes,Cardiomyocytes,0.9550317,0.0063525154,0.0063434015,0.006333823,0.006829803,0.006347686,0.006401994,0.006359104
HE9W_1_LA.8,Cardiomyocytes,Cardiomyocytes,0.9769291,0.003199789,0.0038525423,0.0031903735,0.0032029827,0.0031973564,0.003224713,0.0032031094
HE5W_1_RA.9,Cardiomyocytes,Cardiomyocytes,0.9773308,0.0032011047,0.0034429906,0.0031916853,0.0032042996,0.003198671,0.003226039,0.0032044263
HE6W_2_RV.12,Mesenchymal Cells,Mesenchymal Cells,0.003176751,0.0037988403,0.0031321384,0.0033558267,0.0031397692,0.0031342541,0.97712255,0.0031398938
HE23W_2_TV.33,Mesenchymal Cells,Mesenchymal Cells,0.004060845,0.0034518875,0.0035601633,0.00344173,0.0034553325,0.003449263,0.9751253,0.0034554694
HE13W_2_RV.26,Mesenchymal Cells,Mesenchymal Cells,0.0065609687,0.049578924,0.00646883,0.006459063,0.0064845905,0.0064731995,0.91148955,0.0064848466
HE10W_1_RV.43,Mesenchymal Cells,Mesenchymal Cells,0.0032795554,0.0036888947,0.003233499,0.0032286164,0.0032413765,0.0032356828,0.97685087,0.0032415048
HE23W_2_PO.28,Mesenchymal Cells,Mesenchymal Cells,0.0039545437,0.0039046102,0.00546881,0.0038931228,0.004386079,0.0039016437,0.97058254,0.003908664
HE25W_1_TV.11,Mesenchymal Cells,Mesenchymal Cells,0.0031773148,0.003850477,0.0031326942,0.003127964,0.0031403264,0.0031348101,0.97729594,0.0031404507
HE6W_1_RA.2,Cardiomyocytes,Cardiomyocytes,0.9772724,0.0032009133,0.003196321,0.0031914946,0.003204108,0.0035047047,0.0032258462,0.0032042346
HE22W_1_LA.96,Mesenchymal Cells,Mesenchymal Cells,0.0031792342,0.0031390905,0.0031345866,0.0031298536,0.0031422232,0.0032463446,0.9778863,0.0031423478
HE22W_1_BV.23,Mesenchymal Cells,Mesenchymal Cells,0.0031789425,0.0033401975,0.003134299,0.0031295666,0.003141935,0.0031364162,0.9777966,0.0031420595
HE22W_1_RA.74,Mesenchymal Cells,Mesenchymal Cells,0.003179583,0.0031394348,0.0031349305,0.003130197,0.003142568,0.0031370479,0.9779936,0.0031426926
HE7W_2_LV.15,Cardiomyocytes,Cardiomyocytes,0.97706544,0.0032002355,0.0031956441,0.0031908187,0.0037213042,0.0031978025,0.003225163,0.0032035562
HE9W_1_RA.19,Cardiomyocytes,Cardiomyocytes,0.97701705,0.0032000772,0.003195486,0.0031906608,0.0035158594,0.0031976444,0.0034798065,0.0032033976
HE7W_1_RA.2,Cardiomyocytes,Cardiomyocytes,0.9775007,0.0032016612,0.0032696861,0.0031922404,0.0032048565,0.0031992272,0.0032266,0.0032049834
HE10W_1_LA.20,Endothelial Cells,Endothelial Cells,0.003534308,0.9756384,0.0029999989,0.0029954691,0.0033936687,0.0030020252,0.005031566,0.0034046352
HE20W_1_LV.31,Macrophages,Macrophages,0.018519908,0.0051076403,0.005100315,0.013547788,0.0066053225,0.9396136,0.005147425,0.006357995
HE24W_1_LA.15,Cardiomyocytes,Cardiomyocytes,0.9767129,0.003199081,0.0031944911,0.0031896676,0.0036439984,0.0036335357,0.0032239994,0.0032024004
HE10W_1_RV.13,Cardiomyocytes,Cardiomyocytes,0.97731334,0.0032010477,0.003196455,0.0031916285,0.0032042423,0.0031986139,0.0034903104,0.0032043692
HE5W_1_RV.76,Cardiomyocytes,Cardiomyocytes,0.9772609,0.0032008756,0.0031962832,0.0031914571,0.0032040703,0.0031984423,0.0035437713,0.0032041972
HE13W_2_LV.38,Mesenchymal Cells,Mesenchymal Cells,0.003179583,0.0031394348,0.0031349305,0.003130197,0.003142568,0.0031370479,0.9779936,0.0031426926
HE22W_1_LA.72,Lymphocytes,Lymphocytes,0.16005722,0.044584226,0.044520263,0.044453036,0.5377918,0.07903146,0.044931494,0.04463049
HE22W_1_TV.69,Mesenchymal Cells,Mesenchymal Cells,0.003178611,0.0031384751,0.0031339722,0.0031292401,0.0031416074,0.0034417014,0.97769463,0.003141732
HE20W_1_LA.28,Endothelial Cells,Endothelial Cells,0.0054770373,0.88288796,0.08181841,0.005391967,0.005413277,0.0054037683,0.008194116,0.0054134913
HE22W_1_PO.46,Mesenchymal Cells,Mesenchymal Cells,0.0065506413,0.0064679277,0.0066708075,0.0072830454,0.0064743827,0.0064630103,0.95361555,0.006474639
HE23W_2_PV.7,Mesenchymal Cells,Mesenchymal Cells,0.003179032,0.0031388907,0.0033076818,0.0031296543,0.0031420232,0.0031365042,0.9778241,0.0031421478
HE6W_2_RA.87,Macrophages,Macrophages,0.0030372082,0.002972395,0.0029681304,0.0029636486,0.0038074204,0.977799,0.0029955476,0.0034566135
HE9W_1_RV.28,Red Blood Cells,Red Blood Cells,0.006140693,0.004520371,0.0045138854,0.0045070695,0.0045248824,0.004516934,0.004986084,0.9662901
HE22W_1_LV.48,Mesenchymal Cells,Mesenchymal Cells,0.0031753967,0.004451903,0.0031308031,0.0031260757,0.0031384304,0.0031329177,0.97670597,0.003138555
HE7W_3_LV.40,Red Blood Cells,Red Blood Cells,0.030373763,0.0054190373,0.0054112626,0.005403092,0.0054244436,0.0054149176,0.0054612453,0.93709224
HE7W_2_LV.71,Mesenchymal Cells,Mesenchymal Cells,0.0031777872,0.0037024037,0.00313316,0.0031284292,0.0031407932,0.0031352763,0.97744125,0.0031409177
HE22W_1_AV.23,Mesenchymal Cells,Mesenchymal Cells,0.0046379026,0.004573176,0.0046833586,0.0039130775,0.003928541,0.003921642,0.97041357,0.0039286963
HE6W_1_RV.10,Cardiomyocytes,Cardiomyocytes,0.9772823,0.003200946,0.0031963533,0.003191527,0.0032041406,0.0034946075,0.0032258788,0.0032042672
HE22W_1_RA.42,Mesenchymal Cells,Mesenchymal Cells,0.0031730067,0.004901437,0.0031284466,0.003123723,0.0031360683,0.003430282,0.97597086,0.0031361927
HE6W_1_LV.3,Mesenchymal Cells,Mesenchymal Cells,0.0031780594,0.0037544742,0.0031334285,0.0031286972,0.0031410623,0.003135545,0.9773875,0.0031411867
HE7W_2_RA.3,Cardiomyocytes,Cardiomyocytes,0.97301483,0.0038524405,0.003846913,0.0038411045,0.0038562855,0.0038495115,0.003882448,0.003856438
HE15W_1_LV.38,Macrophages,Macrophages,0.0078737205,0.0034088222,0.0034039314,0.0044383784,0.0042139906,0.9696279,0.0034353742,0.003597904
HE24W_1_LA.53,Granulocytes,Granulocytes,0.009628142,0.009506569,0.00949293,0.9136509,0.01635503,0.022269372,0.00958062,0.009516434
HE23W_2_TV.4,Mesenchymal Cells,Mesenchymal Cells,0.003441268,0.003655153,0.0031322914,0.0031275619,0.0031990563,0.003134407,0.9771703,0.003140047
HE7W_2_LA.77,Cardiomyocytes,Cardiomyocytes,0.97670686,0.0031990611,0.0031944714,0.0031896478,0.003202254,0.003196629,0.004108669,0.0032023806
HE7W_3_RV.34,Mesenchymal Cells,Mesenchymal Cells,0.0036516704,0.007007981,0.0036003883,0.003594952,0.0036091597,0.00360282,0.9713237,0.0036093027
HE22W_1_BV.24,Mesenchymal Cells,Mesenchymal Cells,0.0037326347,0.004044124,0.0038836885,0.0044528344,0.003689182,0.0036827016,0.97282547,0.0036893277
HE6W_1_LA.7,Cardiomyocytes,Cardiomyocytes,0.97701424,0.0037704199,0.0031954767,0.0031906515,0.0032032616,0.003197635,0.003224994,0.0032033883
HE7W_2_RV.38,Cardiomyocytes,Cardiomyocytes,0.97706544,0.0032002355,0.0031956441,0.0031908187,0.0037213042,0.0031978025,0.003225163,0.0032035562
HE5W_1_LA.25,Cardiomyocytes,Cardiomyocytes,0.97569317,0.003195741,0.003733384,0.0031863374,0.0031989305,0.0031933114,0.004600031,0.003199057
HE7W_1_LA.35,Cardiomyocytes,Cardiomyocytes,0.9772609,0.0032008756,0.0031962832,0.0031914571,0.0032040703,0.0031984423,0.0035437713,0.0032041972
HE22W_1_TV.15,Mesenchymal Cells,Mesenchymal Cells,0.003179583,0.0031394348,0.0031349305,0.003130197,0.003142568,0.0031370479,0.9779936,0.0031426926
HE23W_2_PO.7,Lymphocytes,Lymphocytes,0.0043272465,0.0039118887,0.003906278,0.004109696,0.96916807,0.0058721714,0.0039423592,0.004762282
HE7W_1_LA.49,Cardiomyocytes,Cardiomyocytes,0.9775718,0.003201894,0.0031973002,0.0031924725,0.0032050896,0.0031994598,0.0032268346,0.0032052165
HE7W_2_RA.9,Cardiomyocytes,Cardiomyocytes,0.9775718,0.003201894,0.0031973002,0.0031924725,0.0032050896,0.0031994598,0.0032268346,0.0032052165
HE7W_3_LA.2,Cardiomyocytes,Cardiomyocytes,0.976399,0.0031980528,0.0031934644,0.0034215322,0.004168043,0.0031956213,0.0032229633,0.003201371
HE5W_1_RV.68,Cardiomyocytes,Cardiomyocytes,0.9756227,0.0031955102,0.0031909256,0.0031861074,0.0031986993,0.0031930807,0.0052141645,0.003198826
HE6W_2_LA.6,Endothelial Cells,Endothelial Cells,0.021952743,0.80274117,0.021644462,0.02161178,0.021697182,0.021659082,0.0669956,0.021698046
HE17W_1_LA.39,Mesenchymal Cells,Mesenchymal Cells,0.0031773092,0.0034434514,0.0031326888,0.0035367496,0.0031403208,0.0031348048,0.9772942,0.0031404453
HE22W_1_LV.86,Macrophages,Macrophages,0.0035677366,0.002969845,0.0029655842,0.0032768238,0.00429397,0.9769602,0.0029929779,0.0029729267
HE5W_1_RV.29,Mesenchymal Cells,Mesenchymal Cells,0.07829012,0.18585916,0.077190675,0.077074125,0.07737871,0.077242814,0.3495826,0.07738179
HE7W_1_LA.12,Cardiomyocytes,Cardiomyocytes,0.9775718,0.003201894,0.0031973002,0.0031924725,0.0032050896,0.0031994598,0.0032268346,0.0032052165
HE20W_1_LV.6,Granulocytes,Granulocytes,0.007804725,0.00761726,0.0076063313,0.91603523,0.012077523,0.033557203,0.007676593,0.007625164
HE22W_1_PO.6,Mesenchymal Cells,Mesenchymal Cells,0.0031782635,0.003138132,0.0031336294,0.0031288979,0.003141264,0.003135746,0.97758776,0.0035562897
HE22W_1_AV.45,Mesenchymal Cells,Mesenchymal Cells,0.003169305,0.0031292867,0.003124797,0.0031200787,0.0033644014,0.0031269074,0.97783273,0.003132534
HE17W_1_LV.22,Cardiomyocytes,Cardiomyocytes,0.97124946,0.0041443887,0.003978311,0.003972304,0.004283361,0.0043689474,0.0040150597,0.003988161
HE25W_1_AV.23,Mesenchymal Cells,Mesenchymal Cells,0.0031767027,0.0031365908,0.0031320907,0.0031273614,0.003664545,0.003515166,0.97710764,0.0031398458
HE13W_2_LV.12,Mesenchymal Cells,Mesenchymal Cells,0.003566096,0.0035210678,0.0036315133,0.003510707,0.003524582,0.0035183907,0.975203,0.0035247214
HE9W_1_LA.39,Endothelial Cells,Endothelial Cells,0.0030445312,0.9762162,0.0030017756,0.002997243,0.0030090888,0.003003803,0.0057181353,0.0030092078
HE9W_1_RA.7,Endothelial Cells,Endothelial Cells,0.003049042,0.97766256,0.0030062231,0.0030016839,0.003013547,0.0040031844,0.0032501006,0.0030136665
HE7W_1_LV.39,Mesenchymal Cells,Mesenchymal Cells,0.0031760533,0.0042459494,0.0031314506,0.0031267223,0.0031390795,0.0031335657,0.97690797,0.003139204
HE24W_1_LA.84,Cardiomyocytes,Cardiomyocytes,0.97715795,0.0032005387,0.0036191896,0.003191121,0.003203733,0.0031981054,0.0032254686,0.0032038596
HE7W_2_LV.8,Cardiomyocytes,Cardiomyocytes,0.9775718,0.003201894,0.0031973002,0.0031924725,0.0032050896,0.0031994598,0.0032268346,0.0032052165
HE20W_1_LA.31,Macrophages,Macrophages,0.0049045454,0.0031237684,0.0031192866,0.010206476,0.01694699,0.95542383,0.0031481003,0.0031270096
HE17W_2_RV.7,Endothelial Cells,Endothelial Cells,0.0033349383,0.9660185,0.0032881042,0.0032831393,0.0032961147,0.003290325,0.0141927,0.0032962454
HE22W_1_TV.29,Mesenchymal Cells,Mesenchymal Cells,0.0031792552,0.0031391112,0.0032375762,0.0031298744,0.0031422442,0.0031367247,0.9778928,0.0031423687
HE17W_2_LA.1,Mesenchymal Cells,Mesenchymal Cells,0.003179583,0.0031394348,0.0031349305,0.003130197,0.003142568,0.0031370479,0.9779936,0.0031426926
HE22W_1_RV.15,Granulocytes,Granulocytes,0.121867694,0.022551192,0.021406818,0.690455,0.036141407,0.064513505,0.021604553,0.02145982
HE17W_2_LV.7,Cardiomyocytes,Cardiomyocytes,0.97715795,0.0032005387,0.0036191896,0.003191121,0.003203733,0.0031981054,0.0032254686,0.0032038596
