R0C16_S5,RV,0.13462119,0.8653788
R0C16_S5.1,RV,0.13462119,0.8653788
R0C2_S1,RV,0.16315894,0.8368411
R0C2_S1.1,RV,0.16315894,0.8368411
R0C3_S2,RV,0.17429891,0.8257011
R0C3_S2.1,RV,0.17429891,0.8257011
R0C4_S3,RV,0.13007636,0.8699237
R0C4_S3.1,RV,0.13007636,0.8699237
R0C48_S10,RV,0.14528552,0.85471445
R0C48_S10.1,RV,0.14528552,0.85471445
R0C60_S11,RV,0.13159172,0.8684083
R0C60_S11.1,RV,0.13159172,0.8684083
R0C61_S12,RV,0.1450734,0.8549266
R0C61_S12.1,RV,0.1450734,0.8549266
R0C62_S13,RV,0.1917367,0.80826336
R0C62_S13.1,RV,0.1917367,0.80826336
R0C65_S14,RV,0.02369297,0.9763071
R0C65_S14.1,RV,0.02369297,0.9763071
R0C69_S15,RV,0.11768282,0.88231725
R0C69_S15.1,RV,0.11768282,0.88231725
R10C1_S178,RV,0.11544164,0.8845583
R10C1_S178.1,RV,0.11544164,0.8845583
R10C24_S182,RV,0.091011226,0.9089887
R10C24_S182.1,RV,0.091011226,0.9089887
R10C27_S183,RV,0.14075288,0.85924715
R10C27_S183.1,RV,0.14075288,0.85924715
R10C28_S184,RV,0.19886972,0.8011303
R10C28_S184.1,RV,0.19886972,0.8011303
R10C31_S185,RV,0.09932222,0.90067774
R10C31_S185.1,RV,0.09932222,0.90067774
R10C33_S186,RV,0.1525149,0.8474851
R10C33_S186.1,RV,0.1525149,0.8474851
R10C37_S187,RV,0.12730156,0.8726985
R10C37_S187.1,RV,0.12730156,0.8726985
R10C39_S188,RV,0.21568137,0.7843186
R10C39_S188.1,RV,0.21568137,0.7843186
R10C46_S190,RV,0.13360126,0.86639875
R10C46_S190.1,RV,0.13360126,0.86639875
R10C47_S191,RV,0.130758,0.869242
R10C47_S191.1,RV,0.130758,0.869242
R10C54_S193,RV,0.19930308,0.80069697
R10C54_S193.1,RV,0.19930308,0.80069697
R10C56_S194,RV,0.22865087,0.77134913
R10C56_S194.1,RV,0.22865087,0.77134913
R10C58_S195,RV,0.1499541,0.85004586
R10C58_S195.1,RV,0.1499541,0.85004586
R10C62_S196,RV,0.13429384,0.86570615
R10C62_S196.1,RV,0.13429384,0.86570615
R10C63_S197,RV,0.24322999,0.75677
R10C63_S197.1,RV,0.24322999,0.75677
R10C71_S198,RV,0.19971105,0.800289
R10C71_S198.1,RV,0.19971105,0.800289
R11C0_S199,RV,0.110846035,0.889154
R11C0_S199.1,RV,0.110846035,0.889154
R11C12_S202,RV,0.23040235,0.76959765
R11C12_S202.1,RV,0.23040235,0.76959765
R11C19_S203,RV,0.14173336,0.85826665
R11C19_S203.1,RV,0.14173336,0.85826665
R11C20_S204,RV,0.37638777,0.6236122
R11C20_S204.1,RV,0.37638777,0.6236122
R11C21_S205,RV,0.23294571,0.76705426
R11C21_S205.1,RV,0.23294571,0.76705426
R11C3_S200,RV,0.088679634,0.9113203
R11C3_S200.1,RV,0.088679634,0.9113203
R11C32_S206,RV,0.14697558,0.8530244
R11C32_S206.1,RV,0.14697558,0.8530244
R11C45_S208,RV,0.2904771,0.70952284
R11C45_S208.1,RV,0.2904771,0.70952284
R11C46_S209,RV,0.15834567,0.84165436
R11C46_S209.1,RV,0.15834567,0.84165436
R11C47_S210,RV,0.11938376,0.8806163
R11C47_S210.1,RV,0.11938376,0.8806163
R11C48_S211,RV,0.09587768,0.90412235
R11C48_S211.1,RV,0.09587768,0.90412235
R11C57_S212,RV,0.17806466,0.82193536
R11C57_S212.1,RV,0.17806466,0.82193536
R11C58_S213,RV,0.14115922,0.85884076
R11C58_S213.1,RV,0.14115922,0.85884076
R11C61_S214,RV,0.182922,0.817078
R11C61_S214.1,RV,0.182922,0.817078
R11C69_S218,RV,0.12154132,0.87845874
R11C69_S218.1,RV,0.12154132,0.87845874
R11C70_S219,RV,0.35072935,0.64927065
R11C70_S219.1,RV,0.35072935,0.64927065
R12C14_S223,RV,0.25364074,0.7463593
R12C14_S223.1,RV,0.25364074,0.7463593
R12C16_S224,RV,0.24654855,0.7534515
R12C16_S224.1,RV,0.24654855,0.7534515
R12C17_S225,RV,0.11192558,0.8880744
R12C17_S225.1,RV,0.11192558,0.8880744
R12C18_S226,RV,0.113917604,0.8860824
R12C18_S226.1,RV,0.113917604,0.8860824
R12C2_S220,RV,0.15756927,0.8424307
R12C2_S220.1,RV,0.15756927,0.8424307
R12C34_S227,RV,0.16814654,0.83185345
R12C34_S227.1,RV,0.16814654,0.83185345
R12C36_S228,RV,0.39656687,0.6034332
R12C36_S228.1,RV,0.39656687,0.6034332
R12C44_S229,RV,0.14740449,0.8525955
R12C44_S229.1,RV,0.14740449,0.8525955
R12C46_S230,RV,0.30145997,0.69854003
R12C46_S230.1,RV,0.30145997,0.69854003
R12C6_S221,RV,0.0874259,0.91257405
R12C6_S221.1,RV,0.0874259,0.91257405
R12C61_S232,RV,0.075044416,0.92495555
R12C61_S232.1,RV,0.075044416,0.92495555
R13C13_S236,RV,0.10385555,0.8961444
R13C13_S236.1,RV,0.10385555,0.8961444
R13C15_S238,RV,0.16729766,0.8327023
R13C15_S238.1,RV,0.16729766,0.8327023
R13C20_S239,RV,0.15637596,0.84362406
R13C20_S239.1,RV,0.15637596,0.84362406
R13C28_S243,RV,0.07207615,0.92792386
R13C28_S243.1,RV,0.07207615,0.92792386
R13C3_S234,RV,0.20823663,0.79176337
R13C3_S234.1,RV,0.20823663,0.79176337
R13C39_S247,RV,0.19262868,0.8073713
R13C39_S247.1,RV,0.19262868,0.8073713
R13C40_S248,RV,0.12593424,0.8740657
R13C40_S248.1,RV,0.12593424,0.8740657
R13C42_S250,RV,0.2319293,0.7680707
R13C42_S250.1,RV,0.2319293,0.7680707
R13C46_S252,RV,0.43034035,0.5696596
R13C46_S252.1,RV,0.43034035,0.5696596
R13C49_S253,RV,0.19240665,0.80759335
R13C49_S253.1,RV,0.19240665,0.80759335
R13C51_S255,RV,0.059654944,0.9403451
R13C51_S255.1,RV,0.059654944,0.9403451
R13C53_S256,RV,0.1996549,0.80034506
R13C53_S256.1,RV,0.1996549,0.80034506
R13C63_S259,RV,0.15800728,0.8419927
R13C63_S259.1,RV,0.15800728,0.8419927
R14C12_S261,RV,0.14807309,0.85192686
R14C12_S261.1,RV,0.14807309,0.85192686
R14C17_S262,RV,0.24495712,0.7550429
R14C17_S262.1,RV,0.24495712,0.7550429
R14C18_S263,RV,0.28321692,0.71678305
R14C18_S263.1,RV,0.28321692,0.71678305
R14C31_S265,RV,0.20919892,0.7908011
R14C31_S265.1,RV,0.20919892,0.7908011
R14C34_S266,RV,0.19577968,0.8042203
R14C34_S266.1,RV,0.19577968,0.8042203
R14C37_S267,RV,0.25549623,0.74450374
R14C37_S267.1,RV,0.25549623,0.74450374
R14C47_S268,RV,0.15276003,0.84724003
R14C47_S268.1,RV,0.15276003,0.84724003
R14C49_S270,RV,0.15651068,0.84348935
R14C49_S270.1,RV,0.15651068,0.84348935
R14C52_S271,RV,0.43629625,0.5637038
R14C52_S271.1,RV,0.43629625,0.5637038
R14C54_S272,RV,0.17108554,0.82891446
R14C54_S272.1,RV,0.17108554,0.82891446
R14C55_S273,RV,0.09882973,0.90117025
R14C55_S273.1,RV,0.09882973,0.90117025
R14C59_S274,RV,0.3988924,0.6011076
R14C59_S274.1,RV,0.3988924,0.6011076
R14C64_S275,RV,0.12516406,0.87483597
R14C64_S275.1,RV,0.12516406,0.87483597
R15C1_S277,RV,0.20740658,0.7925934
R15C1_S277.1,RV,0.20740658,0.7925934
R15C12_S278,RV,0.22407435,0.77592564
R15C12_S278.1,RV,0.22407435,0.77592564
R15C16_S279,RV,0.20679207,0.7932079
R15C16_S279.1,RV,0.20679207,0.7932079
R15C51_S282,RV,0.10770577,0.8922942
R15C51_S282.1,RV,0.10770577,0.8922942
R15C57_S283,RV,0.17418331,0.8258167
R15C57_S283.1,RV,0.17418331,0.8258167
R15C58_S284,RV,0.1710501,0.82894987
R15C58_S284.1,RV,0.1710501,0.82894987
R15C63_S285,RV,0.15509078,0.84490925
R15C63_S285.1,RV,0.15509078,0.84490925
R15C64_S286,RV,0.13901156,0.86098844
R15C64_S286.1,RV,0.13901156,0.86098844
R15C65_S287,RV,0.27762365,0.72237635
R15C65_S287.1,RV,0.27762365,0.72237635
R15C66_S288,RV,0.4001814,0.5998186
R15C66_S288.1,RV,0.4001814,0.5998186
R16C15_S290,RV,0.15231256,0.8476874
R16C15_S290.1,RV,0.15231256,0.8476874
R16C17_S291,RV,0.18761636,0.8123836
R16C17_S291.1,RV,0.18761636,0.8123836
R16C19_S292,RV,0.2738691,0.72613096
R16C19_S292.1,RV,0.2738691,0.72613096
R16C26_S293,RV,0.2480365,0.7519635
R16C26_S293.1,RV,0.2480365,0.7519635
R16C3_S289,RV,0.10904651,0.89095354
R16C3_S289.1,RV,0.10904651,0.89095354
R16C32_S294,RV,0.20544356,0.7945565
R16C32_S294.1,RV,0.20544356,0.7945565
R16C36_S296,RV,0.23868774,0.7613123
R16C36_S296.1,RV,0.23868774,0.7613123
R16C43_S297,RV,0.2107733,0.7892267
R16C43_S297.1,RV,0.2107733,0.7892267
R16C48_S298,RV,0.115070544,0.8849294
R16C48_S298.1,RV,0.115070544,0.8849294
R16C59_S300,RV,0.13089378,0.86910623
R16C59_S300.1,RV,0.13089378,0.86910623
R16C68_S301,RV,0.14704573,0.85295427
R16C68_S301.1,RV,0.14704573,0.85295427
R16C69_S302,RV,0.10646172,0.8935383
R16C69_S302.1,RV,0.10646172,0.8935383
R17C13_S306,RV,0.25799602,0.742004
R17C13_S306.1,RV,0.25799602,0.742004
R17C16_S307,RV,0.19680241,0.80319756
R17C16_S307.1,RV,0.19680241,0.80319756
R17C2_S304,RV,0.15800469,0.8419953
R17C2_S304.1,RV,0.15800469,0.8419953
R17C21_S308,RV,0.08138707,0.91861296
R17C21_S308.1,RV,0.08138707,0.91861296
R17C29_S309,RV,0.30474168,0.69525826
R17C29_S309.1,RV,0.30474168,0.69525826
R17C3_S305,RV,0.080629624,0.91937035
R17C3_S305.1,RV,0.080629624,0.91937035
R17C33_S311,RV,0.25097966,0.7490203
R17C33_S311.1,RV,0.25097966,0.7490203
R17C34_S312,RV,0.13487713,0.8651228
R17C34_S312.1,RV,0.13487713,0.8651228
R17C36_S313,RV,0.23036003,0.76963997
R17C36_S313.1,RV,0.23036003,0.76963997
R17C37_S314,RV,0.1356193,0.8643807
R17C37_S314.1,RV,0.1356193,0.8643807
R17C41_S315,RV,0.08634538,0.91365457
R17C41_S315.1,RV,0.08634538,0.91365457
R17C45_S316,RV,0.3128494,0.6871506
R17C45_S316.1,RV,0.3128494,0.6871506
R17C46_S317,RV,0.31154528,0.68845475
R17C46_S317.1,RV,0.31154528,0.68845475
R17C47_S318,RV,0.10775044,0.8922495
R17C47_S318.1,RV,0.10775044,0.8922495
R17C50_S319,RV,0.20493466,0.79506534
R17C50_S319.1,RV,0.20493466,0.79506534
R17C52_S320,RV,0.06425645,0.9357436
R17C52_S320.1,RV,0.06425645,0.9357436
R17C54_S321,RV,0.080534175,0.91946584
R17C54_S321.1,RV,0.080534175,0.91946584
R17C58_S322,RV,0.13203076,0.8679693
R17C58_S322.1,RV,0.13203076,0.8679693
R17C59_S323,RV,0.32376432,0.6762357
R17C59_S323.1,RV,0.32376432,0.6762357
R17C63_S324,RV,0.20427613,0.7957239
R17C63_S324.1,RV,0.20427613,0.7957239
R17C69_S325,RV,0.111466095,0.88853395
R17C69_S325.1,RV,0.111466095,0.88853395
R17C70_S326,RV,0.11422468,0.8857754
R17C70_S326.1,RV,0.11422468,0.8857754
R18C0_S327,RV,0.29403338,0.70596665
R18C0_S327.1,RV,0.29403338,0.70596665
R18C1_S328,RV,0.29576117,0.7042388
R18C1_S328.1,RV,0.29576117,0.7042388
R18C12_S330,RV,0.21562393,0.7843761
R18C12_S330.1,RV,0.21562393,0.7843761
R18C17_S331,RV,0.16780008,0.8321999
R18C17_S331.1,RV,0.16780008,0.8321999
R18C3_S329,RV,0.18390432,0.81609565
R18C3_S329.1,RV,0.18390432,0.81609565
R18C38_S332,RV,0.08491556,0.9150844
R18C38_S332.1,RV,0.08491556,0.9150844
R18C40_S333,RV,0.31179312,0.6882069
R18C40_S333.1,RV,0.31179312,0.6882069
R18C42_S334,RV,0.23511533,0.76488465
R18C42_S334.1,RV,0.23511533,0.76488465
R18C44_S335,RV,0.2300766,0.7699234
R18C44_S335.1,RV,0.2300766,0.7699234
R18C45_S336,RV,0.24268414,0.7573158
R18C45_S336.1,RV,0.24268414,0.7573158
R18C46_S337,LV,0.51806223,0.48193777
R18C46_S337.1,LV,0.51806223,0.48193777
R18C48_S338,RV,0.14037377,0.8596263
R18C48_S338.1,RV,0.14037377,0.8596263
R18C67_S340,RV,0.08994517,0.91005486
R18C67_S340.1,RV,0.08994517,0.91005486
R18C69_S342,RV,0.39594197,0.604058
R18C69_S342.1,RV,0.39594197,0.604058
R19C10_S345,RV,0.13927288,0.86072713
R19C10_S345.1,RV,0.13927288,0.86072713
R19C15_S346,RV,0.42027986,0.57972014
R19C15_S346.1,RV,0.42027986,0.57972014
R19C17_S347,RV,0.23882465,0.7611754
R19C17_S347.1,RV,0.23882465,0.7611754
R19C18_S348,RV,0.098633684,0.9013663
R19C18_S348.1,RV,0.098633684,0.9013663
R19C2_S343,RV,0.12257654,0.87742347
R19C2_S343.1,RV,0.12257654,0.87742347
R19C22_S350,RV,0.16431783,0.8356822
R19C22_S350.1,RV,0.16431783,0.8356822
R19C40_S352,RV,0.16550806,0.8344919
R19C40_S352.1,RV,0.16550806,0.8344919
R19C61_S355,RV,0.11379499,0.8862051
R19C61_S355.1,RV,0.11379499,0.8862051
R19C62_S356,RV,0.2208613,0.77913874
R19C62_S356.1,RV,0.2208613,0.77913874
R19C71_S358,RV,0.26117477,0.73882526
R19C71_S358.1,RV,0.26117477,0.73882526
R1C11_S21,RV,0.08505415,0.91494584
R1C11_S21.1,RV,0.08505415,0.91494584
R1C24_S23,RV,0.092406556,0.90759337
R1C24_S23.1,RV,0.092406556,0.90759337
R1C27_S24,RV,0.20770022,0.7922998
R1C27_S24.1,RV,0.20770022,0.7922998
R1C29_S25,RV,0.084000446,0.9159996
R1C29_S25.1,RV,0.084000446,0.9159996
R1C30_S26,RV,0.10307952,0.89692044
R1C30_S26.1,RV,0.10307952,0.89692044
R1C34_S27,RV,0.1597187,0.8402813
R1C34_S27.1,RV,0.1597187,0.8402813
R1C39_S29,RV,0.08264895,0.9173511
R1C39_S29.1,RV,0.08264895,0.9173511
R1C4_S16,RV,0.095286265,0.90471375
R1C4_S16.1,RV,0.095286265,0.90471375
R1C40_S30,RV,0.08110521,0.91889477
R1C40_S30.1,RV,0.08110521,0.91889477
R1C44_S31,RV,0.29254854,0.70745146
R1C44_S31.1,RV,0.29254854,0.70745146
R1C47_S32,RV,0.2468411,0.7531589
R1C47_S32.1,RV,0.2468411,0.7531589
R1C49_S33,RV,0.14068215,0.8593179
R1C49_S33.1,RV,0.14068215,0.8593179
R1C5_S17,RV,0.21816753,0.78183246
R1C5_S17.1,RV,0.21816753,0.78183246
R1C55_S34,RV,0.16013719,0.83986276
R1C55_S34.1,RV,0.16013719,0.83986276
R1C6_S18,RV,0.19169925,0.80830073
R1C6_S18.1,RV,0.19169925,0.80830073
R1C66_S35,RV,0.21032679,0.7896732
R1C66_S35.1,RV,0.21032679,0.7896732
R1C68_S36,RV,0.050608434,0.94939154
R1C68_S36.1,RV,0.050608434,0.94939154
R1C70_S37,RV,0.24386978,0.7561302
R1C70_S37.1,RV,0.24386978,0.7561302
R1C9_S20,RV,0.11659567,0.8834043
R1C9_S20.1,RV,0.11659567,0.8834043
R20C29_S359,RV,0.07722786,0.92277217
R20C29_S359.1,RV,0.07722786,0.92277217
R20C34_S360,RV,0.08768669,0.91231334
R20C34_S360.1,RV,0.08768669,0.91231334
R20C43_S361,RV,0.08048977,0.9195102
R20C43_S361.1,RV,0.08048977,0.9195102
R20C60_S362,RV,0.20902345,0.7909766
R20C60_S362.1,RV,0.20902345,0.7909766
R20C61_S363,RV,0.22690742,0.77309257
R20C61_S363.1,RV,0.22690742,0.77309257
R21C16_S365,RV,0.25478843,0.74521154
R21C16_S365.1,RV,0.25478843,0.74521154
R21C24_S367,RV,0.17087737,0.82912266
R21C24_S367.1,RV,0.17087737,0.82912266
R21C27_S368,RV,0.28419277,0.71580726
R21C27_S368.1,RV,0.28419277,0.71580726
R21C34_S369,RV,0.29498553,0.70501447
R21C34_S369.1,RV,0.29498553,0.70501447
R21C37_S370,RV,0.07826699,0.92173296
R21C37_S370.1,RV,0.07826699,0.92173296
R21C40_S371,RV,0.2470528,0.7529472
R21C40_S371.1,RV,0.2470528,0.7529472
R21C46_S372,RV,0.07078642,0.92921364
R21C46_S372.1,RV,0.07078642,0.92921364
R21C47_S373,RV,0.13265508,0.8673449
R21C47_S373.1,RV,0.13265508,0.8673449
R21C48_S374,RV,0.15103926,0.8489607
R21C48_S374.1,RV,0.15103926,0.8489607
R21C5_S364,RV,0.4040299,0.5959701
R21C5_S364.1,RV,0.4040299,0.5959701
R22C10_S380,RV,0.13298717,0.8670128
R22C10_S380.1,RV,0.13298717,0.8670128
R22C11_S381,RV,0.04978439,0.95021564
R22C11_S381.1,RV,0.04978439,0.95021564
R22C15_S383,RV,0.084788024,0.915212
R22C15_S383.1,RV,0.084788024,0.915212
R22C17_S384,RV,0.21720521,0.78279483
R22C17_S384.1,RV,0.21720521,0.78279483
R22C28_S389,RV,0.15733436,0.8426656
R22C28_S389.1,RV,0.15733436,0.8426656
R22C37_S391,RV,0.13226785,0.86773217
R22C37_S391.1,RV,0.13226785,0.86773217
R22C42_S393,RV,0.09955176,0.9004482
R22C42_S393.1,RV,0.09955176,0.9004482
R22C47_S395,RV,0.09763865,0.90236133
R22C47_S395.1,RV,0.09763865,0.90236133
R22C52_S397,RV,0.07357664,0.9264234
R22C52_S397.1,RV,0.07357664,0.9264234
R22C60_S399,RV,0.092600435,0.9073996
R22C60_S399.1,RV,0.092600435,0.9073996
R22C64_S401,RV,0.2769517,0.72304827
R22C64_S401.1,RV,0.2769517,0.72304827
R22C65_S402,RV,0.2735942,0.7264058
R22C65_S402.1,RV,0.2735942,0.7264058
R22C70_S404,RV,0.15652588,0.8434741
R22C70_S404.1,RV,0.15652588,0.8434741
R22C71_S405,RV,0.18605424,0.8139458
R22C71_S405.1,RV,0.18605424,0.8139458
R23C11_S406,RV,0.25919834,0.7408017
R23C11_S406.1,RV,0.25919834,0.7408017
R23C15_S407,RV,0.2855392,0.7144608
R23C15_S407.1,RV,0.2855392,0.7144608
R23C16_S408,RV,0.16477156,0.8352284
R23C16_S408.1,RV,0.16477156,0.8352284
R23C18_S409,RV,0.17554325,0.8244567
R23C18_S409.1,RV,0.17554325,0.8244567
R23C33_S410,RV,0.13100493,0.86899513
R23C33_S410.1,RV,0.13100493,0.86899513
R23C38_S412,RV,0.08549411,0.9145059
R23C38_S412.1,RV,0.08549411,0.9145059
R23C42_S413,RV,0.30030712,0.69969285
R23C42_S413.1,RV,0.30030712,0.69969285
R23C43_S414,RV,0.16461867,0.8353813
R23C43_S414.1,RV,0.16461867,0.8353813
R23C46_S415,RV,0.2005708,0.7994292
R23C46_S415.1,RV,0.2005708,0.7994292
R23C50_S416,RV,0.24179253,0.75820744
R23C50_S416.1,RV,0.24179253,0.75820744
R23C53_S417,RV,0.111428715,0.8885713
R23C53_S417.1,RV,0.111428715,0.8885713
R23C58_S418,RV,0.2551249,0.7448751
R23C58_S418.1,RV,0.2551249,0.7448751
R23C62_S419,RV,0.22729363,0.77270633
R23C62_S419.1,RV,0.22729363,0.77270633
R23C66_S420,RV,0.16418113,0.8358188
R23C66_S420.1,RV,0.16418113,0.8358188
R23C67_S421,RV,0.113753326,0.8862466
R23C67_S421.1,RV,0.113753326,0.8862466
R24C12_S428,RV,0.14683644,0.8531636
R24C12_S428.1,RV,0.14683644,0.8531636
R24C15_S429,RV,0.09686957,0.9031305
R24C15_S429.1,RV,0.09686957,0.9031305
R24C16_S430,RV,0.1191379,0.88086206
R24C16_S430.1,RV,0.1191379,0.88086206
R24C18_S431,RV,0.2608055,0.73919445
R24C18_S431.1,RV,0.2608055,0.73919445
R24C19_S432,RV,0.27701673,0.7229833
R24C19_S432.1,RV,0.27701673,0.7229833
R24C2_S424,RV,0.22825219,0.77174777
R24C2_S424.1,RV,0.22825219,0.77174777
R24C22_S433,RV,0.18141761,0.8185824
R24C22_S433.1,RV,0.18141761,0.8185824
R24C3_S425,RV,0.097979926,0.90202004
R24C3_S425.1,RV,0.097979926,0.90202004
R24C45_S434,RV,0.20412937,0.7958706
R24C45_S434.1,RV,0.20412937,0.7958706
R24C51_S435,RV,0.22038223,0.7796178
R24C51_S435.1,RV,0.22038223,0.7796178
R24C54_S436,RV,0.32087728,0.6791227
R24C54_S436.1,RV,0.32087728,0.6791227
R24C6_S426,RV,0.104376204,0.8956238
R24C6_S426.1,RV,0.104376204,0.8956238
R24C64_S437,RV,0.36111236,0.6388877
R24C64_S437.1,RV,0.36111236,0.6388877
R24C8_S427,RV,0.22473544,0.7752646
R24C8_S427.1,RV,0.22473544,0.7752646
R25C10_S442,RV,0.13477722,0.86522275
R25C10_S442.1,RV,0.13477722,0.86522275
R25C13_S443,RV,0.1145016,0.8854984
R25C13_S443.1,RV,0.1145016,0.8854984
R25C14_S444,RV,0.10906381,0.8909362
R25C14_S444.1,RV,0.10906381,0.8909362
R25C2_S438,RV,0.14119394,0.8588061
R25C2_S438.1,RV,0.14119394,0.8588061
R25C21_S445,RV,0.20288934,0.7971107
R25C21_S445.1,RV,0.20288934,0.7971107
R25C28_S446,RV,0.105733305,0.8942667
R25C28_S446.1,RV,0.105733305,0.8942667
R25C3_S439,RV,0.08773791,0.912262
R25C3_S439.1,RV,0.08773791,0.912262
R25C36_S447,RV,0.16574958,0.8342504
R25C36_S447.1,RV,0.16574958,0.8342504
R25C37_S448,RV,0.45133957,0.54866046
R25C37_S448.1,RV,0.45133957,0.54866046
R25C38_S449,RV,0.16018297,0.839817
R25C38_S449.1,RV,0.16018297,0.839817
R25C55_S452,RV,0.27188137,0.7281186
R25C55_S452.1,RV,0.27188137,0.7281186
R25C60_S453,RV,0.34707284,0.65292716
R25C60_S453.1,RV,0.34707284,0.65292716
R25C68_S456,RV,0.22682282,0.77317715
R25C68_S456.1,RV,0.22682282,0.77317715
R25C8_S440,RV,0.41279033,0.58720964
R25C8_S440.1,RV,0.41279033,0.58720964
R25C9_S441,RV,0.1993854,0.80061466
R25C9_S441.1,RV,0.1993854,0.80061466
R26C12_S459,RV,0.10467678,0.8953232
R26C12_S459.1,RV,0.10467678,0.8953232
R26C42_S461,RV,0.08924641,0.9107536
R26C42_S461.1,RV,0.08924641,0.9107536
R26C5_S457,RV,0.1572537,0.84274626
R26C5_S457.1,RV,0.1572537,0.84274626
R26C63_S462,RV,0.26322865,0.73677135
R26C63_S462.1,RV,0.26322865,0.73677135
R26C64_S463,RV,0.20521934,0.7947807
R26C64_S463.1,RV,0.20521934,0.7947807
R26C7_S458,RV,0.16319211,0.83680785
R26C7_S458.1,RV,0.16319211,0.83680785
R26C70_S464,RV,0.24482435,0.7551757
R26C70_S464.1,RV,0.24482435,0.7551757
R27C13_S467,RV,0.16527334,0.83472663
R27C13_S467.1,RV,0.16527334,0.83472663
R27C17_S468,RV,0.36873922,0.63126075
R27C17_S468.1,RV,0.36873922,0.63126075
R27C23_S469,RV,0.25912684,0.7408732
R27C23_S469.1,RV,0.25912684,0.7408732
R27C28_S470,RV,0.4034916,0.5965084
R27C28_S470.1,RV,0.4034916,0.5965084
R27C29_S471,RV,0.1295128,0.87048715
R27C29_S471.1,RV,0.1295128,0.87048715
R27C3_S465,RV,0.35617757,0.6438224
R27C3_S465.1,RV,0.35617757,0.6438224
R27C31_S472,RV,0.2615945,0.7384055
R27C31_S472.1,RV,0.2615945,0.7384055
R27C43_S474,RV,0.13383768,0.8661623
R27C43_S474.1,RV,0.13383768,0.8661623
R27C53_S476,RV,0.20620152,0.79379845
R27C53_S476.1,RV,0.20620152,0.79379845
R27C59_S477,RV,0.32292694,0.6770731
R27C59_S477.1,RV,0.32292694,0.6770731
R27C6_S466,RV,0.2607851,0.7392149
R27C6_S466.1,RV,0.2607851,0.7392149
R28C21_S483,RV,0.19806206,0.801938
R28C21_S483.1,RV,0.19806206,0.801938
R28C22_S484,RV,0.1108613,0.88913864
R28C22_S484.1,RV,0.1108613,0.88913864
R28C25_S486,RV,0.15922286,0.84077716
R28C25_S486.1,RV,0.15922286,0.84077716
R28C27_S487,RV,0.22082981,0.77917016
R28C27_S487.1,RV,0.22082981,0.77917016
R28C3_S479,RV,0.38631025,0.6136898
R28C3_S479.1,RV,0.38631025,0.6136898
R28C30_S488,RV,0.21155778,0.7884422
R28C30_S488.1,RV,0.21155778,0.7884422
R28C31_S489,RV,0.2842618,0.71573824
R28C31_S489.1,RV,0.2842618,0.71573824
R28C34_S490,RV,0.15734768,0.8426523
R28C34_S490.1,RV,0.15734768,0.8426523
R28C38_S491,RV,0.16308822,0.8369118
R28C38_S491.1,RV,0.16308822,0.8369118
R28C4_S480,RV,0.15103115,0.8489688
R28C4_S480.1,RV,0.15103115,0.8489688
R28C43_S493,RV,0.35230687,0.64769316
R28C43_S493.1,RV,0.35230687,0.64769316
R28C44_S494,RV,0.45645314,0.5435469
R28C44_S494.1,RV,0.45645314,0.5435469
R28C45_S495,RV,0.15738027,0.8426197
R28C45_S495.1,RV,0.15738027,0.8426197
R28C53_S497,RV,0.17521685,0.82478315
R28C53_S497.1,RV,0.17521685,0.82478315
R28C54_S498,RV,0.11183353,0.8881665
R28C54_S498.1,RV,0.11183353,0.8881665
R28C56_S499,RV,0.29907712,0.7009229
R28C56_S499.1,RV,0.29907712,0.7009229
R28C6_S481,RV,0.35232204,0.64767796
R28C6_S481.1,RV,0.35232204,0.64767796
R28C60_S500,RV,0.3922142,0.60778576
R28C60_S500.1,RV,0.3922142,0.60778576
R29C0_S501,RV,0.21287677,0.7871232
R29C0_S501.1,RV,0.21287677,0.7871232
R29C12_S504,RV,0.11653618,0.8834638
R29C12_S504.1,RV,0.11653618,0.8834638
R29C14_S505,RV,0.1339008,0.8660992
R29C14_S505.1,RV,0.1339008,0.8660992
R29C16_S506,RV,0.31036508,0.6896349
R29C16_S506.1,RV,0.31036508,0.6896349
R29C17_S507,RV,0.3467756,0.6532244
R29C17_S507.1,RV,0.3467756,0.6532244
R29C19_S508,RV,0.20405854,0.7959415
R29C19_S508.1,RV,0.20405854,0.7959415
R29C24_S509,RV,0.14209068,0.8579093
R29C24_S509.1,RV,0.14209068,0.8579093
R29C26_S510,RV,0.22858329,0.77141666
R29C26_S510.1,RV,0.22858329,0.77141666
R29C29_S511,RV,0.3094457,0.69055426
R29C29_S511.1,RV,0.3094457,0.69055426
R29C31_S512,RV,0.1815956,0.81840444
R29C31_S512.1,RV,0.1815956,0.81840444
R29C33_S513,RV,0.29009768,0.70990235
R29C33_S513.1,RV,0.29009768,0.70990235
R29C34_S514,RV,0.277154,0.72284603
R29C34_S514.1,RV,0.277154,0.72284603
R29C38_S515,RV,0.20805313,0.7919469
R29C38_S515.1,RV,0.20805313,0.7919469
R29C39_S516,RV,0.17681175,0.8231882
R29C39_S516.1,RV,0.17681175,0.8231882
R29C43_S517,RV,0.15545517,0.8445448
R29C43_S517.1,RV,0.15545517,0.8445448
R29C48_S519,RV,0.13214025,0.8678597
R29C48_S519.1,RV,0.13214025,0.8678597
R29C5_S502,RV,0.20391642,0.79608357
R29C5_S502.1,RV,0.20391642,0.79608357
R29C62_S522,RV,0.14758548,0.85241455
R29C62_S522.1,RV,0.14758548,0.85241455
R29C63_S523,RV,0.24488933,0.7551106
R29C63_S523.1,RV,0.24488933,0.7551106
R29C69_S524,RV,0.30125728,0.69874275
R29C69_S524.1,RV,0.30125728,0.69874275
R29C7_S503,RV,0.10648748,0.8935125
R29C7_S503.1,RV,0.10648748,0.8935125
R2C0_S38,RV,0.10933086,0.89066917
R2C0_S38.1,RV,0.10933086,0.89066917
R2C10_S43,RV,0.13076991,0.86923015
R2C10_S43.1,RV,0.13076991,0.86923015
R2C18_S44,RV,0.1459517,0.8540484
R2C18_S44.1,RV,0.1459517,0.8540484
R2C30_S45,RV,0.08495359,0.9150464
R2C30_S45.1,RV,0.08495359,0.9150464
R2C34_S46,RV,0.13778928,0.8622107
R2C34_S46.1,RV,0.13778928,0.8622107
R2C4_S40,RV,0.30743623,0.6925638
R2C4_S40.1,RV,0.30743623,0.6925638
R2C40_S47,RV,0.2343628,0.7656372
R2C40_S47.1,RV,0.2343628,0.7656372
R2C43_S48,RV,0.20143482,0.7985652
R2C43_S48.1,RV,0.20143482,0.7985652
R2C46_S49,RV,0.22135894,0.7786411
R2C46_S49.1,RV,0.22135894,0.7786411
R2C5_S41,RV,0.19424903,0.80575097
R2C5_S41.1,RV,0.19424903,0.80575097
R2C53_S50,RV,0.291861,0.70813906
R2C53_S50.1,RV,0.291861,0.70813906
R2C55_S51,RV,0.047738258,0.95226175
R2C55_S51.1,RV,0.047738258,0.95226175
R2C59_S52,RV,0.23180403,0.768196
R2C59_S52.1,RV,0.23180403,0.768196
R2C64_S54,RV,0.13629392,0.8637061
R2C64_S54.1,RV,0.13629392,0.8637061
R2C65_S55,RV,0.082527585,0.9174724
R2C65_S55.1,RV,0.082527585,0.9174724
R2C67_S56,RV,0.15938191,0.84061813
R2C67_S56.1,RV,0.15938191,0.84061813
R30C0_S526,RV,0.23232278,0.76767725
R30C0_S526.1,RV,0.23232278,0.76767725
R30C14_S529,RV,0.15700684,0.84299314
R30C14_S529.1,RV,0.15700684,0.84299314
R30C15_S530,RV,0.19177032,0.8082297
R30C15_S530.1,RV,0.19177032,0.8082297
R30C16_S531,RV,0.19107677,0.8089232
R30C16_S531.1,RV,0.19107677,0.8089232
R30C19_S532,RV,0.25326997,0.74672997
R30C19_S532.1,RV,0.25326997,0.74672997
R30C22_S533,RV,0.2391667,0.76083326
R30C22_S533.1,RV,0.2391667,0.76083326
R30C26_S534,RV,0.14418471,0.8558153
R30C26_S534.1,RV,0.14418471,0.8558153
R30C27_S535,RV,0.15442102,0.845579
R30C27_S535.1,RV,0.15442102,0.845579
R30C3_S527,RV,0.30985698,0.690143
R30C3_S527.1,RV,0.30985698,0.690143
R30C30_S538,RV,0.12744811,0.87255186
R30C30_S538.1,RV,0.12744811,0.87255186
R30C36_S540,RV,0.3227445,0.6772555
R30C36_S540.1,RV,0.3227445,0.6772555
R30C39_S541,RV,0.21764408,0.7823559
R30C39_S541.1,RV,0.21764408,0.7823559
R30C42_S542,RV,0.12730142,0.87269855
R30C42_S542.1,RV,0.12730142,0.87269855
R30C44_S543,RV,0.40392727,0.59607273
R30C44_S543.1,RV,0.40392727,0.59607273
R30C46_S544,RV,0.12100395,0.878996
R30C46_S544.1,RV,0.12100395,0.878996
R30C51_S545,RV,0.20390515,0.7960949
R30C51_S545.1,RV,0.20390515,0.7960949
R30C54_S547,RV,0.17406708,0.82593286
R30C54_S547.1,RV,0.17406708,0.82593286
R30C57_S548,RV,0.30222788,0.69777215
R30C57_S548.1,RV,0.30222788,0.69777215
R30C62_S549,RV,0.18471038,0.8152896
R30C62_S549.1,RV,0.18471038,0.8152896
R30C66_S551,RV,0.20811339,0.79188657
R30C66_S551.1,RV,0.20811339,0.79188657
R30C67_S552,RV,0.2007145,0.7992855
R30C67_S552.1,RV,0.2007145,0.7992855
R30C9_S528,RV,0.13379587,0.8662041
R30C9_S528.1,RV,0.13379587,0.8662041
R31C1_S554,RV,0.21426639,0.7857336
R31C1_S554.1,RV,0.21426639,0.7857336
R31C10_S560,RV,0.37808967,0.62191033
R31C10_S560.1,RV,0.37808967,0.62191033
R31C16_S562,RV,0.12715739,0.87284255
R31C16_S562.1,RV,0.12715739,0.87284255
R31C17_S563,RV,0.20026205,0.79973793
R31C17_S563.1,RV,0.20026205,0.79973793
R31C22_S565,RV,0.110396795,0.88960326
R31C22_S565.1,RV,0.110396795,0.88960326
R31C25_S566,RV,0.15903078,0.8409692
R31C25_S566.1,RV,0.15903078,0.8409692
R31C29_S568,RV,0.12939002,0.87061006
R31C29_S568.1,RV,0.12939002,0.87061006
R31C3_S556,RV,0.2623944,0.7376056
R31C3_S556.1,RV,0.2623944,0.7376056
R31C35_S570,RV,0.17727236,0.8227276
R31C35_S570.1,RV,0.17727236,0.8227276
R31C36_S571,RV,0.10199149,0.89800847
R31C36_S571.1,RV,0.10199149,0.89800847
R31C37_S572,RV,0.12396022,0.87603974
R31C37_S572.1,RV,0.12396022,0.87603974
R31C40_S574,RV,0.35417873,0.6458212
R31C40_S574.1,RV,0.35417873,0.6458212
R31C41_S575,RV,0.081135705,0.9188643
R31C41_S575.1,RV,0.081135705,0.9188643
R31C43_S576,RV,0.23075263,0.76924735
R31C43_S576.1,RV,0.23075263,0.76924735
R31C5_S557,RV,0.24124412,0.7587559
R31C5_S557.1,RV,0.24124412,0.7587559
R31C56_S579,RV,0.24997139,0.7500286
R31C56_S579.1,RV,0.24997139,0.7500286
R31C61_S581,RV,0.19446285,0.80553716
R31C61_S581.1,RV,0.19446285,0.80553716
R31C70_S584,RV,0.34339803,0.65660197
R31C70_S584.1,RV,0.34339803,0.65660197
R31C8_S558,RV,0.25735965,0.7426403
R31C8_S558.1,RV,0.25735965,0.7426403
R32C17_S586,RV,0.2633659,0.73663414
R32C17_S586.1,RV,0.2633659,0.73663414
R32C22_S587,RV,0.35122657,0.64877343
R32C22_S587.1,RV,0.35122657,0.64877343
R32C24_S589,RV,0.17310674,0.82689327
R32C24_S589.1,RV,0.17310674,0.82689327
R32C25_S590,RV,0.18215355,0.8178464
R32C25_S590.1,RV,0.18215355,0.8178464
R32C30_S591,RV,0.13882366,0.8611763
R32C30_S591.1,RV,0.13882366,0.8611763
R32C43_S592,RV,0.24520223,0.75479776
R32C43_S592.1,RV,0.24520223,0.75479776
R32C53_S593,RV,0.07593187,0.9240681
R32C53_S593.1,RV,0.07593187,0.9240681
R32C60_S594,RV,0.14479646,0.85520357
R32C60_S594.1,RV,0.14479646,0.85520357
R32C64_S595,RV,0.18493629,0.8150637
R32C64_S595.1,RV,0.18493629,0.8150637
R32C65_S596,RV,0.46782184,0.53217816
R32C65_S596.1,RV,0.46782184,0.53217816
R32C7_S585,LV,0.5766126,0.4233874
R32C7_S585.1,LV,0.5766126,0.4233874
R33C0_S599,RV,0.16239057,0.8376094
R33C0_S599.1,RV,0.16239057,0.8376094
R33C29_S603,RV,0.15273525,0.8472647
R33C29_S603.1,RV,0.15273525,0.8472647
R33C33_S604,RV,0.19235091,0.80764914
R33C33_S604.1,RV,0.19235091,0.80764914
R33C4_S600,RV,0.23080607,0.769194
R33C4_S600.1,RV,0.23080607,0.769194
R33C40_S605,RV,0.17174235,0.8282576
R33C40_S605.1,RV,0.17174235,0.8282576
R33C46_S606,RV,0.13822694,0.861773
R33C46_S606.1,RV,0.13822694,0.861773
R33C51_S607,RV,0.12306998,0.87693
R33C51_S607.1,RV,0.12306998,0.87693
R33C52_S608,RV,0.16218615,0.83781385
R33C52_S608.1,RV,0.16218615,0.83781385
R33C55_S609,RV,0.15564473,0.8443553
R33C55_S609.1,RV,0.15564473,0.8443553
R33C62_S610,RV,0.20603286,0.7939672
R33C62_S610.1,RV,0.20603286,0.7939672
R33C64_S611,RV,0.077081375,0.9229187
R33C64_S611.1,RV,0.077081375,0.9229187
R33C66_S613,RV,0.1201202,0.87987983
R33C66_S613.1,RV,0.1201202,0.87987983
R33C69_S614,RV,0.10827037,0.89172965
R33C69_S614.1,RV,0.10827037,0.89172965
R34C11_S618,RV,0.33799797,0.662002
R34C11_S618.1,RV,0.33799797,0.662002
R34C14_S619,RV,0.17539975,0.8246002
R34C14_S619.1,RV,0.17539975,0.8246002
R34C15_S620,RV,0.23852056,0.76147944
R34C15_S620.1,RV,0.23852056,0.76147944
R34C16_S621,RV,0.19068024,0.80931973
R34C16_S621.1,RV,0.19068024,0.80931973
R34C18_S622,RV,0.20730734,0.79269266
R34C18_S622.1,RV,0.20730734,0.79269266
R34C20_S623,RV,0.11820514,0.88179487
R34C20_S623.1,RV,0.11820514,0.88179487
R34C30_S624,RV,0.41495627,0.5850438
R34C30_S624.1,RV,0.41495627,0.5850438
R34C34_S625,RV,0.12630211,0.87369794
R34C34_S625.1,RV,0.12630211,0.87369794
R34C38_S626,RV,0.11431005,0.88569
R34C38_S626.1,RV,0.11431005,0.88569
R34C4_S616,RV,0.12927307,0.87072694
R34C4_S616.1,RV,0.12927307,0.87072694
R34C41_S627,RV,0.2854489,0.71455115
R34C41_S627.1,RV,0.2854489,0.71455115
R34C44_S628,RV,0.15367438,0.84632564
R34C44_S628.1,RV,0.15367438,0.84632564
R34C46_S629,RV,0.1701124,0.82988757
R34C46_S629.1,RV,0.1701124,0.82988757
R34C5_S617,RV,0.17297685,0.82702315
R34C5_S617.1,RV,0.17297685,0.82702315
R34C50_S630,RV,0.12560964,0.87439036
R34C50_S630.1,RV,0.12560964,0.87439036
R34C53_S632,RV,0.22557068,0.7744294
R34C53_S632.1,RV,0.22557068,0.7744294
R34C55_S633,RV,0.34101465,0.6589853
R34C55_S633.1,RV,0.34101465,0.6589853
R34C57_S634,RV,0.2982527,0.7017473
R34C57_S634.1,RV,0.2982527,0.7017473
R34C63_S635,RV,0.1724407,0.8275593
R34C63_S635.1,RV,0.1724407,0.8275593
R34C65_S636,RV,0.3841044,0.6158956
R34C65_S636.1,RV,0.3841044,0.6158956
R35C16_S638,RV,0.3993264,0.60067356
R35C16_S638.1,RV,0.3993264,0.60067356
R35C18_S639,RV,0.3156243,0.6843757
R35C18_S639.1,RV,0.3156243,0.6843757
R35C23_S641,RV,0.15413561,0.8458644
R35C23_S641.1,RV,0.15413561,0.8458644
R35C25_S642,RV,0.24545297,0.75454706
R35C25_S642.1,RV,0.24545297,0.75454706
R35C3_S637,RV,0.12336166,0.8766383
R35C3_S637.1,RV,0.12336166,0.8766383
R35C31_S644,RV,0.33310163,0.66689837
R35C31_S644.1,RV,0.33310163,0.66689837
R35C41_S645,RV,0.16503291,0.8349671
R35C41_S645.1,RV,0.16503291,0.8349671
R35C50_S646,RV,0.15827958,0.84172046
R35C50_S646.1,RV,0.15827958,0.84172046
R35C53_S647,RV,0.24907073,0.75092924
R35C53_S647.1,RV,0.24907073,0.75092924
R35C58_S648,RV,0.20822954,0.7917704
R35C58_S648.1,RV,0.20822954,0.7917704
R35C61_S651,RV,0.22811687,0.77188313
R35C61_S651.1,RV,0.22811687,0.77188313
R35C66_S652,RV,0.20422529,0.7957747
R35C66_S652.1,RV,0.20422529,0.7957747
R35C67_S653,RV,0.23893575,0.76106423
R35C67_S653.1,RV,0.23893575,0.76106423
R36C11_S656,RV,0.095497765,0.9045023
R36C11_S656.1,RV,0.095497765,0.9045023
R36C21_S658,RV,0.18805827,0.81194174
R36C21_S658.1,RV,0.18805827,0.81194174
R36C23_S659,RV,0.4684993,0.53150064
R36C23_S659.1,RV,0.4684993,0.53150064
R36C24_S660,RV,0.27617934,0.7238206
R36C24_S660.1,RV,0.27617934,0.7238206
R36C25_S661,RV,0.14599317,0.8540069
R36C25_S661.1,RV,0.14599317,0.8540069
R36C26_S662,RV,0.20002642,0.7999736
R36C26_S662.1,RV,0.20002642,0.7999736
R36C27_S663,RV,0.21868107,0.7813189
R36C27_S663.1,RV,0.21868107,0.7813189
R36C32_S664,RV,0.32823828,0.67176175
R36C32_S664.1,RV,0.32823828,0.67176175
R36C39_S667,RV,0.1635514,0.83644855
R36C39_S667.1,RV,0.1635514,0.83644855
R36C4_S654,RV,0.18838078,0.8116192
R36C4_S654.1,RV,0.18838078,0.8116192
R36C51_S668,RV,0.25547644,0.7445236
R36C51_S668.1,RV,0.25547644,0.7445236
R36C55_S670,RV,0.20251036,0.79748964
R36C55_S670.1,RV,0.20251036,0.79748964
R36C60_S672,LV,0.5194997,0.48050028
R36C60_S672.1,LV,0.5194997,0.48050028
R36C69_S674,RV,0.15280809,0.84719193
R36C69_S674.1,RV,0.15280809,0.84719193
R36C7_S655,RV,0.30795807,0.6920419
R36C7_S655.1,RV,0.30795807,0.6920419
R36C70_S675,RV,0.10025043,0.8997496
R36C70_S675.1,RV,0.10025043,0.8997496
R37C10_S676,RV,0.08292273,0.9170773
R37C10_S676.1,RV,0.08292273,0.9170773
R37C25_S678,RV,0.27982223,0.7201778
R37C25_S678.1,RV,0.27982223,0.7201778
R37C33_S681,RV,0.245246,0.754754
R37C33_S681.1,RV,0.245246,0.754754
R37C36_S682,RV,0.12748702,0.872513
R37C36_S682.1,RV,0.12748702,0.872513
R37C50_S686,RV,0.2580443,0.74195576
R37C50_S686.1,RV,0.2580443,0.74195576
R37C53_S687,RV,0.19156139,0.8084386
R37C53_S687.1,RV,0.19156139,0.8084386
R37C56_S688,RV,0.20872204,0.79127795
R37C56_S688.1,RV,0.20872204,0.79127795
R37C61_S690,RV,0.22796808,0.77203196
R37C61_S690.1,RV,0.22796808,0.77203196
R38C31_S693,RV,0.14152576,0.8584742
R38C31_S693.1,RV,0.14152576,0.8584742
R38C34_S694,RV,0.207651,0.792349
R38C34_S694.1,RV,0.207651,0.792349
R38C36_S695,RV,0.049141247,0.9508588
R38C36_S695.1,RV,0.049141247,0.9508588
R38C37_S696,RV,0.12816377,0.87183625
R38C37_S696.1,RV,0.12816377,0.87183625
R38C46_S698,RV,0.1699292,0.83007085
R38C46_S698.1,RV,0.1699292,0.83007085
R38C49_S699,RV,0.082664825,0.91733515
R38C49_S699.1,RV,0.082664825,0.91733515
R38C53_S700,RV,0.100597955,0.8994021
R38C53_S700.1,RV,0.100597955,0.8994021
R38C58_S701,RV,0.15013497,0.849865
R38C58_S701.1,RV,0.15013497,0.849865
R38C59_S702,RV,0.16400172,0.83599824
R38C59_S702.1,RV,0.16400172,0.83599824
R38C64_S704,RV,0.09449955,0.9055005
R38C64_S704.1,RV,0.09449955,0.9055005
R38C65_S705,RV,0.17990057,0.8200994
R38C65_S705.1,RV,0.17990057,0.8200994
R38C70_S706,RV,0.10871577,0.89128417
R38C70_S706.1,RV,0.10871577,0.89128417
R39C23_S708,RV,0.14758806,0.8524119
R39C23_S708.1,RV,0.14758806,0.8524119
R39C24_S709,RV,0.14065585,0.8593441
R39C24_S709.1,RV,0.14065585,0.8593441
R39C25_S710,RV,0.11700769,0.8829923
R39C25_S710.1,RV,0.11700769,0.8829923
R39C30_S712,RV,0.10446109,0.8955389
R39C30_S712.1,RV,0.10446109,0.8955389
R39C35_S713,RV,0.18246122,0.81753874
R39C35_S713.1,RV,0.18246122,0.81753874
R39C36_S714,RV,0.25646663,0.7435334
R39C36_S714.1,RV,0.25646663,0.7435334
R39C37_S715,RV,0.13390984,0.8660902
R39C37_S715.1,RV,0.13390984,0.8660902
R39C4_S707,RV,0.22454564,0.7754544
R39C4_S707.1,RV,0.22454564,0.7754544
R39C40_S716,RV,0.3417721,0.6582279
R39C40_S716.1,RV,0.3417721,0.6582279
R39C42_S717,RV,0.2737681,0.72623193
R39C42_S717.1,RV,0.2737681,0.72623193
R39C45_S718,RV,0.44189322,0.5581068
R39C45_S718.1,RV,0.44189322,0.5581068
R39C61_S720,RV,0.18563755,0.81436247
R39C61_S720.1,RV,0.18563755,0.81436247
R39C69_S721,RV,0.24617666,0.75382334
R39C69_S721.1,RV,0.24617666,0.75382334
R3C1_S57,RV,0.2656039,0.7343961
R3C1_S57.1,RV,0.2656039,0.7343961
R3C11_S62,RV,0.061711773,0.9382882
R3C11_S62.1,RV,0.061711773,0.9382882
R3C12_S63,RV,0.20327629,0.79672366
R3C12_S63.1,RV,0.20327629,0.79672366
R3C3_S58,RV,0.4359288,0.56407124
R3C3_S58.1,RV,0.4359288,0.56407124
R3C36_S66,RV,0.28947824,0.71052176
R3C36_S66.1,RV,0.28947824,0.71052176
R3C4_S59,RV,0.23442753,0.7655725
R3C4_S59.1,RV,0.23442753,0.7655725
R3C47_S67,RV,0.09354152,0.9064585
R3C47_S67.1,RV,0.09354152,0.9064585
R3C49_S68,RV,0.3828785,0.6171215
R3C49_S68.1,RV,0.3828785,0.6171215
R3C5_S60,RV,0.18459204,0.81540793
R3C5_S60.1,RV,0.18459204,0.81540793
R3C56_S70,RV,0.09116849,0.90883154
R3C56_S70.1,RV,0.09116849,0.90883154
R3C58_S71,RV,0.349052,0.650948
R3C58_S71.1,RV,0.349052,0.650948
R3C60_S72,RV,0.09511015,0.9048899
R3C60_S72.1,RV,0.09511015,0.9048899
R3C62_S73,RV,0.07098236,0.9290176
R3C62_S73.1,RV,0.07098236,0.9290176
R3C63_S74,RV,0.13421893,0.86578107
R3C63_S74.1,RV,0.13421893,0.86578107
R3C64_S75,RV,0.19776016,0.80223984
R3C64_S75.1,RV,0.19776016,0.80223984
R3C71_S76,RV,0.13287292,0.86712706
R3C71_S76.1,RV,0.13287292,0.86712706
R3C8_S61,RV,0.15918112,0.8408189
R3C8_S61.1,RV,0.15918112,0.8408189
R40C22_S729,RV,0.1080999,0.8919001
R40C22_S729.1,RV,0.1080999,0.8919001
R40C25_S730,RV,0.113778375,0.88622165
R40C25_S730.1,RV,0.113778375,0.88622165
R40C3_S723,RV,0.23268385,0.76731616
R40C3_S723.1,RV,0.23268385,0.76731616
R40C37_S733,RV,0.14317279,0.8568272
R40C37_S733.1,RV,0.14317279,0.8568272
R40C39_S735,RV,0.19949748,0.80050254
R40C39_S735.1,RV,0.19949748,0.80050254
R40C60_S739,RV,0.12612051,0.8738795
R40C60_S739.1,RV,0.12612051,0.8738795
R40C65_S741,RV,0.14387563,0.8561244
R40C65_S741.1,RV,0.14387563,0.8561244
R40C8_S724,RV,0.19427796,0.805722
R40C8_S724.1,RV,0.19427796,0.805722
R41C13_S745,RV,0.18004973,0.8199503
R41C13_S745.1,RV,0.18004973,0.8199503
R41C19_S746,RV,0.088166855,0.91183317
R41C19_S746.1,RV,0.088166855,0.91183317
R41C23_S747,RV,0.2271242,0.7728758
R41C23_S747.1,RV,0.2271242,0.7728758
R41C26_S749,RV,0.14905366,0.8509463
R41C26_S749.1,RV,0.14905366,0.8509463
R41C31_S750,RV,0.070282094,0.92971784
R41C31_S750.1,RV,0.070282094,0.92971784
R41C35_S751,RV,0.10942946,0.8905705
R41C35_S751.1,RV,0.10942946,0.8905705
R41C36_S752,RV,0.09003024,0.90996975
R41C36_S752.1,RV,0.09003024,0.90996975
R41C40_S753,RV,0.1851077,0.8148923
R41C40_S753.1,RV,0.1851077,0.8148923
R41C41_S754,RV,0.17680159,0.8231984
R41C41_S754.1,RV,0.17680159,0.8231984
R41C46_S755,RV,0.26494685,0.7350531
R41C46_S755.1,RV,0.26494685,0.7350531
R41C48_S756,RV,0.08994037,0.9100597
R41C48_S756.1,RV,0.08994037,0.9100597
R41C56_S757,RV,0.24979377,0.75020623
R41C56_S757.1,RV,0.24979377,0.75020623
R41C6_S744,RV,0.1197072,0.88029283
R41C6_S744.1,RV,0.1197072,0.88029283
R41C61_S758,RV,0.18415843,0.81584156
R41C61_S758.1,RV,0.18415843,0.81584156
R42C21_S763,RV,0.099955656,0.9000444
R42C21_S763.1,RV,0.099955656,0.9000444
R42C26_S764,RV,0.21957803,0.78042203
R42C26_S764.1,RV,0.21957803,0.78042203
R42C29_S765,RV,0.0711801,0.9288199
R42C29_S765.1,RV,0.0711801,0.9288199
R42C3_S761,RV,0.1850243,0.8149757
R42C3_S761.1,RV,0.1850243,0.8149757
R42C30_S766,RV,0.13086362,0.8691364
R42C30_S766.1,RV,0.13086362,0.8691364
R42C37_S768,RV,0.2464906,0.7535094
R42C37_S768.1,RV,0.2464906,0.7535094
R42C41_S769,RV,0.19051723,0.8094828
R42C41_S769.1,RV,0.19051723,0.8094828
R42C45_S771,RV,0.2041941,0.7958059
R42C45_S771.1,RV,0.2041941,0.7958059
R42C46_S772,RV,0.40838674,0.59161323
R42C46_S772.1,RV,0.40838674,0.59161323
R42C47_S773,RV,0.1642794,0.8357206
R42C47_S773.1,RV,0.1642794,0.8357206
R42C49_S774,RV,0.10696424,0.89303577
R42C49_S774.1,RV,0.10696424,0.89303577
R42C63_S775,RV,0.24644959,0.7535504
R42C63_S775.1,RV,0.24644959,0.7535504
R42C69_S777,RV,0.08095461,0.9190454
R42C69_S777.1,RV,0.08095461,0.9190454
R42C7_S762,RV,0.110926874,0.88907313
R42C7_S762.1,RV,0.110926874,0.88907313
R43C1_S779,RV,0.3614004,0.6385996
R43C1_S779.1,RV,0.3614004,0.6385996
R43C14_S783,RV,0.25719216,0.74280787
R43C14_S783.1,RV,0.25719216,0.74280787
R43C16_S784,RV,0.16118295,0.838817
R43C16_S784.1,RV,0.16118295,0.838817
R43C20_S785,RV,0.23918109,0.7608189
R43C20_S785.1,RV,0.23918109,0.7608189
R43C24_S786,RV,0.33434695,0.66565305
R43C24_S786.1,RV,0.33434695,0.66565305
R43C38_S788,RV,0.13295723,0.86704284
R43C38_S788.1,RV,0.13295723,0.86704284
R43C4_S780,RV,0.14614163,0.8538583
R43C4_S780.1,RV,0.14614163,0.8538583
R43C42_S789,RV,0.1034577,0.89654225
R43C42_S789.1,RV,0.1034577,0.89654225
R43C45_S790,RV,0.16762188,0.83237815
R43C45_S790.1,RV,0.16762188,0.83237815
R43C48_S791,RV,0.17292422,0.8270758
R43C48_S791.1,RV,0.17292422,0.8270758
R43C50_S793,RV,0.19832109,0.80167896
R43C50_S793.1,RV,0.19832109,0.80167896
R43C63_S795,RV,0.29806158,0.70193845
R43C63_S795.1,RV,0.29806158,0.70193845
R43C66_S796,RV,0.29890713,0.70109284
R43C66_S796.1,RV,0.29890713,0.70109284
R43C7_S782,RV,0.22095403,0.77904594
R43C7_S782.1,RV,0.22095403,0.77904594
R43C71_S798,RV,0.15232006,0.8476799
R43C71_S798.1,RV,0.15232006,0.8476799
R44C0_S799,RV,0.16860634,0.83139366
R44C0_S799.1,RV,0.16860634,0.83139366
R44C30_S801,RV,0.24574874,0.7542513
R44C30_S801.1,RV,0.24574874,0.7542513
R44C35_S802,RV,0.17092112,0.8290789
R44C35_S802.1,RV,0.17092112,0.8290789
R44C59_S807,RV,0.21558014,0.7844199
R44C59_S807.1,RV,0.21558014,0.7844199
R45C18_S810,RV,0.07661148,0.92338854
R45C18_S810.1,RV,0.07661148,0.92338854
R45C29_S811,RV,0.25397828,0.7460217
R45C29_S811.1,RV,0.25397828,0.7460217
R45C46_S816,RV,0.49663576,0.50336426
R45C46_S816.1,RV,0.49663576,0.50336426
R45C47_S817,LV,0.5468043,0.45319572
R45C47_S817.1,LV,0.5468043,0.45319572
R45C58_S819,RV,0.22826438,0.7717356
R45C58_S819.1,RV,0.22826438,0.7717356
R45C63_S820,RV,0.23521115,0.76478887
R45C63_S820.1,RV,0.23521115,0.76478887
R45C64_S821,RV,0.1204281,0.87957186
R45C64_S821.1,RV,0.1204281,0.87957186
R45C70_S822,RV,0.12433125,0.87566876
R45C70_S822.1,RV,0.12433125,0.87566876
R46C13_S823,RV,0.27771026,0.72228974
R46C13_S823.1,RV,0.27771026,0.72228974
R46C17_S824,RV,0.2571287,0.74287134
R46C17_S824.1,RV,0.2571287,0.74287134
R46C32_S828,RV,0.06651315,0.9334869
R46C32_S828.1,RV,0.06651315,0.9334869
R46C39_S830,RV,0.44601306,0.55398697
R46C39_S830.1,RV,0.44601306,0.55398697
R46C40_S831,RV,0.20078577,0.79921424
R46C40_S831.1,RV,0.20078577,0.79921424
R46C43_S833,RV,0.21220593,0.7877941
R46C43_S833.1,RV,0.21220593,0.7877941
R46C45_S834,RV,0.14154886,0.8584512
R46C45_S834.1,RV,0.14154886,0.8584512
R46C48_S835,RV,0.19239102,0.807609
R46C48_S835.1,RV,0.19239102,0.807609
R46C52_S836,RV,0.29418057,0.7058195
R46C52_S836.1,RV,0.29418057,0.7058195
R46C61_S837,RV,0.17294869,0.82705134
R46C61_S837.1,RV,0.17294869,0.82705134
R46C71_S841,RV,0.12065202,0.879348
R46C71_S841.1,RV,0.12065202,0.879348
R47C12_S842,RV,0.09421336,0.90578663
R47C12_S842.1,RV,0.09421336,0.90578663
R47C16_S844,RV,0.2939554,0.7060446
R47C16_S844.1,RV,0.2939554,0.7060446
R47C18_S845,RV,0.10543167,0.8945683
R47C18_S845.1,RV,0.10543167,0.8945683
R47C19_S846,RV,0.14357762,0.8564224
R47C19_S846.1,RV,0.14357762,0.8564224
R47C25_S848,RV,0.23007537,0.7699247
R47C25_S848.1,RV,0.23007537,0.7699247
R47C28_S849,RV,0.42531258,0.5746874
R47C28_S849.1,RV,0.42531258,0.5746874
R47C32_S850,RV,0.30413777,0.69586223
R47C32_S850.1,RV,0.30413777,0.69586223
R47C36_S851,RV,0.1346765,0.86532354
R47C36_S851.1,RV,0.1346765,0.86532354
R47C37_S852,RV,0.29495287,0.70504713
R47C37_S852.1,RV,0.29495287,0.70504713
R47C42_S854,RV,0.218761,0.781239
R47C42_S854.1,RV,0.218761,0.781239
R47C46_S855,RV,0.1197574,0.8802426
R47C46_S855.1,RV,0.1197574,0.8802426
R47C47_S856,RV,0.1969279,0.80307204
R47C47_S856.1,RV,0.1969279,0.80307204
R47C58_S859,RV,0.10502432,0.89497566
R47C58_S859.1,RV,0.10502432,0.89497566
R47C59_S860,RV,0.31866089,0.68133914
R47C59_S860.1,RV,0.31866089,0.68133914
R47C68_S864,RV,0.11689407,0.88310593
R47C68_S864.1,RV,0.11689407,0.88310593
R48C12_S866,RV,0.091167346,0.90883267
R48C12_S866.1,RV,0.091167346,0.90883267
R48C24_S867,RV,0.4196014,0.5803986
R48C24_S867.1,RV,0.4196014,0.5803986
R48C25_S868,RV,0.25912413,0.7408759
R48C25_S868.1,RV,0.25912413,0.7408759
R48C26_S869,RV,0.30496874,0.6950312
R48C26_S869.1,RV,0.30496874,0.6950312
R48C27_S870,RV,0.16946505,0.83053493
R48C27_S870.1,RV,0.16946505,0.83053493
R48C34_S872,RV,0.20903914,0.79096085
R48C34_S872.1,RV,0.20903914,0.79096085
R48C36_S873,RV,0.20318289,0.79681706
R48C36_S873.1,RV,0.20318289,0.79681706
R48C40_S874,RV,0.23007885,0.7699211
R48C40_S874.1,RV,0.23007885,0.7699211
R48C41_S875,RV,0.08176657,0.91823345
R48C41_S875.1,RV,0.08176657,0.91823345
R48C50_S877,RV,0.16397314,0.83602685
R48C50_S877.1,RV,0.16397314,0.83602685
R48C51_S878,RV,0.07158884,0.9284112
R48C51_S878.1,RV,0.07158884,0.9284112
R48C54_S879,RV,0.097141266,0.9028588
R48C54_S879.1,RV,0.097141266,0.9028588
R48C58_S880,RV,0.04888453,0.9511154
R48C58_S880.1,RV,0.04888453,0.9511154
R48C6_S865,RV,0.04366377,0.9563362
R48C6_S865.1,RV,0.04366377,0.9563362
R48C65_S882,RV,0.16604142,0.83395857
R48C65_S882.1,RV,0.16604142,0.83395857
R48C70_S885,RV,0.1244782,0.8755218
R48C70_S885.1,RV,0.1244782,0.8755218
R49C19_S891,RV,0.11782725,0.88217276
R49C19_S891.1,RV,0.11782725,0.88217276
R49C22_S893,RV,0.090853296,0.90914667
R49C22_S893.1,RV,0.090853296,0.90914667
R49C29_S895,RV,0.11163673,0.88836324
R49C29_S895.1,RV,0.11163673,0.88836324
R49C42_S900,RV,0.3441101,0.65588987
R49C42_S900.1,RV,0.3441101,0.65588987
R49C46_S902,RV,0.11665785,0.8833421
R49C46_S902.1,RV,0.11665785,0.8833421
R49C48_S904,RV,0.22597463,0.7740253
R49C48_S904.1,RV,0.22597463,0.7740253
R49C52_S906,RV,0.3664316,0.6335684
R49C52_S906.1,RV,0.3664316,0.6335684
R49C54_S907,RV,0.06878953,0.9312104
R49C54_S907.1,RV,0.06878953,0.9312104
R49C56_S908,RV,0.0631612,0.93683875
R49C56_S908.1,RV,0.0631612,0.93683875
R49C65_S911,RV,0.18176046,0.8182395
R49C65_S911.1,RV,0.18176046,0.8182395
R49C67_S912,RV,0.15201265,0.84798735
R49C67_S912.1,RV,0.15201265,0.84798735
R49C68_S913,RV,0.072189294,0.92781067
R49C68_S913.1,RV,0.072189294,0.92781067
R49C8_S888,RV,0.057316303,0.94268364
R49C8_S888.1,RV,0.057316303,0.94268364
R4C1_S77,RV,0.18909843,0.8109016
R4C1_S77.1,RV,0.18909843,0.8109016
R4C24_S82,RV,0.12911296,0.87088704
R4C24_S82.1,RV,0.12911296,0.87088704
R4C29_S84,RV,0.2605357,0.7394643
R4C29_S84.1,RV,0.2605357,0.7394643
R4C41_S88,RV,0.08796251,0.9120375
R4C41_S88.1,RV,0.08796251,0.9120375
R4C42_S89,RV,0.091863,0.908137
R4C42_S89.1,RV,0.091863,0.908137
R4C44_S90,RV,0.08885936,0.9111407
R4C44_S90.1,RV,0.08885936,0.9111407
R4C47_S92,RV,0.089939825,0.91006017
R4C47_S92.1,RV,0.089939825,0.91006017
R4C49_S93,RV,0.20007636,0.79992366
R4C49_S93.1,RV,0.20007636,0.79992366
R4C59_S98,RV,0.24576814,0.7542319
R4C59_S98.1,RV,0.24576814,0.7542319
R4C63_S100,RV,0.20007735,0.79992265
R4C63_S100.1,RV,0.20007735,0.79992265
R4C8_S78,RV,0.21511535,0.7848847
R4C8_S78.1,RV,0.21511535,0.7848847
R50C17_S915,RV,0.0821275,0.91787255
R50C17_S915.1,RV,0.0821275,0.91787255
R50C30_S916,RV,0.17780337,0.82219666
R50C30_S916.1,RV,0.17780337,0.82219666
R50C36_S917,RV,0.11082939,0.8891706
R50C36_S917.1,RV,0.11082939,0.8891706
R50C42_S918,RV,0.09772015,0.9022799
R50C42_S918.1,RV,0.09772015,0.9022799
R50C53_S919,RV,0.12444161,0.87555844
R50C53_S919.1,RV,0.12444161,0.87555844
R50C66_S920,RV,0.04481899,0.955181
R50C66_S920.1,RV,0.04481899,0.955181
R50C71_S921,RV,0.05437147,0.9456285
R50C71_S921.1,RV,0.05437147,0.9456285
R51C17_S923,RV,0.06860092,0.93139905
R51C17_S923.1,RV,0.06860092,0.93139905
R51C18_S924,RV,0.034522515,0.96547747
R51C18_S924.1,RV,0.034522515,0.96547747
R51C28_S925,RV,0.3202342,0.6797658
R51C28_S925.1,RV,0.3202342,0.6797658
R51C36_S926,RV,0.065743804,0.9342562
R51C36_S926.1,RV,0.065743804,0.9342562
R51C37_S927,RV,0.10422374,0.8957763
R51C37_S927.1,RV,0.10422374,0.8957763
R51C42_S928,RV,0.29558128,0.7044187
R51C42_S928.1,RV,0.29558128,0.7044187
R51C49_S929,RV,0.12748902,0.872511
R51C49_S929.1,RV,0.12748902,0.872511
R51C52_S930,RV,0.230767,0.76923305
R51C52_S930.1,RV,0.230767,0.76923305
R51C53_S931,RV,0.13358356,0.86641645
R51C53_S931.1,RV,0.13358356,0.86641645
R51C59_S933,RV,0.13499162,0.86500835
R51C59_S933.1,RV,0.13499162,0.86500835
R51C64_S934,RV,0.19759883,0.8024012
R51C64_S934.1,RV,0.19759883,0.8024012
R51C65_S935,RV,0.114470065,0.88552994
R51C65_S935.1,RV,0.114470065,0.88552994
R51C66_S936,RV,0.10096557,0.89903444
R51C66_S936.1,RV,0.10096557,0.89903444
R51C71_S937,RV,0.08827014,0.9117299
R51C71_S937.1,RV,0.08827014,0.9117299
R52C17_S942,RV,0.08261976,0.9173803
R52C17_S942.1,RV,0.08261976,0.9173803
R52C19_S943,RV,0.13065103,0.86934894
R52C19_S943.1,RV,0.13065103,0.86934894
R52C21_S944,RV,0.3822486,0.6177514
R52C21_S944.1,RV,0.3822486,0.6177514
R52C24_S945,RV,0.077526964,0.922473
R52C24_S945.1,RV,0.077526964,0.922473
R52C25_S946,RV,0.15073119,0.84926873
R52C25_S946.1,RV,0.15073119,0.84926873
R52C27_S948,RV,0.11228285,0.8877171
R52C27_S948.1,RV,0.11228285,0.8877171
R52C30_S950,RV,0.25657114,0.7434288
R52C30_S950.1,RV,0.25657114,0.7434288
R52C31_S951,RV,0.103251584,0.8967484
R52C31_S951.1,RV,0.103251584,0.8967484
R52C34_S952,RV,0.1771369,0.8228631
R52C34_S952.1,RV,0.1771369,0.8228631
R52C36_S953,RV,0.22905499,0.770945
R52C36_S953.1,RV,0.22905499,0.770945
R52C39_S954,RV,0.15229149,0.8477085
R52C39_S954.1,RV,0.15229149,0.8477085
R52C47_S956,RV,0.14452241,0.8554776
R52C47_S956.1,RV,0.14452241,0.8554776
R52C53_S957,RV,0.12612084,0.87387913
R52C53_S957.1,RV,0.12612084,0.87387913
R52C59_S958,RV,0.081258364,0.91874164
R52C59_S958.1,RV,0.081258364,0.91874164
R52C60_S959,RV,0.056737445,0.9432625
R52C60_S959.1,RV,0.056737445,0.9432625
R52C62_S960,RV,0.19973874,0.80026126
R52C62_S960.1,RV,0.19973874,0.80026126
R52C66_S962,RV,0.227794,0.772206
R52C66_S962.1,RV,0.227794,0.772206
R52C67_S963,RV,0.16088137,0.8391186
R52C67_S963.1,RV,0.16088137,0.8391186
R52C7_S939,RV,0.20324524,0.7967548
R52C7_S939.1,RV,0.20324524,0.7967548
R53C0_S964,RV,0.10879828,0.8912017
R53C0_S964.1,RV,0.10879828,0.8912017
R53C14_S966,RV,0.061532527,0.9384675
R53C14_S966.1,RV,0.061532527,0.9384675
R53C15_S967,RV,0.05157582,0.94842416
R53C15_S967.1,RV,0.05157582,0.94842416
R53C2_S965,RV,0.15664433,0.84335566
R53C2_S965.1,RV,0.15664433,0.84335566
R53C22_S968,RV,0.16545123,0.8345488
R53C22_S968.1,RV,0.16545123,0.8345488
R53C23_S969,RV,0.16747014,0.83252984
R53C23_S969.1,RV,0.16747014,0.83252984
R53C30_S971,RV,0.11487857,0.8851214
R53C30_S971.1,RV,0.11487857,0.8851214
R53C58_S977,RV,0.08625889,0.9137412
R53C58_S977.1,RV,0.08625889,0.9137412
R53C59_S978,RV,0.12323762,0.87676233
R53C59_S978.1,RV,0.12323762,0.87676233
R53C62_S979,RV,0.14298373,0.85701627
R53C62_S979.1,RV,0.14298373,0.85701627
R53C69_S980,RV,0.12486088,0.87513906
R53C69_S980.1,RV,0.12486088,0.87513906
R54C11_S984,RV,0.10657184,0.8934282
R54C11_S984.1,RV,0.10657184,0.8934282
R54C14_S985,RV,0.0738331,0.92616683
R54C14_S985.1,RV,0.0738331,0.92616683
R54C15_S986,RV,0.05967601,0.940324
R54C15_S986.1,RV,0.05967601,0.940324
R54C19_S987,RV,0.12999716,0.8700028
R54C19_S987.1,RV,0.12999716,0.8700028
R54C24_S988,RV,0.1262411,0.8737589
R54C24_S988.1,RV,0.1262411,0.8737589
R54C3_S981,RV,0.24381945,0.7561805
R54C3_S981.1,RV,0.24381945,0.7561805
R54C34_S989,RV,0.06984955,0.9301504
R54C34_S989.1,RV,0.06984955,0.9301504
R54C38_S990,RV,0.118510164,0.8814898
R54C38_S990.1,RV,0.118510164,0.8814898
R54C39_S991,RV,0.2502416,0.74975836
R54C39_S991.1,RV,0.2502416,0.74975836
R54C47_S993,RV,0.049867395,0.95013267
R54C47_S993.1,RV,0.049867395,0.95013267
R54C5_S982,RV,0.10482952,0.8951705
R54C5_S982.1,RV,0.10482952,0.8951705
R54C51_S994,RV,0.18857443,0.8114255
R54C51_S994.1,RV,0.18857443,0.8114255
R54C60_S995,RV,0.16274591,0.8372541
R54C60_S995.1,RV,0.16274591,0.8372541
R54C62_S996,RV,0.08168089,0.9183191
R54C62_S996.1,RV,0.08168089,0.9183191
R54C67_S998,RV,0.35390157,0.64609843
R54C67_S998.1,RV,0.35390157,0.64609843
R55C12_S1002,RV,0.05356642,0.9464336
R55C12_S1002.1,RV,0.05356642,0.9464336
R55C14_S1003,RV,0.082745925,0.9172541
R55C14_S1003.1,RV,0.082745925,0.9172541
R55C17_S1004,RV,0.16462567,0.83537436
R55C17_S1004.1,RV,0.16462567,0.83537436
R55C18_S1005,RV,0.10907208,0.89092785
R55C18_S1005.1,RV,0.10907208,0.89092785
R55C19_S1006,RV,0.073802456,0.9261975
R55C19_S1006.1,RV,0.073802456,0.9261975
R55C38_S1007,RV,0.091078036,0.90892196
R55C38_S1007.1,RV,0.091078036,0.90892196
R55C41_S1009,RV,0.106212996,0.893787
R55C41_S1009.1,RV,0.106212996,0.893787
R55C46_S1010,RV,0.112257406,0.8877426
R55C46_S1010.1,RV,0.112257406,0.8877426
R55C54_S1011,RV,0.24197686,0.75802314
R55C54_S1011.1,RV,0.24197686,0.75802314
R55C61_S1012,RV,0.25631672,0.74368334
R55C61_S1012.1,RV,0.25631672,0.74368334
R55C62_S1013,RV,0.06029581,0.93970424
R55C62_S1013.1,RV,0.06029581,0.93970424
R55C7_S1000,RV,0.10607431,0.8939257
R55C7_S1000.1,RV,0.10607431,0.8939257
R55C70_S1015,RV,0.18198036,0.8180196
R55C70_S1015.1,RV,0.18198036,0.8180196
R55C9_S1001,RV,0.3497076,0.6502924
R55C9_S1001.1,RV,0.3497076,0.6502924
R56C0_S1016,RV,0.23319297,0.766807
R56C0_S1016.1,RV,0.23319297,0.766807
R56C23_S1018,RV,0.10601393,0.89398605
R56C23_S1018.1,RV,0.10601393,0.89398605
R56C5_S1017,RV,0.15440638,0.8455936
R56C5_S1017.1,RV,0.15440638,0.8455936
R56C53_S1020,RV,0.0733821,0.9266179
R56C53_S1020.1,RV,0.0733821,0.9266179
R57C5_S1021,RV,0.06731972,0.93268025
R57C5_S1021.1,RV,0.06731972,0.93268025
R57C56_S1023,RV,0.16262913,0.8373709
R57C56_S1023.1,RV,0.16262913,0.8373709
R57C6_S1022,RV,0.081022464,0.91897756
R57C6_S1022.1,RV,0.081022464,0.91897756
R57C66_S1024,RV,0.12369994,0.87630004
R57C66_S1024.1,RV,0.12369994,0.87630004
R58C1_S1026,RV,0.065300465,0.9346996
R58C1_S1026.1,RV,0.065300465,0.9346996
R58C13_S1031,RV,0.0410709,0.95892906
R58C13_S1031.1,RV,0.0410709,0.95892906
R58C36_S1036,RV,0.14379385,0.8562062
R58C36_S1036.1,RV,0.14379385,0.8562062
R58C47_S1038,RV,0.17396249,0.8260376
R58C47_S1038.1,RV,0.17396249,0.8260376
R58C6_S1028,RV,0.07690381,0.9230962
R58C6_S1028.1,RV,0.07690381,0.9230962
R58C67_S1043,RV,0.24638867,0.7536113
R58C67_S1043.1,RV,0.24638867,0.7536113
R59C13_S1048,RV,0.1672179,0.8327821
R59C13_S1048.1,RV,0.1672179,0.8327821
R59C2_S1045,RV,0.21988124,0.78011876
R59C2_S1045.1,RV,0.21988124,0.78011876
R59C21_S1049,RV,0.048863254,0.95113677
R59C21_S1049.1,RV,0.048863254,0.95113677
R59C37_S1050,RV,0.14389959,0.85610044
R59C37_S1050.1,RV,0.14389959,0.85610044
R59C43_S1051,RV,0.06866602,0.93133396
R59C43_S1051.1,RV,0.06866602,0.93133396
R59C44_S1052,RV,0.09564008,0.9043599
R59C44_S1052.1,RV,0.09564008,0.9043599
R59C54_S1053,RV,0.20633711,0.7936629
R59C54_S1053.1,RV,0.20633711,0.7936629
R59C57_S1054,RV,0.0854401,0.91455996
R59C57_S1054.1,RV,0.0854401,0.91455996
R59C67_S1056,RV,0.20176603,0.798234
R59C67_S1056.1,RV,0.20176603,0.798234
R59C7_S1046,RV,0.16112599,0.838874
R59C7_S1046.1,RV,0.16112599,0.838874
R59C70_S1057,RV,0.1681709,0.8318291
R59C70_S1057.1,RV,0.1681709,0.8318291
R59C8_S1047,RV,0.123097345,0.8769027
R59C8_S1047.1,RV,0.123097345,0.8769027
R5C1_S102,RV,0.12063315,0.8793668
R5C1_S102.1,RV,0.12063315,0.8793668
R5C11_S105,RV,0.08196093,0.9180391
R5C11_S105.1,RV,0.08196093,0.9180391
R5C2_S103,RV,0.23114546,0.7688545
R5C2_S103.1,RV,0.23114546,0.7688545
R5C27_S106,RV,0.14310381,0.8568962
R5C27_S106.1,RV,0.14310381,0.8568962
R5C31_S107,RV,0.26049384,0.7395061
R5C31_S107.1,RV,0.26049384,0.7395061
R5C32_S108,RV,0.22314093,0.77685905
R5C32_S108.1,RV,0.22314093,0.77685905
R5C38_S109,RV,0.16691063,0.83308935
R5C38_S109.1,RV,0.16691063,0.83308935
R5C43_S111,RV,0.05893901,0.94106096
R5C43_S111.1,RV,0.05893901,0.94106096
R5C45_S112,RV,0.38744697,0.612553
R5C45_S112.1,RV,0.38744697,0.612553
R5C52_S113,RV,0.13595392,0.8640461
R5C52_S113.1,RV,0.13595392,0.8640461
R5C56_S114,RV,0.09046079,0.90953916
R5C56_S114.1,RV,0.09046079,0.90953916
R5C59_S115,RV,0.4346383,0.5653617
R5C59_S115.1,RV,0.4346383,0.5653617
R5C6_S104,RV,0.12362209,0.87637794
R5C6_S104.1,RV,0.12362209,0.87637794
R60C0_S1058,RV,0.16711287,0.8328872
R60C0_S1058.1,RV,0.16711287,0.8328872
R60C10_S1061,RV,0.16980226,0.8301977
R60C10_S1061.1,RV,0.16980226,0.8301977
R60C12_S1062,RV,0.09681161,0.9031884
R60C12_S1062.1,RV,0.09681161,0.9031884
R60C14_S1063,RV,0.07340811,0.92659193
R60C14_S1063.1,RV,0.07340811,0.92659193
R60C18_S1064,RV,0.1818535,0.81814647
R60C18_S1064.1,RV,0.1818535,0.81814647
R60C21_S1065,RV,0.24493258,0.7550674
R60C21_S1065.1,RV,0.24493258,0.7550674
R60C24_S1066,RV,0.21150014,0.7884999
R60C24_S1066.1,RV,0.21150014,0.7884999
R60C36_S1067,RV,0.27343193,0.72656804
R60C36_S1067.1,RV,0.27343193,0.72656804
R60C4_S1059,LV,0.5026761,0.4973239
R60C4_S1059.1,LV,0.5026761,0.4973239
R60C41_S1068,RV,0.16798933,0.8320107
R60C41_S1068.1,RV,0.16798933,0.8320107
R60C43_S1069,RV,0.12895219,0.87104785
R60C43_S1069.1,RV,0.12895219,0.87104785
R60C61_S1070,RV,0.06427439,0.9357256
R60C61_S1070.1,RV,0.06427439,0.9357256
R60C63_S1071,RV,0.12616925,0.87383074
R60C63_S1071.1,RV,0.12616925,0.87383074
R60C67_S1072,RV,0.22113511,0.7788649
R60C67_S1072.1,RV,0.22113511,0.7788649
R60C7_S1060,RV,0.0762006,0.92379946
R60C7_S1060.1,RV,0.0762006,0.92379946
R61C1_S1074,RV,0.1529818,0.8470182
R61C1_S1074.1,RV,0.1529818,0.8470182
R61C12_S1078,RV,0.06853674,0.93146324
R61C12_S1078.1,RV,0.06853674,0.93146324
R61C25_S1080,RV,0.27916542,0.72083455
R61C25_S1080.1,RV,0.27916542,0.72083455
R61C37_S1081,RV,0.26307395,0.7369261
R61C37_S1081.1,RV,0.26307395,0.7369261
R61C45_S1082,RV,0.06303679,0.9369632
R61C45_S1082.1,RV,0.06303679,0.9369632
R61C48_S1083,RV,0.09811236,0.9018877
R61C48_S1083.1,RV,0.09811236,0.9018877
R61C5_S1075,RV,0.12816031,0.8718397
R61C5_S1075.1,RV,0.12816031,0.8718397
R61C56_S1084,RV,0.38070545,0.6192946
R61C56_S1084.1,RV,0.38070545,0.6192946
R61C6_S1076,RV,0.14832482,0.8516752
R61C6_S1076.1,RV,0.14832482,0.8516752
R61C60_S1085,RV,0.122915536,0.8770845
R61C60_S1085.1,RV,0.122915536,0.8770845
R61C63_S1087,RV,0.19944748,0.80055255
R61C63_S1087.1,RV,0.19944748,0.80055255
R61C65_S1088,RV,0.12786451,0.87213546
R61C65_S1088.1,RV,0.12786451,0.87213546
R61C67_S1089,RV,0.2867731,0.71322685
R61C67_S1089.1,RV,0.2867731,0.71322685
R61C8_S1077,RV,0.05982226,0.94017774
R61C8_S1077.1,RV,0.05982226,0.94017774
R62C11_S1090,RV,0.058751844,0.9412482
R62C11_S1090.1,RV,0.058751844,0.9412482
R62C12_S1091,RV,0.07893788,0.9210621
R62C12_S1091.1,RV,0.07893788,0.9210621
R62C23_S1092,RV,0.3026426,0.69735736
R62C23_S1092.1,RV,0.3026426,0.69735736
R62C36_S1093,RV,0.048751593,0.9512484
R62C36_S1093.1,RV,0.048751593,0.9512484
R62C47_S1094,RV,0.10317187,0.8968281
R62C47_S1094.1,RV,0.10317187,0.8968281
R63C17_S1101,RV,0.10899269,0.89100724
R63C17_S1101.1,RV,0.10899269,0.89100724
R63C22_S1102,RV,0.076692194,0.92330784
R63C22_S1102.1,RV,0.076692194,0.92330784
R63C29_S1103,RV,0.10142366,0.8985763
R63C29_S1103.1,RV,0.10142366,0.8985763
R63C43_S1105,RV,0.086545154,0.9134548
R63C43_S1105.1,RV,0.086545154,0.9134548
R63C5_S1098,RV,0.09427598,0.905724
R63C5_S1098.1,RV,0.09427598,0.905724
R63C54_S1107,RV,0.2589387,0.74106133
R63C54_S1107.1,RV,0.2589387,0.74106133
R63C55_S1108,RV,0.2930754,0.7069246
R63C55_S1108.1,RV,0.2930754,0.7069246
R63C58_S1109,RV,0.08324763,0.9167524
R63C58_S1109.1,RV,0.08324763,0.9167524
R63C6_S1099,RV,0.0822334,0.91776663
R63C6_S1099.1,RV,0.0822334,0.91776663
R63C65_S1111,RV,0.053793572,0.9462064
R63C65_S1111.1,RV,0.053793572,0.9462064
R64C0_S1113,RV,0.064585224,0.9354148
R64C0_S1113.1,RV,0.064585224,0.9354148
R64C1_S1114,RV,0.069751,0.93024904
R64C1_S1114.1,RV,0.069751,0.93024904
R64C11_S1118,RV,0.087378785,0.9126212
R64C11_S1118.1,RV,0.087378785,0.9126212
R64C19_S1119,RV,0.07244449,0.9275555
R64C19_S1119.1,RV,0.07244449,0.9275555
R64C22_S1120,RV,0.40906233,0.5909376
R64C22_S1120.1,RV,0.40906233,0.5909376
R64C25_S1121,RV,0.08154802,0.918452
R64C25_S1121.1,RV,0.08154802,0.918452
R64C27_S1122,RV,0.17423405,0.82576597
R64C27_S1122.1,RV,0.17423405,0.82576597
R64C32_S1123,RV,0.21105081,0.7889492
R64C32_S1123.1,RV,0.21105081,0.7889492
R64C34_S1125,RV,0.079449445,0.9205505
R64C34_S1125.1,RV,0.079449445,0.9205505
R64C35_S1126,RV,0.13850756,0.86149246
R64C35_S1126.1,RV,0.13850756,0.86149246
R64C38_S1128,RV,0.13448974,0.8655103
R64C38_S1128.1,RV,0.13448974,0.8655103
R64C4_S1115,RV,0.05352997,0.94646996
R64C4_S1115.1,RV,0.05352997,0.94646996
R64C43_S1129,RV,0.22533539,0.77466464
R64C43_S1129.1,RV,0.22533539,0.77466464
R64C59_S1131,RV,0.1260585,0.87394154
R64C59_S1131.1,RV,0.1260585,0.87394154
R64C60_S1132,RV,0.085106045,0.914894
R64C60_S1132.1,RV,0.085106045,0.914894
R64C61_S1133,RV,0.081329025,0.918671
R64C61_S1133.1,RV,0.081329025,0.918671
R64C62_S1134,RV,0.12323956,0.8767604
R64C62_S1134.1,RV,0.12323956,0.8767604
R64C63_S1135,RV,0.12596165,0.8740384
R64C63_S1135.1,RV,0.12596165,0.8740384
R64C69_S1136,RV,0.0928767,0.90712327
R64C69_S1136.1,RV,0.0928767,0.90712327
R64C7_S1116,RV,0.17501165,0.82498837
R64C7_S1116.1,RV,0.17501165,0.82498837
R64C70_S1137,RV,0.12243298,0.87756705
R64C70_S1137.1,RV,0.12243298,0.87756705
R64C9_S1117,RV,0.18479902,0.815201
R64C9_S1117.1,RV,0.18479902,0.815201
R65C12_S1141,RV,0.11678998,0.88321006
R65C12_S1141.1,RV,0.11678998,0.88321006
R65C14_S1142,RV,0.05922523,0.94077474
R65C14_S1142.1,RV,0.05922523,0.94077474
R65C20_S1143,RV,0.18844396,0.811556
R65C20_S1143.1,RV,0.18844396,0.811556
R65C21_S1144,RV,0.08149505,0.9185049
R65C21_S1144.1,RV,0.08149505,0.9185049
R65C22_S1145,RV,0.24169326,0.75830674
R65C22_S1145.1,RV,0.24169326,0.75830674
R65C25_S1146,RV,0.34415543,0.65584457
R65C25_S1146.1,RV,0.34415543,0.65584457
R65C30_S1147,RV,0.12668772,0.8733123
R65C30_S1147.1,RV,0.12668772,0.8733123
R65C34_S1148,RV,0.12612334,0.8738767
R65C34_S1148.1,RV,0.12612334,0.8738767
R65C37_S1149,RV,0.11247745,0.8875226
R65C37_S1149.1,RV,0.11247745,0.8875226
R65C40_S1150,RV,0.09711621,0.90288377
R65C40_S1150.1,RV,0.09711621,0.90288377
R65C43_S1151,RV,0.15712346,0.8428765
R65C43_S1151.1,RV,0.15712346,0.8428765
R65C44_S1152,RV,0.19451745,0.80548257
R65C44_S1152.1,RV,0.19451745,0.80548257
R65C49_S1154,RV,0.17217503,0.827825
R65C49_S1154.1,RV,0.17217503,0.827825
R65C52_S1155,RV,0.11477241,0.8852276
R65C52_S1155.1,RV,0.11477241,0.8852276
R65C60_S1156,RV,0.08485185,0.9151481
R65C60_S1156.1,RV,0.08485185,0.9151481
R65C67_S1158,RV,0.1500587,0.8499413
R65C67_S1158.1,RV,0.1500587,0.8499413
R65C71_S1159,RV,0.07977813,0.92022187
R65C71_S1159.1,RV,0.07977813,0.92022187
R65C8_S1139,RV,0.26754758,0.73245245
R65C8_S1139.1,RV,0.26754758,0.73245245
R66C11_S1164,RV,0.0860794,0.9139205
R66C11_S1164.1,RV,0.0860794,0.9139205
R66C15_S1165,RV,0.1892573,0.8107427
R66C15_S1165.1,RV,0.1892573,0.8107427
R66C17_S1166,RV,0.17611748,0.8238825
R66C17_S1166.1,RV,0.17611748,0.8238825
R66C2_S1160,RV,0.07835461,0.9216454
R66C2_S1160.1,RV,0.07835461,0.9216454
R66C20_S1167,RV,0.063633874,0.9363661
R66C20_S1167.1,RV,0.063633874,0.9363661
R66C22_S1169,RV,0.084239386,0.9157606
R66C22_S1169.1,RV,0.084239386,0.9157606
R66C23_S1170,RV,0.059311494,0.94068855
R66C23_S1170.1,RV,0.059311494,0.94068855
R66C27_S1171,RV,0.12403568,0.87596434
R66C27_S1171.1,RV,0.12403568,0.87596434
R66C28_S1172,RV,0.06892227,0.9310777
R66C28_S1172.1,RV,0.06892227,0.9310777
R66C29_S1173,RV,0.13220207,0.867798
R66C29_S1173.1,RV,0.13220207,0.867798
R66C34_S1174,RV,0.06532726,0.9346727
R66C34_S1174.1,RV,0.06532726,0.9346727
R66C40_S1176,RV,0.044788543,0.95521146
R66C40_S1176.1,RV,0.044788543,0.95521146
R66C45_S1178,RV,0.36089236,0.63910764
R66C45_S1178.1,RV,0.36089236,0.63910764
R66C52_S1179,RV,0.054313753,0.9456863
R66C52_S1179.1,RV,0.054313753,0.9456863
R66C60_S1180,RV,0.06750224,0.93249774
R66C60_S1180.1,RV,0.06750224,0.93249774
R66C63_S1181,RV,0.19899781,0.8010022
R66C63_S1181.1,RV,0.19899781,0.8010022
R66C64_S1182,RV,0.31867588,0.68132406
R66C64_S1182.1,RV,0.31867588,0.68132406
R66C67_S1183,RV,0.10546376,0.8945362
R66C67_S1183.1,RV,0.10546376,0.8945362
R66C7_S1162,RV,0.17185095,0.828149
R66C7_S1162.1,RV,0.17185095,0.828149
R66C70_S1184,RV,0.15999939,0.84000057
R66C70_S1184.1,RV,0.15999939,0.84000057
R66C9_S1163,RV,0.07047591,0.92952406
R66C9_S1163.1,RV,0.07047591,0.92952406
R67C11_S1191,RV,0.12555093,0.874449
R67C11_S1191.1,RV,0.12555093,0.874449
R67C12_S1192,RV,0.13203494,0.86796504
R67C12_S1192.1,RV,0.13203494,0.86796504
R67C17_S1194,RV,0.17835379,0.82164615
R67C17_S1194.1,RV,0.17835379,0.82164615
R67C20_S1195,RV,0.09465526,0.9053447
R67C20_S1195.1,RV,0.09465526,0.9053447
R67C3_S1186,RV,0.04808782,0.95191216
R67C3_S1186.1,RV,0.04808782,0.95191216
R67C36_S1201,RV,0.1587668,0.84123313
R67C36_S1201.1,RV,0.1587668,0.84123313
R67C52_S1204,RV,0.057091225,0.9429088
R67C52_S1204.1,RV,0.057091225,0.9429088
R67C59_S1206,RV,0.10733979,0.8926602
R67C59_S1206.1,RV,0.10733979,0.8926602
R67C6_S1187,RV,0.11630177,0.8836982
R67C6_S1187.1,RV,0.11630177,0.8836982
R67C64_S1208,RV,0.16083868,0.8391613
R67C64_S1208.1,RV,0.16083868,0.8391613
R67C65_S1209,RV,0.17460914,0.82539093
R67C65_S1209.1,RV,0.17460914,0.82539093
R67C7_S1188,RV,0.10164682,0.89835316
R67C7_S1188.1,RV,0.10164682,0.89835316
R67C8_S1189,RV,0.08905244,0.91094756
R67C8_S1189.1,RV,0.08905244,0.91094756
R68C0_S1211,RV,0.13734406,0.86265594
R68C0_S1211.1,RV,0.13734406,0.86265594
R68C6_S1212,RV,0.13773699,0.86226296
R68C6_S1212.1,RV,0.13773699,0.86226296
R69C12_S1217,RV,0.2625179,0.7374821
R69C12_S1217.1,RV,0.2625179,0.7374821
R69C25_S1219,RV,0.057657726,0.9423422
R69C25_S1219.1,RV,0.057657726,0.9423422
R69C29_S1220,RV,0.10136202,0.898638
R69C29_S1220.1,RV,0.10136202,0.898638
R69C36_S1221,RV,0.28066158,0.7193384
R69C36_S1221.1,RV,0.28066158,0.7193384
R69C41_S1222,RV,0.07046768,0.9295323
R69C41_S1222.1,RV,0.07046768,0.9295323
R69C42_S1223,RV,0.20233437,0.7976656
R69C42_S1223.1,RV,0.20233437,0.7976656
R69C47_S1224,RV,0.0877512,0.91224885
R69C47_S1224.1,RV,0.0877512,0.91224885
R69C49_S1225,RV,0.07395474,0.9260453
R69C49_S1225.1,RV,0.07395474,0.9260453
R69C62_S1227,RV,0.14885797,0.851142
R69C62_S1227.1,RV,0.14885797,0.851142
R69C65_S1228,RV,0.056407288,0.9435927
R69C65_S1228.1,RV,0.056407288,0.9435927
R69C66_S1229,RV,0.07331352,0.92668647
R69C66_S1229.1,RV,0.07331352,0.92668647
R6C1_S116,RV,0.19995873,0.80004126
R6C1_S116.1,RV,0.19995873,0.80004126
R6C2_S117,RV,0.0907492,0.9092508
R6C2_S117.1,RV,0.0907492,0.9092508
R6C27_S120,RV,0.23944318,0.76055676
R6C27_S120.1,RV,0.23944318,0.76055676
R6C29_S121,RV,0.072409496,0.9275905
R6C29_S121.1,RV,0.072409496,0.9275905
R6C32_S122,RV,0.17981625,0.82018375
R6C32_S122.1,RV,0.17981625,0.82018375
R6C36_S123,RV,0.06266495,0.9373351
R6C36_S123.1,RV,0.06266495,0.9373351
R6C37_S124,RV,0.10156073,0.8984393
R6C37_S124.1,RV,0.10156073,0.8984393
R6C4_S118,RV,0.18886545,0.8111345
R6C4_S118.1,RV,0.18886545,0.8111345
R6C41_S125,RV,0.17729475,0.82270527
R6C41_S125.1,RV,0.17729475,0.82270527
R6C45_S126,RV,0.19831008,0.80169
R6C45_S126.1,RV,0.19831008,0.80169
R6C48_S127,RV,0.14492716,0.8550728
R6C48_S127.1,RV,0.14492716,0.8550728
R6C50_S128,RV,0.17827839,0.8217217
R6C50_S128.1,RV,0.17827839,0.8217217
R6C51_S129,RV,0.29806042,0.7019396
R6C51_S129.1,RV,0.29806042,0.7019396
R6C54_S130,RV,0.12140717,0.8785928
R6C54_S130.1,RV,0.12140717,0.8785928
R6C58_S131,RV,0.2060829,0.7939172
R6C58_S131.1,RV,0.2060829,0.7939172
R6C59_S132,RV,0.09996275,0.9000372
R6C59_S132.1,RV,0.09996275,0.9000372
R6C6_S119,RV,0.18541388,0.81458616
R6C6_S119.1,RV,0.18541388,0.81458616
R6C61_S133,RV,0.09578841,0.9042116
R6C61_S133.1,RV,0.09578841,0.9042116
R6C63_S134,RV,0.22579257,0.7742074
R6C63_S134.1,RV,0.22579257,0.7742074
R6C66_S135,RV,0.13890769,0.8610923
R6C66_S135.1,RV,0.13890769,0.8610923
R6C70_S136,RV,0.24404746,0.75595254
R6C70_S136.1,RV,0.24404746,0.75595254
R6C71_S137,RV,0.14483458,0.85516536
R6C71_S137.1,RV,0.14483458,0.85516536
R70C20_S1236,RV,0.20499858,0.79500145
R70C20_S1236.1,RV,0.20499858,0.79500145
R70C23_S1237,RV,0.10456256,0.8954374
R70C23_S1237.1,RV,0.10456256,0.8954374
R70C25_S1238,RV,0.10017385,0.89982617
R70C25_S1238.1,RV,0.10017385,0.89982617
R70C33_S1239,RV,0.15050352,0.8494965
R70C33_S1239.1,RV,0.15050352,0.8494965
R70C35_S1240,RV,0.246685,0.753315
R70C35_S1240.1,RV,0.246685,0.753315
R70C36_S1241,RV,0.05639105,0.94360894
R70C36_S1241.1,RV,0.05639105,0.94360894
R70C37_S1242,RV,0.12844872,0.8715513
R70C37_S1242.1,RV,0.12844872,0.8715513
R70C39_S1243,RV,0.06333629,0.9366637
R70C39_S1243.1,RV,0.06333629,0.9366637
R70C4_S1232,RV,0.0662312,0.93376875
R70C4_S1232.1,RV,0.0662312,0.93376875
R70C47_S1245,RV,0.10925601,0.890744
R70C47_S1245.1,RV,0.10925601,0.890744
R70C48_S1246,RV,0.08630452,0.91369545
R70C48_S1246.1,RV,0.08630452,0.91369545
R70C5_S1233,RV,0.20699808,0.7930019
R70C5_S1233.1,RV,0.20699808,0.7930019
R70C53_S1248,RV,0.13028617,0.8697138
R70C53_S1248.1,RV,0.13028617,0.8697138
R70C63_S1250,RV,0.054975145,0.9450249
R70C63_S1250.1,RV,0.054975145,0.9450249
R70C69_S1252,RV,0.085947566,0.91405237
R70C69_S1252.1,RV,0.085947566,0.91405237
R70C8_S1234,RV,0.22371243,0.7762876
R70C8_S1234.1,RV,0.22371243,0.7762876
R71C17_S1259,RV,0.09090271,0.9090973
R71C17_S1259.1,RV,0.09090271,0.9090973
R71C18_S1260,RV,0.2080407,0.7919593
R71C18_S1260.1,RV,0.2080407,0.7919593
R71C19_S1261,RV,0.1249655,0.8750346
R71C19_S1261.1,RV,0.1249655,0.8750346
R71C20_S1262,RV,0.16406178,0.8359382
R71C20_S1262.1,RV,0.16406178,0.8359382
R71C23_S1263,RV,0.12789553,0.87210447
R71C23_S1263.1,RV,0.12789553,0.87210447
R71C29_S1264,RV,0.21122529,0.7887747
R71C29_S1264.1,RV,0.21122529,0.7887747
R71C37_S1265,RV,0.15737712,0.8426229
R71C37_S1265.1,RV,0.15737712,0.8426229
R71C38_S1266,RV,0.10478674,0.89521325
R71C38_S1266.1,RV,0.10478674,0.89521325
R71C43_S1267,RV,0.2285517,0.7714483
R71C43_S1267.1,RV,0.2285517,0.7714483
R71C46_S1268,RV,0.060506668,0.9394933
R71C46_S1268.1,RV,0.060506668,0.9394933
R71C54_S1270,RV,0.086746015,0.913254
R71C54_S1270.1,RV,0.086746015,0.913254
R71C59_S1272,RV,0.042128447,0.95787156
R71C59_S1272.1,RV,0.042128447,0.95787156
R71C61_S1273,RV,0.06674147,0.9332585
R71C61_S1273.1,RV,0.06674147,0.9332585
R71C65_S1274,RV,0.08117436,0.9188256
R71C65_S1274.1,RV,0.08117436,0.9188256
R71C9_S1255,RV,0.06326071,0.93673927
R71C9_S1255.1,RV,0.06326071,0.93673927
R7C1_S138,RV,0.2533286,0.7466714
R7C1_S138.1,RV,0.2533286,0.7466714
R7C25_S142,RV,0.16185348,0.8381465
R7C25_S142.1,RV,0.16185348,0.8381465
R7C28_S143,RV,0.3031265,0.69687355
R7C28_S143.1,RV,0.3031265,0.69687355
R7C35_S145,RV,0.3377137,0.6622863
R7C35_S145.1,RV,0.3377137,0.6622863
R7C39_S147,RV,0.12655641,0.8734436
R7C39_S147.1,RV,0.12655641,0.8734436
R7C4_S139,RV,0.10697822,0.89302176
R7C4_S139.1,RV,0.10697822,0.89302176
R7C43_S148,RV,0.08317301,0.916827
R7C43_S148.1,RV,0.08317301,0.916827
R7C44_S149,RV,0.27009946,0.72990054
R7C44_S149.1,RV,0.27009946,0.72990054
R7C48_S150,RV,0.23752233,0.76247764
R7C48_S150.1,RV,0.23752233,0.76247764
R7C49_S151,RV,0.10440208,0.89559793
R7C49_S151.1,RV,0.10440208,0.89559793
R7C5_S140,RV,0.20118289,0.79881716
R7C5_S140.1,RV,0.20118289,0.79881716
R7C55_S153,RV,0.23486161,0.7651384
R7C55_S153.1,RV,0.23486161,0.7651384
R7C57_S154,RV,0.18105437,0.8189457
R7C57_S154.1,RV,0.18105437,0.8189457
R7C65_S156,RV,0.22492303,0.7750769
R7C65_S156.1,RV,0.22492303,0.7750769
R7C9_S141,RV,0.24321,0.75679
R7C9_S141.1,RV,0.24321,0.75679
R8C10_S157,RV,0.34367332,0.65632665
R8C10_S157.1,RV,0.34367332,0.65632665
R8C24_S158,RV,0.41886458,0.58113545
R8C24_S158.1,RV,0.41886458,0.58113545
R8C40_S160,RV,0.22449102,0.775509
R8C40_S160.1,RV,0.22449102,0.775509
R8C64_S161,RV,0.2885758,0.71142423
R8C64_S161.1,RV,0.2885758,0.71142423
R9C23_S167,RV,0.34465182,0.65534824
R9C23_S167.1,RV,0.34465182,0.65534824
R9C24_S168,RV,0.21849635,0.7815036
R9C24_S168.1,RV,0.21849635,0.7815036
R9C3_S164,RV,0.24026799,0.759732
R9C3_S164.1,RV,0.24026799,0.759732
R9C36_S170,RV,0.073949955,0.92605007
R9C36_S170.1,RV,0.073949955,0.92605007
R9C37_S171,RV,0.24430032,0.7556997
R9C37_S171.1,RV,0.24430032,0.7556997
R9C49_S173,RV,0.40355048,0.5964495
R9C49_S173.1,RV,0.40355048,0.5964495
R9C5_S165,RV,0.2650615,0.73493844
R9C5_S165.1,RV,0.2650615,0.73493844
R9C51_S174,RV,0.19906297,0.80093706
R9C51_S174.1,RV,0.19906297,0.80093706
R9C57_S175,RV,0.048219547,0.9517804
R9C57_S175.1,RV,0.048219547,0.9517804
R9C62_S176,RV,0.094062224,0.9059378
R9C62_S176.1,RV,0.094062224,0.9059378
R9C66_S177,RV,0.15304239,0.8469576
R9C66_S177.1,RV,0.15304239,0.8469576
